0 verbose cli /usr/local/bin/node /usr/local/lib/node_modules/npm/bin/npm-cli.js
1 info using npm@11.8.0
2 info using node@v22.17.0
3 silly config load:file:/usr/local/lib/node_modules/npm/npmrc
4 silly config load:file:/Users/miguelfribeiro/Documents/SecLayer/.npmrc
5 silly config load:file:/Users/miguelfribeiro/.npmrc
6 silly config load:file:/Users/miguelfribeiro/.npm-global/etc/npmrc
7 verbose title npm exec vercel --version
8 verbose argv "exec" "--cache" "./.npm-cache" "--" "vercel" "--version"
9 verbose logfile logs-max:10 dir:/Users/miguelfribeiro/Documents/SecLayer/.npm-cache/_logs/2026-05-10T23_36_40_126Z-
10 verbose logfile /Users/miguelfribeiro/Documents/SecLayer/.npm-cache/_logs/2026-05-10T23_36_40_126Z-debug-0.log
11 silly logfile done cleaning log files
12 silly packumentCache heap:4345298944 maxSize:1086324736 maxEntrySize:543162368
13 verbose shrinkwrap failed to load node_modules/.package-lock.json out of date, updated: node_modules
14 http fetch GET 200 https://registry.npmjs.org/vercel 157ms (cache miss)
15 silly packumentCache heap:4345298944 maxSize:1086324736 maxEntrySize:543162368
16 silly packumentCache heap:4345298944 maxSize:1086324736 maxEntrySize:543162368
17 warn exec The following package was not found and will be installed: vercel@53.3.2
18 silly idealTree buildDeps
19 silly fetch manifest vercel@53.3.2
20 silly packumentCache full:https://registry.npmjs.org/vercel cache-miss
21 http cache https://registry.npmjs.org/vercel 8ms (cache hit)
22 silly packumentCache full:https://registry.npmjs.org/vercel set size:7350168 disposed:false
23 silly placeDep ROOT vercel@53.3.2 OK for:  want: 53.3.2
24 silly fetch manifest @vercel/blob@2.3.0
25 silly packumentCache full:https://registry.npmjs.org/@vercel%2fblob cache-miss
26 silly fetch manifest @vercel/fun@1.3.0
27 silly packumentCache full:https://registry.npmjs.org/@vercel%2ffun cache-miss
28 silly fetch manifest chokidar@4.0.0
29 silly packumentCache full:https://registry.npmjs.org/chokidar cache-miss
30 silly fetch manifest smol-toml@1.5.2
31 silly packumentCache full:https://registry.npmjs.org/smol-toml cache-miss
32 silly fetch manifest esbuild@0.27.0
33 silly packumentCache full:https://registry.npmjs.org/esbuild cache-miss
34 silly fetch manifest form-data@^4.0.0
35 silly packumentCache full:https://registry.npmjs.org/form-data cache-miss
36 silly fetch manifest jose@5.9.6
37 silly packumentCache full:https://registry.npmjs.org/jose cache-miss
38 silly fetch manifest luxon@^3.4.0
39 silly packumentCache full:https://registry.npmjs.org/luxon cache-miss
40 silly fetch manifest proxy-agent@6.4.0
41 silly packumentCache full:https://registry.npmjs.org/proxy-agent cache-miss
42 silly fetch manifest sandbox@2.5.6
43 silly packumentCache full:https://registry.npmjs.org/sandbox cache-miss
44 silly fetch manifest zod@4.1.11
45 silly packumentCache full:https://registry.npmjs.org/zod cache-miss
46 silly fetch manifest @vercel/prepare-flags-definitions@0.2.1
47 silly packumentCache full:https://registry.npmjs.org/@vercel%2fprepare-flags-definitions cache-miss
48 silly fetch manifest @vercel/cli-config@0.1.1
49 silly packumentCache full:https://registry.npmjs.org/@vercel%2fcli-config cache-miss
50 silly fetch manifest @vercel/build-utils@13.22.1
51 silly packumentCache full:https://registry.npmjs.org/@vercel%2fbuild-utils cache-miss
52 silly fetch manifest @vercel/backends@0.4.1
53 silly packumentCache full:https://registry.npmjs.org/@vercel%2fbackends cache-miss
54 http cache https://registry.npmjs.org/@vercel%2ffun 9ms (cache hit)
55 silly packumentCache full:https://registry.npmjs.org/@vercel%2ffun set size:79671 disposed:false
56 silly fetch manifest @vercel/detect-agent@1.2.3
57 silly packumentCache full:https://registry.npmjs.org/@vercel%2fdetect-agent cache-miss
58 http cache https://registry.npmjs.org/chokidar 10ms (cache hit)
59 silly packumentCache full:https://registry.npmjs.org/chokidar set size:255902 disposed:false
60 silly fetch manifest @vercel/elysia@0.1.75
61 silly packumentCache full:https://registry.npmjs.org/@vercel%2felysia cache-miss
62 http cache https://registry.npmjs.org/form-data 11ms (cache hit)
63 silly packumentCache full:https://registry.npmjs.org/form-data set size:153646 disposed:false
64 silly fetch manifest @vercel/express@0.1.85
65 silly packumentCache full:https://registry.npmjs.org/@vercel%2fexpress cache-miss
66 http cache https://registry.npmjs.org/@vercel%2fprepare-flags-definitions 11ms (cache hit)
67 silly packumentCache full:https://registry.npmjs.org/@vercel%2fprepare-flags-definitions set size:116913 disposed:false
68 silly fetch manifest @vercel/fastify@0.1.78
69 silly packumentCache full:https://registry.npmjs.org/@vercel%2ffastify cache-miss
70 http cache https://registry.npmjs.org/sandbox 12ms (cache hit)
71 silly packumentCache full:https://registry.npmjs.org/sandbox set size:157000 disposed:false
72 silly fetch manifest @vercel/go@3.6.0
73 silly packumentCache full:https://registry.npmjs.org/@vercel%2fgo cache-miss
74 http cache https://registry.npmjs.org/@vercel%2fblob 14ms (cache hit)
75 silly packumentCache full:https://registry.npmjs.org/@vercel%2fblob set size:1009710 disposed:false
76 silly fetch manifest @vercel/h3@0.1.84
77 silly packumentCache full:https://registry.npmjs.org/@vercel%2fh3 cache-miss
78 http cache https://registry.npmjs.org/esbuild 17ms (cache hit)
79 silly packumentCache full:https://registry.npmjs.org/esbuild set size:1254708 disposed:false
80 silly fetch manifest @vercel/hydrogen@1.3.7
81 silly packumentCache full:https://registry.npmjs.org/@vercel%2fhydrogen cache-miss
82 http cache https://registry.npmjs.org/luxon 18ms (cache hit)
83 silly packumentCache full:https://registry.npmjs.org/luxon set size:511002 disposed:false
84 silly fetch manifest @vercel/nestjs@0.2.79
85 silly packumentCache full:https://registry.npmjs.org/@vercel%2fnestjs cache-miss
86 http cache https://registry.npmjs.org/@vercel%2fcli-config 20ms (cache hit)
87 silly packumentCache full:https://registry.npmjs.org/@vercel%2fcli-config set size:46391 disposed:false
88 silly fetch manifest @vercel/hono@0.2.78
89 silly packumentCache full:https://registry.npmjs.org/@vercel%2fhono cache-miss
90 http cache https://registry.npmjs.org/jose 21ms (cache hit)
91 silly packumentCache full:https://registry.npmjs.org/jose set size:1413195 disposed:false
92 silly fetch manifest @vercel/koa@0.1.58
93 silly packumentCache full:https://registry.npmjs.org/@vercel%2fkoa cache-miss
94 http cache https://registry.npmjs.org/smol-toml 25ms (cache hit)
95 silly packumentCache full:https://registry.npmjs.org/smol-toml set size:66896 disposed:false
96 silly fetch manifest @vercel/next@4.17.1
97 silly packumentCache full:https://registry.npmjs.org/@vercel%2fnext cache-miss
98 http cache https://registry.npmjs.org/zod 26ms (cache hit)
99 silly packumentCache full:https://registry.npmjs.org/zod set size:3552562 disposed:false
100 silly fetch manifest @vercel/node@5.7.17
101 silly packumentCache full:https://registry.npmjs.org/@vercel%2fnode cache-miss
102 http cache https://registry.npmjs.org/proxy-agent 34ms (cache hit)
103 silly packumentCache full:https://registry.npmjs.org/proxy-agent set size:78600 disposed:false
104 silly fetch manifest @vercel/python@6.39.0
105 silly packumentCache full:https://registry.npmjs.org/@vercel%2fpython cache-miss
106 http cache https://registry.npmjs.org/@vercel%2fbuild-utils 36ms (cache hit)
107 silly packumentCache full:https://registry.npmjs.org/@vercel%2fbuild-utils set size:2205163 disposed:false
108 silly fetch manifest @vercel/redwood@2.4.13
109 silly packumentCache full:https://registry.npmjs.org/@vercel%2fredwood cache-miss
110 http cache https://registry.npmjs.org/@vercel%2fbackends 42ms (cache hit)
111 silly packumentCache full:https://registry.npmjs.org/@vercel%2fbackends set size:466452 disposed:false
112 silly fetch manifest @vercel/remix-builder@5.8.1
113 silly packumentCache full:https://registry.npmjs.org/@vercel%2fremix-builder cache-miss
114 http cache https://registry.npmjs.org/@vercel%2fdetect-agent 36ms (cache hit)
115 silly packumentCache full:https://registry.npmjs.org/@vercel%2fdetect-agent set size:47742 disposed:false
116 silly fetch manifest @vercel/ruby@2.3.2
117 silly packumentCache full:https://registry.npmjs.org/@vercel%2fruby cache-miss
118 http cache https://registry.npmjs.org/@vercel%2fexpress 35ms (cache hit)
119 silly packumentCache full:https://registry.npmjs.org/@vercel%2fexpress set size:264418 disposed:false
120 silly fetch manifest @vercel/static-build@2.9.24
121 silly packumentCache full:https://registry.npmjs.org/@vercel%2fstatic-build cache-miss
122 http cache https://registry.npmjs.org/@vercel%2felysia 37ms (cache hit)
123 silly packumentCache full:https://registry.npmjs.org/@vercel%2felysia set size:447388 disposed:false
124 silly fetch manifest @vercel/rust@1.2.0
125 silly packumentCache full:https://registry.npmjs.org/@vercel%2frust cache-miss
126 http cache https://registry.npmjs.org/@vercel%2ffastify 36ms (cache hit)
127 silly packumentCache full:https://registry.npmjs.org/@vercel%2ffastify set size:527360 disposed:false
128 http cache https://registry.npmjs.org/@vercel%2fgo 37ms (cache hit)
129 silly packumentCache full:https://registry.npmjs.org/@vercel%2fgo set size:1072680 disposed:false
130 http cache https://registry.npmjs.org/@vercel%2fhydrogen 34ms (cache hit)
131 silly packumentCache full:https://registry.npmjs.org/@vercel%2fhydrogen set size:404326 disposed:false
132 http cache https://registry.npmjs.org/@vercel%2fnestjs 33ms (cache hit)
133 silly packumentCache full:https://registry.npmjs.org/@vercel%2fnestjs set size:230425 disposed:false
134 http cache https://registry.npmjs.org/@vercel%2fh3 39ms (cache hit)
135 silly packumentCache full:https://registry.npmjs.org/@vercel%2fh3 set size:263707 disposed:false
136 http cache https://registry.npmjs.org/@vercel%2fhono 35ms (cache hit)
137 silly packumentCache full:https://registry.npmjs.org/@vercel%2fhono set size:358352 disposed:false
138 http cache https://registry.npmjs.org/@vercel%2fkoa 33ms (cache hit)
139 silly packumentCache full:https://registry.npmjs.org/@vercel%2fkoa set size:516343 disposed:false
140 http cache https://registry.npmjs.org/@vercel%2fnext 35ms (cache hit)
141 silly packumentCache full:https://registry.npmjs.org/@vercel%2fnext set size:2157233 disposed:false
142 http cache https://registry.npmjs.org/@vercel%2fpython 30ms (cache hit)
143 silly packumentCache full:https://registry.npmjs.org/@vercel%2fpython set size:1231878 disposed:false
144 http cache https://registry.npmjs.org/@vercel%2fnode 35ms (cache hit)
145 silly packumentCache full:https://registry.npmjs.org/@vercel%2fnode set size:2141962 disposed:false
146 http cache https://registry.npmjs.org/@vercel%2fredwood 33ms (cache hit)
147 silly packumentCache full:https://registry.npmjs.org/@vercel%2fredwood set size:977755 disposed:false
148 http cache https://registry.npmjs.org/@vercel%2fremix-builder 32ms (cache hit)
149 silly packumentCache full:https://registry.npmjs.org/@vercel%2fremix-builder set size:342014 disposed:false
150 http cache https://registry.npmjs.org/@vercel%2frust 29ms (cache hit)
151 silly packumentCache full:https://registry.npmjs.org/@vercel%2frust set size:156084 disposed:false
152 http cache https://registry.npmjs.org/@vercel%2fstatic-build 32ms (cache hit)
153 silly packumentCache full:https://registry.npmjs.org/@vercel%2fstatic-build set size:1684308 disposed:false
154 http cache https://registry.npmjs.org/@vercel%2fruby 38ms (cache hit)
155 silly packumentCache full:https://registry.npmjs.org/@vercel%2fruby set size:985530 disposed:false
156 silly placeDep ROOT @vercel/backends@0.4.1 OK for: vercel@53.3.2 want: 0.4.1
157 silly placeDep ROOT @vercel/blob@2.3.0 OK for: vercel@53.3.2 want: 2.3.0
158 silly placeDep ROOT @vercel/build-utils@13.22.1 OK for: vercel@53.3.2 want: 13.22.1
159 silly placeDep ROOT @vercel/cli-config@0.1.1 OK for: vercel@53.3.2 want: 0.1.1
160 silly placeDep ROOT @vercel/detect-agent@1.2.3 OK for: vercel@53.3.2 want: 1.2.3
161 silly placeDep ROOT @vercel/elysia@0.1.75 OK for: vercel@53.3.2 want: 0.1.75
162 silly placeDep ROOT @vercel/express@0.1.85 OK for: vercel@53.3.2 want: 0.1.85
163 silly placeDep ROOT @vercel/fastify@0.1.78 OK for: vercel@53.3.2 want: 0.1.78
164 silly placeDep ROOT @vercel/fun@1.3.0 OK for: vercel@53.3.2 want: 1.3.0
165 silly placeDep ROOT @vercel/go@3.6.0 OK for: vercel@53.3.2 want: 3.6.0
166 silly placeDep ROOT @vercel/h3@0.1.84 OK for: vercel@53.3.2 want: 0.1.84
167 silly placeDep ROOT @vercel/hono@0.2.78 OK for: vercel@53.3.2 want: 0.2.78
168 silly placeDep ROOT @vercel/hydrogen@1.3.7 OK for: vercel@53.3.2 want: 1.3.7
169 silly placeDep ROOT @vercel/koa@0.1.58 OK for: vercel@53.3.2 want: 0.1.58
170 silly placeDep ROOT @vercel/nestjs@0.2.79 OK for: vercel@53.3.2 want: 0.2.79
171 silly placeDep ROOT @vercel/next@4.17.1 OK for: vercel@53.3.2 want: 4.17.1
172 silly placeDep ROOT @vercel/node@5.7.17 OK for: vercel@53.3.2 want: 5.7.17
173 silly placeDep ROOT @vercel/prepare-flags-definitions@0.2.1 OK for: vercel@53.3.2 want: 0.2.1
174 silly placeDep ROOT @vercel/python@6.39.0 OK for: vercel@53.3.2 want: 6.39.0
175 silly placeDep ROOT @vercel/redwood@2.4.13 OK for: vercel@53.3.2 want: 2.4.13
176 silly placeDep ROOT @vercel/remix-builder@5.8.1 OK for: vercel@53.3.2 want: 5.8.1
177 silly placeDep ROOT @vercel/ruby@2.3.2 OK for: vercel@53.3.2 want: 2.3.2
178 silly placeDep ROOT @vercel/rust@1.2.0 OK for: vercel@53.3.2 want: 1.2.0
179 silly placeDep ROOT @vercel/static-build@2.9.24 OK for: vercel@53.3.2 want: 2.9.24
180 silly placeDep ROOT chokidar@4.0.0 OK for: vercel@53.3.2 want: 4.0.0
181 silly placeDep ROOT esbuild@0.27.0 OK for: vercel@53.3.2 want: 0.27.0
182 silly placeDep ROOT form-data@4.0.5 OK for: vercel@53.3.2 want: ^4.0.0
183 silly placeDep ROOT jose@5.9.6 OK for: vercel@53.3.2 want: 5.9.6
184 silly placeDep ROOT luxon@3.7.2 OK for: vercel@53.3.2 want: ^3.4.0
185 silly placeDep ROOT proxy-agent@6.4.0 OK for: vercel@53.3.2 want: 6.4.0
186 silly placeDep ROOT sandbox@2.5.6 OK for: vercel@53.3.2 want: 2.5.6
187 silly placeDep ROOT smol-toml@1.5.2 OK for: vercel@53.3.2 want: 1.5.2
188 silly placeDep ROOT zod@4.1.11 OK for: vercel@53.3.2 want: 4.1.11
189 silly fetch manifest @yarnpkg/parsers@^3.0.0
190 silly packumentCache full:https://registry.npmjs.org/@yarnpkg%2fparsers cache-miss
191 silly fetch manifest js-yaml@^3.13.1
192 silly packumentCache full:https://registry.npmjs.org/js-yaml cache-miss
193 silly fetch manifest @vercel/nft@1.5.0
194 silly packumentCache full:https://registry.npmjs.org/@vercel%2fnft cache-miss
195 silly fetch manifest execa@3.2.0
196 silly packumentCache full:https://registry.npmjs.org/execa cache-miss
197 silly fetch manifest fs-extra@11.1.0
198 silly packumentCache full:https://registry.npmjs.org/fs-extra cache-miss
199 silly fetch manifest oxc-transform@0.111.0
200 silly packumentCache full:https://registry.npmjs.org/oxc-transform cache-miss
201 silly fetch manifest path-to-regexp@8.3.0
202 silly packumentCache full:https://registry.npmjs.org/path-to-regexp cache-miss
203 silly fetch manifest resolve.exports@2.0.3
204 silly packumentCache full:https://registry.npmjs.org/resolve.exports cache-miss
205 silly fetch manifest rolldown@1.0.0-rc.1
206 silly packumentCache full:https://registry.npmjs.org/rolldown cache-miss
207 silly fetch manifest srvx@0.8.9
208 silly packumentCache full:https://registry.npmjs.org/srvx cache-miss
209 silly fetch manifest tsx@4.21.0
210 silly packumentCache full:https://registry.npmjs.org/tsx cache-miss
211 silly fetch manifest zod@3.22.4
212 silly packumentCache full:https://registry.npmjs.org/zod cache-miss
213 silly fetch manifest undici@^6.23.0
214 silly packumentCache full:https://registry.npmjs.org/undici cache-miss
215 silly fetch manifest is-buffer@^2.0.5
216 silly packumentCache full:https://registry.npmjs.org/is-buffer cache-miss
217 silly fetch manifest throttleit@^2.1.0
218 silly packumentCache full:https://registry.npmjs.org/throttleit cache-miss
219 http cache https://registry.npmjs.org/js-yaml 6ms (cache hit)
220 silly packumentCache full:https://registry.npmjs.org/js-yaml set size:152232 disposed:false
221 silly fetch manifest async-retry@^1.3.3
222 silly packumentCache full:https://registry.npmjs.org/async-retry cache-miss
223 http cache https://registry.npmjs.org/@yarnpkg%2fparsers 7ms (cache hit)
224 silly packumentCache full:https://registry.npmjs.org/@yarnpkg%2fparsers set size:334862 disposed:false
225 silly fetch manifest is-node-process@^1.2.0
226 silly packumentCache full:https://registry.npmjs.org/is-node-process cache-miss
227 http cache https://registry.npmjs.org/execa 7ms (cache hit)
228 silly packumentCache full:https://registry.npmjs.org/execa set size:181234 disposed:false
229 silly fetch manifest cjs-module-lexer@1.2.3
230 silly packumentCache full:https://registry.npmjs.org/cjs-module-lexer cache-miss
231 http cache https://registry.npmjs.org/fs-extra 8ms (cache hit)
232 silly packumentCache full:https://registry.npmjs.org/fs-extra set size:234923 disposed:false
233 silly fetch manifest es-module-lexer@1.5.0
234 silly packumentCache full:https://registry.npmjs.org/es-module-lexer cache-miss
235 http cache https://registry.npmjs.org/path-to-regexp 9ms (cache hit)
236 silly packumentCache full:https://registry.npmjs.org/path-to-regexp set size:216334 disposed:false
237 silly fetch manifest @vercel/python-analysis@0.11.1
238 silly packumentCache full:https://registry.npmjs.org/@vercel%2fpython-analysis cache-miss
239 http cache https://registry.npmjs.org/oxc-transform 11ms (cache hit)
240 silly packumentCache full:https://registry.npmjs.org/oxc-transform set size:455438 disposed:false
241 silly fetch manifest xdg-app-paths@5
242 silly packumentCache full:https://registry.npmjs.org/xdg-app-paths cache-miss
243 http cache https://registry.npmjs.org/tsx 13ms (cache hit)
244 silly packumentCache full:https://registry.npmjs.org/tsx set size:289592 disposed:false
245 silly fetch manifest @vercel/static-config@3.3.0
246 silly packumentCache full:https://registry.npmjs.org/@vercel%2fstatic-config cache-miss
247 http cache https://registry.npmjs.org/@vercel%2fnft 15ms (cache hit)
248 silly packumentCache full:https://registry.npmjs.org/@vercel%2fnft set size:576794 disposed:false
249 silly fetch manifest ts-morph@12.0.0
250 silly packumentCache full:https://registry.npmjs.org/ts-morph cache-miss
251 http cache https://registry.npmjs.org/srvx 17ms (cache hit)
252 silly packumentCache full:https://registry.npmjs.org/srvx set size:244533 disposed:false
253 silly fetch manifest zod@3.22.4
254 silly packumentCache full:https://registry.npmjs.org/zod cache-miss
255 http cache https://registry.npmjs.org/rolldown 20ms (cache hit)
256 silly packumentCache full:https://registry.npmjs.org/rolldown set size:3701484 disposed:false
257 silly fetch manifest @vercel/static-config@3.3.0
258 silly packumentCache full:https://registry.npmjs.org/@vercel%2fstatic-config cache-miss
259 http cache https://registry.npmjs.org/zod 34ms (cache hit)
260 silly packumentCache full:https://registry.npmjs.org/zod set size:3552562 disposed:false
261 silly fetch manifest @vercel/cervel@0.1.2
262 silly packumentCache full:https://registry.npmjs.org/@vercel%2fcervel cache-miss
263 http cache https://registry.npmjs.org/throttleit 42ms (cache hit)
264 silly packumentCache full:https://registry.npmjs.org/throttleit set size:14001 disposed:false
265 silly fetch manifest @vercel/static-config@3.3.0
266 silly packumentCache full:https://registry.npmjs.org/@vercel%2fstatic-config cache-miss
267 http cache https://registry.npmjs.org/is-buffer 42ms (cache hit)
268 silly packumentCache full:https://registry.npmjs.org/is-buffer set size:34803 disposed:false
269 silly fetch manifest ms@2.1.1
270 silly packumentCache full:https://registry.npmjs.org/ms cache-miss
271 http cache https://registry.npmjs.org/undici 46ms (cache hit)
272 silly packumentCache full:https://registry.npmjs.org/undici set size:1406126 disposed:false
273 silly fetch manifest tar@7.5.7
274 silly packumentCache full:https://registry.npmjs.org/tar cache-miss
275 http cache https://registry.npmjs.org/resolve.exports 50ms (cache hit)
276 silly packumentCache full:https://registry.npmjs.org/resolve.exports set size:49558 disposed:false
277 silly fetch manifest debug@4.3.4
278 silly packumentCache full:https://registry.npmjs.org/debug cache-miss
279 http cache https://registry.npmjs.org/@vercel%2fcervel 11ms (cache hit)
280 silly packumentCache full:https://registry.npmjs.org/@vercel%2fcervel set size:242356 disposed:false
281 silly fetch manifest micro@9.3.5-canary.3
282 silly packumentCache full:https://registry.npmjs.org/micro cache-miss
283 http cache https://registry.npmjs.org/is-node-process 47ms (cache hit)
284 silly packumentCache full:https://registry.npmjs.org/is-node-process set size:12779 disposed:false
285 silly fetch manifest semver@7.5.4
286 silly packumentCache full:https://registry.npmjs.org/semver cache-miss
287 http cache https://registry.npmjs.org/cjs-module-lexer 48ms (cache hit)
288 silly packumentCache full:https://registry.npmjs.org/cjs-module-lexer set size:147092 disposed:false
289 silly fetch manifest tinyexec@0.3.2
290 silly packumentCache full:https://registry.npmjs.org/tinyexec cache-miss
291 http cache https://registry.npmjs.org/async-retry 50ms (cache hit)
292 silly packumentCache full:https://registry.npmjs.org/async-retry set size:51916 disposed:false
293 silly fetch manifest stat-mode@0.3.0
294 silly packumentCache full:https://registry.npmjs.org/stat-mode cache-miss
295 http cache https://registry.npmjs.org/@vercel%2fpython-analysis 46ms (cache hit)
296 silly packumentCache full:https://registry.npmjs.org/@vercel%2fpython-analysis set size:74941 disposed:false
297 silly fetch manifest tree-kill@1.2.2
298 silly packumentCache full:https://registry.npmjs.org/tree-kill cache-miss
299 http cache https://registry.npmjs.org/es-module-lexer 47ms (cache hit)
300 silly packumentCache full:https://registry.npmjs.org/es-module-lexer set size:205389 disposed:false
301 silly fetch manifest node-fetch@2.6.7
302 silly packumentCache full:https://registry.npmjs.org/node-fetch cache-miss
303 http cache https://registry.npmjs.org/xdg-app-paths 45ms (cache hit)
304 silly packumentCache full:https://registry.npmjs.org/xdg-app-paths set size:295911 disposed:false
305 silly fetch manifest promisepipe@3.0.0
306 silly packumentCache full:https://registry.npmjs.org/promisepipe cache-miss
307 http cache https://registry.npmjs.org/@vercel%2fstatic-config 16ms (cache hit)
308 silly packumentCache full:https://registry.npmjs.org/@vercel%2fstatic-config set size:187653 disposed:false
309 silly fetch manifest uid-promise@1.0.0
310 silly packumentCache full:https://registry.npmjs.org/uid-promise cache-miss
311 http cache https://registry.npmjs.org/@vercel%2fstatic-config 27ms (cache hit)
312 silly packumentCache full:https://registry.npmjs.org/@vercel%2fstatic-config set size:187653 disposed:false
313 silly packumentCache full:https://registry.npmjs.org/@vercel%2fstatic-config dispose
314 silly fetch manifest async-listen@1.2.0
315 silly packumentCache full:https://registry.npmjs.org/async-listen cache-miss
316 http cache https://registry.npmjs.org/ts-morph 43ms (cache hit)
317 silly packumentCache full:https://registry.npmjs.org/ts-morph set size:540557 disposed:false
318 silly fetch manifest generic-pool@3.4.2
319 silly packumentCache full:https://registry.npmjs.org/generic-pool cache-miss
320 http cache https://registry.npmjs.org/zod 45ms (cache hit)
321 silly packumentCache full:https://registry.npmjs.org/zod set size:3552562 disposed:false
322 silly fetch manifest xdg-app-paths@5.1.0
323 silly packumentCache full:https://registry.npmjs.org/xdg-app-paths cache-hit
324 silly fetch manifest yauzl-promise@2.1.3
325 silly packumentCache full:https://registry.npmjs.org/yauzl-promise cache-miss
326 http cache https://registry.npmjs.org/ms 27ms (cache hit)
327 silly packumentCache full:https://registry.npmjs.org/ms set size:92208 disposed:false
328 silly fetch manifest path-to-regexp@8.2.0
329 silly packumentCache full:https://registry.npmjs.org/path-to-regexp cache-hit
330 silly fetch manifest @tootallnate/once@2.0.0
331 silly packumentCache full:https://registry.npmjs.org/@tootallnate%2fonce cache-miss
332 http cache https://registry.npmjs.org/@vercel%2fstatic-config 56ms (cache hit)
333 silly packumentCache full:https://registry.npmjs.org/@vercel%2fstatic-config set size:187653 disposed:true
334 silly packumentCache full:https://registry.npmjs.org/@vercel%2fstatic-config dispose
335 silly fetch manifest stream-to-promise@2.2.0
336 silly packumentCache full:https://registry.npmjs.org/stream-to-promise cache-miss
337 http cache https://registry.npmjs.org/tar 21ms (cache hit)
338 silly packumentCache full:https://registry.npmjs.org/tar set size:544656 disposed:false
339 silly fetch manifest @edge-runtime/node-utils@2.3.0
340 silly packumentCache full:https://registry.npmjs.org/@edge-runtime%2fnode-utils cache-miss
341 http cache https://registry.npmjs.org/debug 23ms (cache hit)
342 silly packumentCache full:https://registry.npmjs.org/debug set size:195840 disposed:false
343 silly fetch manifest @edge-runtime/primitives@4.1.0
344 silly packumentCache full:https://registry.npmjs.org/@edge-runtime%2fprimitives cache-miss
345 http cache https://registry.npmjs.org/semver 22ms (cache hit)
346 silly packumentCache full:https://registry.npmjs.org/semver set size:233058 disposed:false
347 silly fetch manifest @edge-runtime/vm@3.2.0
348 silly packumentCache full:https://registry.npmjs.org/@edge-runtime%2fvm cache-miss
349 http cache https://registry.npmjs.org/tinyexec 23ms (cache hit)
350 silly packumentCache full:https://registry.npmjs.org/tinyexec set size:51809 disposed:false
351 silly fetch manifest @types/node@20.11.0
352 silly packumentCache full:https://registry.npmjs.org/@types%2fnode cache-miss
353 http cache https://registry.npmjs.org/promisepipe 20ms (cache hit)
354 silly packumentCache full:https://registry.npmjs.org/promisepipe set size:15681 disposed:false
355 silly fetch manifest async-listen@3.0.0
356 silly packumentCache full:https://registry.npmjs.org/async-listen cache-miss
357 http cache https://registry.npmjs.org/async-listen 20ms (cache hit)
358 silly packumentCache full:https://registry.npmjs.org/async-listen set size:27933 disposed:false
359 silly fetch manifest edge-runtime@2.5.9
360 silly packumentCache full:https://registry.npmjs.org/edge-runtime cache-miss
361 http cache https://registry.npmjs.org/generic-pool 18ms (cache hit)
362 silly packumentCache full:https://registry.npmjs.org/generic-pool set size:193866 disposed:false
363 silly fetch manifest es-module-lexer@1.4.1
364 silly packumentCache full:https://registry.npmjs.org/es-module-lexer cache-hit
365 silly fetch manifest etag@1.8.1
366 silly packumentCache full:https://registry.npmjs.org/etag cache-miss
367 http cache https://registry.npmjs.org/tree-kill 24ms (cache hit)
368 silly packumentCache full:https://registry.npmjs.org/tree-kill set size:24180 disposed:false
369 silly fetch manifest mime-types@2.1.35
370 silly packumentCache full:https://registry.npmjs.org/mime-types cache-miss
371 http cache https://registry.npmjs.org/micro 26ms (cache hit)
372 silly packumentCache full:https://registry.npmjs.org/micro set size:214765 disposed:false
373 silly fetch manifest node-fetch@2.6.9
374 silly packumentCache full:https://registry.npmjs.org/node-fetch cache-miss
375 http cache https://registry.npmjs.org/node-fetch 25ms (cache hit)
376 silly packumentCache full:https://registry.npmjs.org/node-fetch set size:896010 disposed:false
377 silly fetch manifest path-to-regexp-updated@npm:path-to-regexp@6.3.0
378 silly packumentCache full:https://registry.npmjs.org/path-to-regexp cache-hit
379 silly fetch manifest path-to-regexp@6.1.0
380 silly packumentCache full:https://registry.npmjs.org/path-to-regexp cache-hit
381 silly fetch manifest typescript@npm:typescript@5.9.3
382 silly packumentCache full:https://registry.npmjs.org/typescript cache-miss
383 http cache https://registry.npmjs.org/uid-promise 25ms (cache hit)
384 silly packumentCache full:https://registry.npmjs.org/uid-promise set size:28461 disposed:false
385 silly fetch manifest undici@5.28.4
386 silly packumentCache full:https://registry.npmjs.org/undici cache-miss
387 http cache https://registry.npmjs.org/stat-mode 28ms (cache hit)
388 silly packumentCache full:https://registry.npmjs.org/stat-mode set size:18239 disposed:false
389 silly fetch manifest @vercel/error-utils@2.1.0
390 silly packumentCache full:https://registry.npmjs.org/@vercel%2ferror-utils cache-miss
391 http cache https://registry.npmjs.org/yauzl-promise 15ms (cache hit)
392 silly packumentCache full:https://registry.npmjs.org/yauzl-promise set size:50300 disposed:false
393 silly fetch manifest semver@6.3.1
394 silly packumentCache full:https://registry.npmjs.org/semver cache-hit
395 silly fetch manifest @vercel/error-utils@2.1.0
396 silly packumentCache full:https://registry.npmjs.org/@vercel%2ferror-utils cache-miss
397 http cache https://registry.npmjs.org/@tootallnate%2fonce 15ms (cache hit)
398 silly packumentCache full:https://registry.npmjs.org/@tootallnate%2fonce set size:21927 disposed:false
399 silly fetch manifest execa@5
400 silly packumentCache full:https://registry.npmjs.org/execa cache-hit
401 silly fetch manifest @vercel/gatsby-plugin-vercel-analytics@1.0.11
402 silly packumentCache full:https://registry.npmjs.org/@vercel%2fgatsby-plugin-vercel-analytics cache-miss
403 http cache https://registry.npmjs.org/stream-to-promise 14ms (cache hit)
404 silly packumentCache full:https://registry.npmjs.org/stream-to-promise set size:30860 disposed:false
405 silly fetch manifest @vercel/gatsby-plugin-vercel-builder@2.2.2
406 silly packumentCache full:https://registry.npmjs.org/@vercel%2fgatsby-plugin-vercel-builder cache-miss
407 http cache https://registry.npmjs.org/@edge-runtime%2fnode-utils 13ms (cache hit)
408 silly packumentCache full:https://registry.npmjs.org/@edge-runtime%2fnode-utils set size:45504 disposed:false
409 silly fetch manifest readdirp@^4.0.1
410 silly packumentCache full:https://registry.npmjs.org/readdirp cache-miss
411 http cache https://registry.npmjs.org/@edge-runtime%2fprimitives 12ms (cache hit)
412 silly packumentCache full:https://registry.npmjs.org/@edge-runtime%2fprimitives set size:307646 disposed:false
413 silly fetch manifest @esbuild/aix-ppc64@0.27.0
414 silly packumentCache full:https://registry.npmjs.org/@esbuild%2faix-ppc64 cache-miss
415 http cache https://registry.npmjs.org/node-fetch 9ms (cache hit)
416 silly packumentCache full:https://registry.npmjs.org/node-fetch set size:896010 disposed:false
417 silly packumentCache full:https://registry.npmjs.org/node-fetch dispose
418 silly fetch manifest @esbuild/linux-arm@0.27.0
419 silly packumentCache full:https://registry.npmjs.org/@esbuild%2flinux-arm cache-miss
420 http cache https://registry.npmjs.org/edge-runtime 13ms (cache hit)
421 silly packumentCache full:https://registry.npmjs.org/edge-runtime set size:342321 disposed:false
422 silly fetch manifest @esbuild/linux-x64@0.27.0
423 silly packumentCache full:https://registry.npmjs.org/@esbuild%2flinux-x64 cache-miss
424 http cache https://registry.npmjs.org/@edge-runtime%2fvm 15ms (cache hit)
425 silly packumentCache full:https://registry.npmjs.org/@edge-runtime%2fvm set size:269934 disposed:false
426 silly fetch manifest @esbuild/sunos-x64@0.27.0
427 silly packumentCache full:https://registry.npmjs.org/@esbuild%2fsunos-x64 cache-miss
428 http cache https://registry.npmjs.org/etag 13ms (cache hit)
429 silly packumentCache full:https://registry.npmjs.org/etag set size:30032 disposed:false
430 silly fetch manifest @esbuild/win32-x64@0.27.0
431 silly packumentCache full:https://registry.npmjs.org/@esbuild%2fwin32-x64 cache-miss
432 http cache https://registry.npmjs.org/async-listen 16ms (cache hit)
433 silly packumentCache full:https://registry.npmjs.org/async-listen set size:27933 disposed:false
434 silly packumentCache full:https://registry.npmjs.org/async-listen dispose
435 silly fetch manifest @esbuild/darwin-x64@0.27.0
436 silly packumentCache full:https://registry.npmjs.org/@esbuild%2fdarwin-x64 cache-miss
437 http cache https://registry.npmjs.org/@types%2fnode 23ms (cache hit)
438 silly packumentCache full:https://registry.npmjs.org/@types%2fnode set size:10990115 disposed:false
439 silly fetch manifest @esbuild/linux-ia32@0.27.0
440 silly packumentCache full:https://registry.npmjs.org/@esbuild%2flinux-ia32 cache-miss
441 http cache https://registry.npmjs.org/typescript 51ms (cache hit)
442 silly packumentCache full:https://registry.npmjs.org/typescript set size:15409943 disposed:false
443 silly fetch manifest @esbuild/netbsd-x64@0.27.0
444 silly packumentCache full:https://registry.npmjs.org/@esbuild%2fnetbsd-x64 cache-miss
445 http cache https://registry.npmjs.org/mime-types 84ms (cache hit)
446 silly packumentCache full:https://registry.npmjs.org/mime-types set size:139110 disposed:false
447 silly fetch manifest @esbuild/win32-ia32@0.27.0
448 silly packumentCache full:https://registry.npmjs.org/@esbuild%2fwin32-ia32 cache-miss
449 http cache https://registry.npmjs.org/@vercel%2ferror-utils 81ms (cache hit)
450 silly packumentCache full:https://registry.npmjs.org/@vercel%2ferror-utils set size:46068 disposed:false
451 silly fetch manifest @esbuild/android-arm@0.27.0
452 silly packumentCache full:https://registry.npmjs.org/@esbuild%2fandroid-arm cache-miss
453 http cache https://registry.npmjs.org/undici 82ms (cache hit)
454 silly packumentCache full:https://registry.npmjs.org/undici set size:1406126 disposed:false
455 silly fetch manifest @esbuild/android-x64@0.27.0
456 silly packumentCache full:https://registry.npmjs.org/@esbuild%2fandroid-x64 cache-miss
457 http cache https://registry.npmjs.org/@vercel%2ferror-utils 84ms (cache hit)
458 silly packumentCache full:https://registry.npmjs.org/@vercel%2ferror-utils set size:46068 disposed:false
459 silly packumentCache full:https://registry.npmjs.org/@vercel%2ferror-utils dispose
460 silly fetch manifest @esbuild/freebsd-x64@0.27.0
461 silly packumentCache full:https://registry.npmjs.org/@esbuild%2ffreebsd-x64 cache-miss
462 http cache https://registry.npmjs.org/@vercel%2fgatsby-plugin-vercel-analytics 85ms (cache hit)
463 silly packumentCache full:https://registry.npmjs.org/@vercel%2fgatsby-plugin-vercel-analytics set size:43775 disposed:false
464 silly fetch manifest @esbuild/linux-arm64@0.27.0
465 silly packumentCache full:https://registry.npmjs.org/@esbuild%2flinux-arm64 cache-miss
466 http cache https://registry.npmjs.org/@vercel%2fgatsby-plugin-vercel-builder 85ms (cache hit)
467 silly packumentCache full:https://registry.npmjs.org/@vercel%2fgatsby-plugin-vercel-builder set size:668146 disposed:false
468 silly fetch manifest @esbuild/linux-ppc64@0.27.0
469 silly packumentCache full:https://registry.npmjs.org/@esbuild%2flinux-ppc64 cache-miss
470 http cache https://registry.npmjs.org/readdirp 89ms (cache hit)
471 silly packumentCache full:https://registry.npmjs.org/readdirp set size:107589 disposed:false
472 silly fetch manifest @esbuild/linux-s390x@0.27.0
473 silly packumentCache full:https://registry.npmjs.org/@esbuild%2flinux-s390x cache-miss
474 http cache https://registry.npmjs.org/@esbuild%2faix-ppc64 89ms (cache hit)
475 silly packumentCache full:https://registry.npmjs.org/@esbuild%2faix-ppc64 set size:64314 disposed:false
476 silly fetch manifest @esbuild/openbsd-x64@0.27.0
477 silly packumentCache full:https://registry.npmjs.org/@esbuild%2fopenbsd-x64 cache-miss
478 http cache https://registry.npmjs.org/@esbuild%2fwin32-x64 84ms (cache hit)
479 silly packumentCache full:https://registry.npmjs.org/@esbuild%2fwin32-x64 set size:194073 disposed:false
480 silly fetch manifest @esbuild/win32-arm64@0.27.0
481 silly packumentCache full:https://registry.npmjs.org/@esbuild%2fwin32-arm64 cache-miss
482 http cache https://registry.npmjs.org/@esbuild%2flinux-x64 87ms (cache hit)
483 silly packumentCache full:https://registry.npmjs.org/@esbuild%2flinux-x64 set size:195479 disposed:false
484 silly fetch manifest @esbuild/darwin-arm64@0.27.0
485 silly packumentCache full:https://registry.npmjs.org/@esbuild%2fdarwin-arm64 cache-miss
486 http cache https://registry.npmjs.org/@esbuild%2flinux-arm 89ms (cache hit)
487 silly packumentCache full:https://registry.npmjs.org/@esbuild%2flinux-arm set size:195140 disposed:false
488 silly fetch manifest @esbuild/netbsd-arm64@0.27.0
489 silly packumentCache full:https://registry.npmjs.org/@esbuild%2fnetbsd-arm64 cache-miss
490 http cache https://registry.npmjs.org/@esbuild%2fsunos-x64 88ms (cache hit)
491 silly packumentCache full:https://registry.npmjs.org/@esbuild%2fsunos-x64 set size:195721 disposed:false
492 silly fetch manifest @esbuild/android-arm64@0.27.0
493 silly packumentCache full:https://registry.npmjs.org/@esbuild%2fandroid-arm64 cache-miss
494 http cache https://registry.npmjs.org/@esbuild%2fnetbsd-x64 18ms (cache hit)
495 silly packumentCache full:https://registry.npmjs.org/@esbuild%2fnetbsd-x64 set size:193883 disposed:false
496 silly fetch manifest @esbuild/freebsd-arm64@0.27.0
497 silly packumentCache full:https://registry.npmjs.org/@esbuild%2ffreebsd-arm64 cache-miss
498 http cache https://registry.npmjs.org/@esbuild%2fdarwin-x64 87ms (cache hit)
499 silly packumentCache full:https://registry.npmjs.org/@esbuild%2fdarwin-x64 set size:196195 disposed:false
500 silly fetch manifest @esbuild/linux-loong64@0.27.0
501 silly packumentCache full:https://registry.npmjs.org/@esbuild%2flinux-loong64 cache-miss
502 http cache https://registry.npmjs.org/@esbuild%2flinux-ia32 56ms (cache hit)
503 silly packumentCache full:https://registry.npmjs.org/@esbuild%2flinux-ia32 set size:196150 disposed:false
504 silly fetch manifest @esbuild/linux-riscv64@0.27.0
505 silly packumentCache full:https://registry.npmjs.org/@esbuild%2flinux-riscv64 cache-miss
506 http cache https://registry.npmjs.org/@esbuild%2fwin32-ia32 19ms (cache hit)
507 silly packumentCache full:https://registry.npmjs.org/@esbuild%2fwin32-ia32 set size:196374 disposed:false
508 silly fetch manifest @esbuild/openbsd-arm64@0.27.0
509 silly packumentCache full:https://registry.npmjs.org/@esbuild%2fopenbsd-arm64 cache-miss
510 http cache https://registry.npmjs.org/@esbuild%2fandroid-arm 19ms (cache hit)
511 silly packumentCache full:https://registry.npmjs.org/@esbuild%2fandroid-arm set size:221749 disposed:false
512 silly fetch manifest @esbuild/linux-mips64el@0.27.0
513 silly packumentCache full:https://registry.npmjs.org/@esbuild%2flinux-mips64el cache-miss
514 http cache https://registry.npmjs.org/@esbuild%2ffreebsd-x64 16ms (cache hit)
515 silly packumentCache full:https://registry.npmjs.org/@esbuild%2ffreebsd-x64 set size:197070 disposed:false
516 silly fetch manifest @esbuild/openharmony-arm64@0.27.0
517 silly packumentCache full:https://registry.npmjs.org/@esbuild%2fopenharmony-arm64 cache-miss
518 http cache https://registry.npmjs.org/@esbuild%2flinux-arm64 16ms (cache hit)
519 silly packumentCache full:https://registry.npmjs.org/@esbuild%2flinux-arm64 set size:197274 disposed:false
520 silly fetch manifest asynckit@^0.4.0
521 silly packumentCache full:https://registry.npmjs.org/asynckit cache-miss
522 http cache https://registry.npmjs.org/@esbuild%2fandroid-x64 17ms (cache hit)
523 silly packumentCache full:https://registry.npmjs.org/@esbuild%2fandroid-x64 set size:195551 disposed:false
524 silly fetch manifest combined-stream@^1.0.8
525 silly packumentCache full:https://registry.npmjs.org/combined-stream cache-miss
526 http cache https://registry.npmjs.org/@esbuild%2flinux-ppc64 14ms (cache hit)
527 silly packumentCache full:https://registry.npmjs.org/@esbuild%2flinux-ppc64 set size:199310 disposed:false
528 silly fetch manifest es-set-tostringtag@^2.1.0
529 silly packumentCache full:https://registry.npmjs.org/es-set-tostringtag cache-miss
530 http cache https://registry.npmjs.org/@esbuild%2flinux-s390x 12ms (cache hit)
531 silly packumentCache full:https://registry.npmjs.org/@esbuild%2flinux-s390x set size:198784 disposed:false
532 silly fetch manifest hasown@^2.0.2
533 silly packumentCache full:https://registry.npmjs.org/hasown cache-miss
534 http cache https://registry.npmjs.org/@esbuild%2fopenbsd-x64 12ms (cache hit)
535 silly packumentCache full:https://registry.npmjs.org/@esbuild%2fopenbsd-x64 set size:197080 disposed:false
536 silly fetch manifest mime-types@^2.1.12
537 silly packumentCache full:https://registry.npmjs.org/mime-types cache-hit
538 silly fetch manifest debug@^4.3.4
539 silly packumentCache full:https://registry.npmjs.org/debug cache-hit
540 silly fetch manifest lru-cache@^7.14.1
541 silly packumentCache full:https://registry.npmjs.org/lru-cache cache-miss
542 http cache https://registry.npmjs.org/@esbuild%2fwin32-arm64 12ms (cache hit)
543 silly packumentCache full:https://registry.npmjs.org/@esbuild%2fwin32-arm64 set size:197504 disposed:false
544 silly fetch manifest agent-base@^7.0.2
545 silly packumentCache full:https://registry.npmjs.org/agent-base cache-miss
546 http cache https://registry.npmjs.org/@esbuild%2fnetbsd-arm64 11ms (cache hit)
547 silly packumentCache full:https://registry.npmjs.org/@esbuild%2fnetbsd-arm64 set size:40794 disposed:false
548 silly fetch manifest proxy-from-env@^1.1.0
549 silly packumentCache full:https://registry.npmjs.org/proxy-from-env cache-miss
550 http cache https://registry.npmjs.org/@esbuild%2fdarwin-arm64 12ms (cache hit)
551 silly packumentCache full:https://registry.npmjs.org/@esbuild%2fdarwin-arm64 set size:197958 disposed:false
552 silly fetch manifest pac-proxy-agent@^7.0.1
553 silly packumentCache full:https://registry.npmjs.org/pac-proxy-agent cache-miss
554 http cache https://registry.npmjs.org/@esbuild%2fandroid-arm64 12ms (cache hit)
555 silly packumentCache full:https://registry.npmjs.org/@esbuild%2fandroid-arm64 set size:200684 disposed:false
556 silly fetch manifest http-proxy-agent@^7.0.1
557 silly packumentCache full:https://registry.npmjs.org/http-proxy-agent cache-miss
558 http cache https://registry.npmjs.org/@esbuild%2fopenbsd-arm64 9ms (cache hit)
559 silly packumentCache full:https://registry.npmjs.org/@esbuild%2fopenbsd-arm64 set size:46111 disposed:false
560 silly fetch manifest https-proxy-agent@^7.0.3
561 silly packumentCache full:https://registry.npmjs.org/https-proxy-agent cache-miss
562 http cache https://registry.npmjs.org/@esbuild%2flinux-loong64 11ms (cache hit)
563 silly packumentCache full:https://registry.npmjs.org/@esbuild%2flinux-loong64 set size:252211 disposed:false
564 silly fetch manifest socks-proxy-agent@^8.0.2
565 silly packumentCache full:https://registry.npmjs.org/socks-proxy-agent cache-miss
566 http cache https://registry.npmjs.org/@esbuild%2ffreebsd-arm64 14ms (cache hit)
567 silly packumentCache full:https://registry.npmjs.org/@esbuild%2ffreebsd-arm64 set size:198853 disposed:false
568 silly fetch manifest zod@^4.1.1
569 silly packumentCache full:https://registry.npmjs.org/zod cache-miss
570 http cache https://registry.npmjs.org/@esbuild%2flinux-mips64el 11ms (cache hit)
571 silly packumentCache full:https://registry.npmjs.org/@esbuild%2flinux-mips64el set size:201062 disposed:false
572 silly fetch manifest debug@^4.4.1
573 silly packumentCache full:https://registry.npmjs.org/debug cache-hit
574 silly fetch manifest @vercel/sandbox@1.9.0
575 silly packumentCache full:https://registry.npmjs.org/@vercel%2fsandbox cache-miss
576 http cache https://registry.npmjs.org/@esbuild%2fopenharmony-arm64 12ms (cache hit)
577 silly packumentCache full:https://registry.npmjs.org/@esbuild%2fopenharmony-arm64 set size:29494 disposed:false
578 http cache https://registry.npmjs.org/@esbuild%2flinux-riscv64 15ms (cache hit)
579 silly packumentCache full:https://registry.npmjs.org/@esbuild%2flinux-riscv64 set size:198981 disposed:false
580 http cache https://registry.npmjs.org/asynckit 12ms (cache hit)
581 silly packumentCache full:https://registry.npmjs.org/asynckit set size:18932 disposed:false
582 http cache https://registry.npmjs.org/combined-stream 11ms (cache hit)
583 silly packumentCache full:https://registry.npmjs.org/combined-stream set size:40337 disposed:false
584 http cache https://registry.npmjs.org/es-set-tostringtag 12ms (cache hit)
585 silly packumentCache full:https://registry.npmjs.org/es-set-tostringtag set size:22094 disposed:false
586 http cache https://registry.npmjs.org/hasown 11ms (cache hit)
587 silly packumentCache full:https://registry.npmjs.org/hasown set size:15429 disposed:false
588 http cache https://registry.npmjs.org/lru-cache 11ms (cache hit)
589 silly packumentCache full:https://registry.npmjs.org/lru-cache set size:443567 disposed:false
590 http cache https://registry.npmjs.org/agent-base 12ms (cache hit)
591 silly packumentCache full:https://registry.npmjs.org/agent-base set size:72085 disposed:false
592 http cache https://registry.npmjs.org/proxy-from-env 13ms (cache hit)
593 silly packumentCache full:https://registry.npmjs.org/proxy-from-env set size:21422 disposed:false
594 http cache https://registry.npmjs.org/https-proxy-agent 11ms (cache hit)
595 silly packumentCache full:https://registry.npmjs.org/https-proxy-agent set size:81258 disposed:false
596 http cache https://registry.npmjs.org/pac-proxy-agent 13ms (cache hit)
597 silly packumentCache full:https://registry.npmjs.org/pac-proxy-agent set size:67079 disposed:false
598 http cache https://registry.npmjs.org/http-proxy-agent 13ms (cache hit)
599 silly packumentCache full:https://registry.npmjs.org/http-proxy-agent set size:54849 disposed:false
600 http cache https://registry.npmjs.org/zod 12ms (cache hit)
601 silly packumentCache full:https://registry.npmjs.org/zod set size:3552562 disposed:false
602 http cache https://registry.npmjs.org/socks-proxy-agent 22ms (cache hit)
603 silly packumentCache full:https://registry.npmjs.org/socks-proxy-agent set size:104740 disposed:false
604 http cache https://registry.npmjs.org/@vercel%2fsandbox 19ms (cache hit)
605 silly packumentCache full:https://registry.npmjs.org/@vercel%2fsandbox set size:296444 disposed:false
606 silly placeDep ROOT @vercel/nft@1.5.0 OK for: @vercel/backends@0.4.1 want: 1.5.0
607 silly placeDep ROOT @yarnpkg/parsers@3.0.3 OK for: @vercel/backends@0.4.1 want: ^3.0.0
608 silly placeDep ROOT execa@3.2.0 OK for: @vercel/backends@0.4.1 want: 3.2.0
609 silly placeDep ROOT fs-extra@11.1.0 OK for: @vercel/backends@0.4.1 want: 11.1.0
610 silly placeDep ROOT js-yaml@3.14.2 OK for: @vercel/backends@0.4.1 want: ^3.13.1
611 silly placeDep ROOT oxc-transform@0.111.0 OK for: @vercel/backends@0.4.1 want: 0.111.0
612 silly placeDep ROOT path-to-regexp@8.3.0 OK for: @vercel/backends@0.4.1 want: 8.3.0
613 silly placeDep ROOT resolve.exports@2.0.3 OK for: @vercel/backends@0.4.1 want: 2.0.3
614 silly placeDep ROOT rolldown@1.0.0-rc.1 OK for: @vercel/backends@0.4.1 want: 1.0.0-rc.1
615 silly placeDep ROOT srvx@0.8.9 OK for: @vercel/backends@0.4.1 want: 0.8.9
616 silly placeDep ROOT tsx@4.21.0 OK for: @vercel/backends@0.4.1 want: 4.21.0
617 silly placeDep node_modules/@vercel/backends zod@3.22.4 OK for: @vercel/backends@0.4.1 want: 3.22.4
618 silly fetch manifest glob@^13.0.0
619 silly packumentCache full:https://registry.npmjs.org/glob cache-miss
620 silly fetch manifest acorn@^8.6.0
621 silly packumentCache full:https://registry.npmjs.org/acorn cache-miss
622 silly fetch manifest bindings@^1.4.0
623 silly packumentCache full:https://registry.npmjs.org/bindings cache-miss
624 silly fetch manifest picomatch@^4.0.2
625 silly packumentCache full:https://registry.npmjs.org/picomatch cache-miss
626 silly fetch manifest async-sema@^3.1.1
627 silly packumentCache full:https://registry.npmjs.org/async-sema cache-miss
628 silly fetch manifest graceful-fs@^4.2.9
629 silly packumentCache full:https://registry.npmjs.org/graceful-fs cache-miss
630 silly fetch manifest resolve-from@^5.0.0
631 silly packumentCache full:https://registry.npmjs.org/resolve-from cache-miss
632 silly fetch manifest estree-walker@2.0.2
633 silly packumentCache full:https://registry.npmjs.org/estree-walker cache-miss
634 silly fetch manifest node-gyp-build@^4.2.2
635 silly packumentCache full:https://registry.npmjs.org/node-gyp-build cache-miss
636 silly fetch manifest @rollup/pluginutils@^5.1.3
637 silly packumentCache full:https://registry.npmjs.org/@rollup%2fpluginutils cache-miss
638 silly fetch manifest @mapbox/node-pre-gyp@^2.0.0
639 silly packumentCache full:https://registry.npmjs.org/@mapbox%2fnode-pre-gyp cache-miss
640 silly fetch manifest acorn-import-attributes@^1.9.5
641 silly packumentCache full:https://registry.npmjs.org/acorn-import-attributes cache-miss
642 silly fetch manifest tslib@^2.4.0
643 silly packumentCache full:https://registry.npmjs.org/tslib cache-miss
644 silly fetch manifest js-yaml@^3.10.0
645 silly packumentCache full:https://registry.npmjs.org/js-yaml cache-hit
646 silly fetch manifest onetime@^5.1.0
647 silly packumentCache full:https://registry.npmjs.org/onetime cache-miss
648 silly fetch manifest is-stream@^2.0.0
649 silly packumentCache full:https://registry.npmjs.org/is-stream cache-miss
650 http cache https://registry.npmjs.org/graceful-fs 5ms (cache hit)
651 silly packumentCache full:https://registry.npmjs.org/graceful-fs set size:124285 disposed:false
652 silly fetch manifest p-finally@^2.0.0
653 silly packumentCache full:https://registry.npmjs.org/p-finally cache-miss
654 http cache https://registry.npmjs.org/node-gyp-build 5ms (cache hit)
655 silly packumentCache full:https://registry.npmjs.org/node-gyp-build set size:84545 disposed:false
656 silly fetch manifest get-stream@^5.0.0
657 silly packumentCache full:https://registry.npmjs.org/get-stream cache-miss
658 http cache https://registry.npmjs.org/bindings 6ms (cache hit)
659 silly packumentCache full:https://registry.npmjs.org/bindings set size:31303 disposed:false
660 silly fetch manifest cross-spawn@^7.0.0
661 silly packumentCache full:https://registry.npmjs.org/cross-spawn cache-miss
662 http cache https://registry.npmjs.org/resolve-from 6ms (cache hit)
663 silly packumentCache full:https://registry.npmjs.org/resolve-from set size:12911 disposed:false
664 silly fetch manifest signal-exit@^3.0.2
665 silly packumentCache full:https://registry.npmjs.org/signal-exit cache-miss
666 http cache https://registry.npmjs.org/acorn 6ms (cache hit)
667 silly packumentCache full:https://registry.npmjs.org/acorn set size:379626 disposed:false
668 silly fetch manifest merge-stream@^2.0.0
669 silly packumentCache full:https://registry.npmjs.org/merge-stream cache-miss
670 http cache https://registry.npmjs.org/glob 8ms (cache hit)
671 silly packumentCache full:https://registry.npmjs.org/glob set size:469465 disposed:false
672 silly fetch manifest npm-run-path@^4.0.0
673 silly packumentCache full:https://registry.npmjs.org/npm-run-path cache-miss
674 http cache https://registry.npmjs.org/picomatch 9ms (cache hit)
675 silly packumentCache full:https://registry.npmjs.org/picomatch set size:126376 disposed:false
676 silly fetch manifest human-signals@^1.1.1
677 silly packumentCache full:https://registry.npmjs.org/human-signals cache-miss
678 http cache https://registry.npmjs.org/async-sema 10ms (cache hit)
679 silly packumentCache full:https://registry.npmjs.org/async-sema set size:46712 disposed:false
680 silly fetch manifest strip-final-newline@^2.0.0
681 silly packumentCache full:https://registry.npmjs.org/strip-final-newline cache-miss
682 http cache https://registry.npmjs.org/estree-walker 10ms (cache hit)
683 silly packumentCache full:https://registry.npmjs.org/estree-walker set size:60887 disposed:false
684 silly fetch manifest jsonfile@^6.0.1
685 silly packumentCache full:https://registry.npmjs.org/jsonfile cache-miss
686 http cache https://registry.npmjs.org/acorn-import-attributes 9ms (cache hit)
687 silly packumentCache full:https://registry.npmjs.org/acorn-import-attributes set size:16911 disposed:false
688 silly fetch manifest graceful-fs@^4.2.0
689 silly packumentCache full:https://registry.npmjs.org/graceful-fs cache-hit
690 silly fetch manifest universalify@^2.0.0
691 silly packumentCache full:https://registry.npmjs.org/universalify cache-miss
692 http cache https://registry.npmjs.org/tslib 10ms (cache hit)
693 silly packumentCache full:https://registry.npmjs.org/tslib set size:108760 disposed:false
694 silly fetch manifest esprima@^4.0.0
695 silly packumentCache full:https://registry.npmjs.org/esprima cache-miss
696 http cache https://registry.npmjs.org/@mapbox%2fnode-pre-gyp 11ms (cache hit)
697 silly packumentCache full:https://registry.npmjs.org/@mapbox%2fnode-pre-gyp set size:134009 disposed:false
698 silly fetch manifest argparse@^1.0.7
699 silly packumentCache full:https://registry.npmjs.org/argparse cache-miss
700 http cache https://registry.npmjs.org/onetime 11ms (cache hit)
701 silly packumentCache full:https://registry.npmjs.org/onetime set size:32314 disposed:false
702 silly fetch manifest @oxc-transform/binding-darwin-x64@0.111.0
703 silly packumentCache full:https://registry.npmjs.org/@oxc-transform%2fbinding-darwin-x64 cache-miss
704 http cache https://registry.npmjs.org/@rollup%2fpluginutils 12ms (cache hit)
705 silly packumentCache full:https://registry.npmjs.org/@rollup%2fpluginutils set size:118597 disposed:false
706 silly fetch manifest @oxc-transform/binding-freebsd-x64@0.111.0
707 silly packumentCache full:https://registry.npmjs.org/@oxc-transform%2fbinding-freebsd-x64 cache-miss
708 http cache https://registry.npmjs.org/is-stream 12ms (cache hit)
709 silly packumentCache full:https://registry.npmjs.org/is-stream set size:18582 disposed:false
710 silly fetch manifest @oxc-transform/binding-wasm32-wasi@0.111.0
711 silly packumentCache full:https://registry.npmjs.org/@oxc-transform%2fbinding-wasm32-wasi cache-miss
712 http cache https://registry.npmjs.org/get-stream 9ms (cache hit)
713 silly packumentCache full:https://registry.npmjs.org/get-stream set size:57536 disposed:false
714 silly fetch manifest @oxc-transform/binding-darwin-arm64@0.111.0
715 silly packumentCache full:https://registry.npmjs.org/@oxc-transform%2fbinding-darwin-arm64 cache-miss
716 http cache https://registry.npmjs.org/cross-spawn 10ms (cache hit)
717 silly packumentCache full:https://registry.npmjs.org/cross-spawn set size:109066 disposed:false
718 silly fetch manifest @oxc-transform/binding-android-arm64@0.111.0
719 silly packumentCache full:https://registry.npmjs.org/@oxc-transform%2fbinding-android-arm64 cache-miss
720 http cache https://registry.npmjs.org/p-finally 11ms (cache hit)
721 silly packumentCache full:https://registry.npmjs.org/p-finally set size:11668 disposed:false
722 silly fetch manifest @oxc-transform/binding-linux-x64-gnu@0.111.0
723 silly packumentCache full:https://registry.npmjs.org/@oxc-transform%2fbinding-linux-x64-gnu cache-miss
724 http cache https://registry.npmjs.org/strip-final-newline 7ms (cache hit)
725 silly packumentCache full:https://registry.npmjs.org/strip-final-newline set size:9328 disposed:false
726 silly fetch manifest @oxc-transform/binding-linux-x64-musl@0.111.0
727 silly packumentCache full:https://registry.npmjs.org/@oxc-transform%2fbinding-linux-x64-musl cache-miss
728 http cache https://registry.npmjs.org/npm-run-path 8ms (cache hit)
729 silly packumentCache full:https://registry.npmjs.org/npm-run-path set size:33596 disposed:false
730 silly fetch manifest @oxc-transform/binding-win32-x64-msvc@0.111.0
731 silly packumentCache full:https://registry.npmjs.org/@oxc-transform%2fbinding-win32-x64-msvc cache-miss
732 http cache https://registry.npmjs.org/human-signals 7ms (cache hit)
733 silly packumentCache full:https://registry.npmjs.org/human-signals set size:47322 disposed:false
734 silly fetch manifest @oxc-transform/binding-linux-arm64-gnu@0.111.0
735 silly packumentCache full:https://registry.npmjs.org/@oxc-transform%2fbinding-linux-arm64-gnu cache-miss
736 http cache https://registry.npmjs.org/signal-exit 12ms (cache hit)
737 silly packumentCache full:https://registry.npmjs.org/signal-exit set size:53489 disposed:false
738 silly fetch manifest @oxc-transform/binding-linux-ppc64-gnu@0.111.0
739 silly packumentCache full:https://registry.npmjs.org/@oxc-transform%2fbinding-linux-ppc64-gnu cache-miss
740 http cache https://registry.npmjs.org/merge-stream 10ms (cache hit)
741 silly packumentCache full:https://registry.npmjs.org/merge-stream set size:22168 disposed:false
742 silly fetch manifest @oxc-transform/binding-linux-s390x-gnu@0.111.0
743 silly packumentCache full:https://registry.npmjs.org/@oxc-transform%2fbinding-linux-s390x-gnu cache-miss
744 http cache https://registry.npmjs.org/esprima 7ms (cache hit)
745 silly packumentCache full:https://registry.npmjs.org/esprima set size:118410 disposed:false
746 silly fetch manifest @oxc-transform/binding-win32-ia32-msvc@0.111.0
747 silly packumentCache full:https://registry.npmjs.org/@oxc-transform%2fbinding-win32-ia32-msvc cache-miss
748 http cache https://registry.npmjs.org/jsonfile 9ms (cache hit)
749 silly packumentCache full:https://registry.npmjs.org/jsonfile set size:53210 disposed:false
750 silly fetch manifest @oxc-transform/binding-android-arm-eabi@0.111.0
751 silly packumentCache full:https://registry.npmjs.org/@oxc-transform%2fbinding-android-arm-eabi cache-miss
752 http cache https://registry.npmjs.org/universalify 8ms (cache hit)
753 silly packumentCache full:https://registry.npmjs.org/universalify set size:19431 disposed:false
754 silly fetch manifest @oxc-transform/binding-linux-arm64-musl@0.111.0
755 silly packumentCache full:https://registry.npmjs.org/@oxc-transform%2fbinding-linux-arm64-musl cache-miss
756 http cache https://registry.npmjs.org/argparse 8ms (cache hit)
757 silly packumentCache full:https://registry.npmjs.org/argparse set size:49266 disposed:false
758 silly fetch manifest @oxc-transform/binding-win32-arm64-msvc@0.111.0
759 silly packumentCache full:https://registry.npmjs.org/@oxc-transform%2fbinding-win32-arm64-msvc cache-miss
760 http cache https://registry.npmjs.org/@oxc-transform%2fbinding-darwin-x64 9ms (cache hit)
761 silly packumentCache full:https://registry.npmjs.org/@oxc-transform%2fbinding-darwin-x64 set size:264099 disposed:false
762 silly fetch manifest @oxc-transform/binding-linux-riscv64-gnu@0.111.0
763 silly packumentCache full:https://registry.npmjs.org/@oxc-transform%2fbinding-linux-riscv64-gnu cache-miss
764 http cache https://registry.npmjs.org/@oxc-transform%2fbinding-freebsd-x64 9ms (cache hit)
765 silly packumentCache full:https://registry.npmjs.org/@oxc-transform%2fbinding-freebsd-x64 set size:128261 disposed:false
766 silly fetch manifest @oxc-transform/binding-openharmony-arm64@0.111.0
767 silly packumentCache full:https://registry.npmjs.org/@oxc-transform%2fbinding-openharmony-arm64 cache-miss
768 http cache https://registry.npmjs.org/@oxc-transform%2fbinding-wasm32-wasi 10ms (cache hit)
769 silly packumentCache full:https://registry.npmjs.org/@oxc-transform%2fbinding-wasm32-wasi set size:167618 disposed:false
770 silly fetch manifest @oxc-transform/binding-linux-riscv64-musl@0.111.0
771 silly packumentCache full:https://registry.npmjs.org/@oxc-transform%2fbinding-linux-riscv64-musl cache-miss
772 http cache https://registry.npmjs.org/@oxc-transform%2fbinding-android-arm64 9ms (cache hit)
773 silly packumentCache full:https://registry.npmjs.org/@oxc-transform%2fbinding-android-arm64 set size:118548 disposed:false
774 silly fetch manifest @oxc-transform/binding-linux-arm-gnueabihf@0.111.0
775 silly packumentCache full:https://registry.npmjs.org/@oxc-transform%2fbinding-linux-arm-gnueabihf cache-miss
776 http cache https://registry.npmjs.org/@oxc-transform%2fbinding-linux-x64-gnu 9ms (cache hit)
777 silly packumentCache full:https://registry.npmjs.org/@oxc-transform%2fbinding-linux-x64-gnu set size:269855 disposed:false
778 silly fetch manifest @oxc-transform/binding-linux-arm-musleabihf@0.111.0
779 silly packumentCache full:https://registry.npmjs.org/@oxc-transform%2fbinding-linux-arm-musleabihf cache-miss
780 http cache https://registry.npmjs.org/@oxc-transform%2fbinding-win32-x64-msvc 9ms (cache hit)
781 silly packumentCache full:https://registry.npmjs.org/@oxc-transform%2fbinding-win32-x64-msvc set size:268627 disposed:false
782 silly fetch manifest @oxc-project/types@=0.110.0
783 silly packumentCache full:https://registry.npmjs.org/@oxc-project%2ftypes cache-miss
784 http cache https://registry.npmjs.org/@oxc-transform%2fbinding-linux-x64-musl 10ms (cache hit)
785 silly packumentCache full:https://registry.npmjs.org/@oxc-transform%2fbinding-linux-x64-musl set size:270812 disposed:false
786 silly fetch manifest @rolldown/pluginutils@1.0.0-rc.1
787 silly packumentCache full:https://registry.npmjs.org/@rolldown%2fpluginutils cache-miss
788 http cache https://registry.npmjs.org/@oxc-transform%2fbinding-darwin-arm64 12ms (cache hit)
789 silly packumentCache full:https://registry.npmjs.org/@oxc-transform%2fbinding-darwin-arm64 set size:268504 disposed:false
790 silly fetch manifest @rolldown/binding-darwin-x64@1.0.0-rc.1
791 silly packumentCache full:https://registry.npmjs.org/@rolldown%2fbinding-darwin-x64 cache-miss
792 http cache https://registry.npmjs.org/@oxc-transform%2fbinding-linux-ppc64-gnu 11ms (cache hit)
793 silly packumentCache full:https://registry.npmjs.org/@oxc-transform%2fbinding-linux-ppc64-gnu set size:46912 disposed:false
794 silly fetch manifest @rolldown/binding-freebsd-x64@1.0.0-rc.1
795 silly packumentCache full:https://registry.npmjs.org/@rolldown%2fbinding-freebsd-x64 cache-miss
796 http cache https://registry.npmjs.org/@oxc-transform%2fbinding-win32-ia32-msvc 10ms (cache hit)
797 silly packumentCache full:https://registry.npmjs.org/@oxc-transform%2fbinding-win32-ia32-msvc set size:46497 disposed:false
798 silly fetch manifest @rolldown/binding-wasm32-wasi@1.0.0-rc.1
799 silly packumentCache full:https://registry.npmjs.org/@rolldown%2fbinding-wasm32-wasi cache-miss
800 http cache https://registry.npmjs.org/@oxc-transform%2fbinding-linux-arm64-gnu 12ms (cache hit)
801 silly packumentCache full:https://registry.npmjs.org/@oxc-transform%2fbinding-linux-arm64-gnu set size:274329 disposed:false
802 silly fetch manifest @rolldown/binding-darwin-arm64@1.0.0-rc.1
803 silly packumentCache full:https://registry.npmjs.org/@rolldown%2fbinding-darwin-arm64 cache-miss
804 http cache https://registry.npmjs.org/@oxc-transform%2fbinding-android-arm-eabi 11ms (cache hit)
805 silly packumentCache full:https://registry.npmjs.org/@oxc-transform%2fbinding-android-arm-eabi set size:46682 disposed:false
806 silly fetch manifest @rolldown/binding-android-arm64@1.0.0-rc.1
807 silly packumentCache full:https://registry.npmjs.org/@rolldown%2fbinding-android-arm64 cache-miss
808 http cache https://registry.npmjs.org/@oxc-transform%2fbinding-linux-s390x-gnu 13ms (cache hit)
809 silly packumentCache full:https://registry.npmjs.org/@oxc-transform%2fbinding-linux-s390x-gnu set size:131370 disposed:false
810 silly fetch manifest @rolldown/binding-linux-x64-gnu@1.0.0-rc.1
811 silly packumentCache full:https://registry.npmjs.org/@rolldown%2fbinding-linux-x64-gnu cache-miss
812 http cache https://registry.npmjs.org/@oxc-transform%2fbinding-linux-arm64-musl 12ms (cache hit)
813 silly packumentCache full:https://registry.npmjs.org/@oxc-transform%2fbinding-linux-arm64-musl set size:275283 disposed:false
814 silly fetch manifest @rolldown/binding-linux-x64-musl@1.0.0-rc.1
815 silly packumentCache full:https://registry.npmjs.org/@rolldown%2fbinding-linux-x64-musl cache-miss
816 http cache https://registry.npmjs.org/@oxc-transform%2fbinding-win32-arm64-msvc 11ms (cache hit)
817 silly packumentCache full:https://registry.npmjs.org/@oxc-transform%2fbinding-win32-arm64-msvc set size:273095 disposed:false
818 silly fetch manifest @rolldown/binding-win32-x64-msvc@1.0.0-rc.1
819 silly packumentCache full:https://registry.npmjs.org/@rolldown%2fbinding-win32-x64-msvc cache-miss
820 http cache https://registry.npmjs.org/@oxc-transform%2fbinding-linux-riscv64-gnu 12ms (cache hit)
821 silly packumentCache full:https://registry.npmjs.org/@oxc-transform%2fbinding-linux-riscv64-gnu set size:132466 disposed:false
822 silly fetch manifest @rolldown/binding-linux-arm64-gnu@1.0.0-rc.1
823 silly packumentCache full:https://registry.npmjs.org/@rolldown%2fbinding-linux-arm64-gnu cache-miss
824 http cache https://registry.npmjs.org/@oxc-transform%2fbinding-openharmony-arm64 12ms (cache hit)
825 silly packumentCache full:https://registry.npmjs.org/@oxc-transform%2fbinding-openharmony-arm64 set size:56269 disposed:false
826 silly fetch manifest @rolldown/binding-linux-arm64-musl@1.0.0-rc.1
827 silly packumentCache full:https://registry.npmjs.org/@rolldown%2fbinding-linux-arm64-musl cache-miss
828 http cache https://registry.npmjs.org/@oxc-transform%2fbinding-linux-riscv64-musl 12ms (cache hit)
829 silly packumentCache full:https://registry.npmjs.org/@oxc-transform%2fbinding-linux-riscv64-musl set size:47430 disposed:false
830 silly fetch manifest @rolldown/binding-win32-arm64-msvc@1.0.0-rc.1
831 silly packumentCache full:https://registry.npmjs.org/@rolldown%2fbinding-win32-arm64-msvc cache-miss
832 http cache https://registry.npmjs.org/@oxc-transform%2fbinding-linux-arm-gnueabihf 11ms (cache hit)
833 silly packumentCache full:https://registry.npmjs.org/@oxc-transform%2fbinding-linux-arm-gnueabihf set size:166359 disposed:false
834 silly fetch manifest @rolldown/binding-openharmony-arm64@1.0.0-rc.1
835 silly packumentCache full:https://registry.npmjs.org/@rolldown%2fbinding-openharmony-arm64 cache-miss
836 http cache https://registry.npmjs.org/@oxc-transform%2fbinding-linux-arm-musleabihf 11ms (cache hit)
837 silly packumentCache full:https://registry.npmjs.org/@oxc-transform%2fbinding-linux-arm-musleabihf set size:122942 disposed:false
838 silly fetch manifest @rolldown/binding-linux-arm-gnueabihf@1.0.0-rc.1
839 silly packumentCache full:https://registry.npmjs.org/@rolldown%2fbinding-linux-arm-gnueabihf cache-miss
840 http cache https://registry.npmjs.org/@rolldown%2fpluginutils 10ms (cache hit)
841 silly packumentCache full:https://registry.npmjs.org/@rolldown%2fpluginutils set size:294440 disposed:false
842 silly fetch manifest cookie-es@^2.0.0
843 silly packumentCache full:https://registry.npmjs.org/cookie-es cache-miss
844 http cache https://registry.npmjs.org/@oxc-project%2ftypes 12ms (cache hit)
845 silly packumentCache full:https://registry.npmjs.org/@oxc-project%2ftypes set size:221745 disposed:false
846 silly fetch manifest get-tsconfig@^4.7.5
847 silly packumentCache full:https://registry.npmjs.org/get-tsconfig cache-miss
848 http cache https://registry.npmjs.org/@rolldown%2fbinding-darwin-x64 11ms (cache hit)
849 silly packumentCache full:https://registry.npmjs.org/@rolldown%2fbinding-darwin-x64 set size:1357678 disposed:false
850 silly fetch manifest fsevents@~2.3.3
851 silly packumentCache full:https://registry.npmjs.org/fsevents cache-miss
852 http cache https://registry.npmjs.org/@rolldown%2fbinding-android-arm64 12ms (cache hit)
853 silly packumentCache full:https://registry.npmjs.org/@rolldown%2fbinding-android-arm64 set size:143668 disposed:false
854 http cache https://registry.npmjs.org/@rolldown%2fbinding-wasm32-wasi 15ms (cache hit)
855 silly packumentCache full:https://registry.npmjs.org/@rolldown%2fbinding-wasm32-wasi set size:1345068 disposed:false
856 http cache https://registry.npmjs.org/@rolldown%2fbinding-darwin-arm64 17ms (cache hit)
857 silly packumentCache full:https://registry.npmjs.org/@rolldown%2fbinding-darwin-arm64 set size:1369249 disposed:false
858 http cache https://registry.npmjs.org/@rolldown%2fbinding-freebsd-x64 22ms (cache hit)
859 silly packumentCache full:https://registry.npmjs.org/@rolldown%2fbinding-freebsd-x64 set size:1037298 disposed:false
860 http cache https://registry.npmjs.org/@rolldown%2fbinding-linux-x64-gnu 22ms (cache hit)
861 silly packumentCache full:https://registry.npmjs.org/@rolldown%2fbinding-linux-x64-gnu set size:1382733 disposed:false
862 http cache https://registry.npmjs.org/@rolldown%2fbinding-win32-x64-msvc 23ms (cache hit)
863 silly packumentCache full:https://registry.npmjs.org/@rolldown%2fbinding-win32-x64-msvc set size:1375488 disposed:false
864 http cache https://registry.npmjs.org/@rolldown%2fbinding-linux-x64-musl 27ms (cache hit)
865 silly packumentCache full:https://registry.npmjs.org/@rolldown%2fbinding-linux-x64-musl set size:1387349 disposed:false
866 http cache https://registry.npmjs.org/@rolldown%2fbinding-linux-arm64-gnu 28ms (cache hit)
867 silly packumentCache full:https://registry.npmjs.org/@rolldown%2fbinding-linux-arm64-gnu set size:1394344 disposed:false
868 http cache https://registry.npmjs.org/@rolldown%2fbinding-linux-arm64-musl 31ms (cache hit)
869 silly packumentCache full:https://registry.npmjs.org/@rolldown%2fbinding-linux-arm64-musl set size:1398914 disposed:false
870 http cache https://registry.npmjs.org/@rolldown%2fbinding-win32-arm64-msvc 34ms (cache hit)
871 silly packumentCache full:https://registry.npmjs.org/@rolldown%2fbinding-win32-arm64-msvc set size:1389441 disposed:false
872 http cache https://registry.npmjs.org/@rolldown%2fbinding-openharmony-arm64 36ms (cache hit)
873 silly packumentCache full:https://registry.npmjs.org/@rolldown%2fbinding-openharmony-arm64 set size:105257 disposed:false
874 http cache https://registry.npmjs.org/get-tsconfig 34ms (cache hit)
875 silly packumentCache full:https://registry.npmjs.org/get-tsconfig set size:128095 disposed:false
876 http cache https://registry.npmjs.org/cookie-es 35ms (cache hit)
877 silly packumentCache full:https://registry.npmjs.org/cookie-es set size:30011 disposed:false
878 http cache https://registry.npmjs.org/fsevents 32ms (cache hit)
879 silly packumentCache full:https://registry.npmjs.org/fsevents set size:182472 disposed:false
880 http cache https://registry.npmjs.org/@rolldown%2fbinding-linux-arm-gnueabihf 39ms (cache hit)
881 silly packumentCache full:https://registry.npmjs.org/@rolldown%2fbinding-linux-arm-gnueabihf set size:1403815 disposed:false
882 silly placeDep ROOT async-retry@1.3.3 OK for: @vercel/blob@2.3.0 want: ^1.3.3
883 silly placeDep ROOT is-buffer@2.0.5 OK for: @vercel/blob@2.3.0 want: ^2.0.5
884 silly placeDep ROOT is-node-process@1.2.0 OK for: @vercel/blob@2.3.0 want: ^1.2.0
885 silly placeDep ROOT throttleit@2.1.0 OK for: @vercel/blob@2.3.0 want: ^2.1.0
886 silly placeDep ROOT undici@6.25.0 OK for: @vercel/blob@2.3.0 want: ^6.23.0
887 silly fetch manifest retry@0.13.1
888 silly packumentCache full:https://registry.npmjs.org/retry cache-miss
889 http cache https://registry.npmjs.org/retry 1ms (cache hit)
890 silly packumentCache full:https://registry.npmjs.org/retry set size:31161 disposed:false
891 silly placeDep ROOT @vercel/python-analysis@0.11.1 OK for: @vercel/build-utils@13.22.1 want: 0.11.1
892 silly placeDep ROOT cjs-module-lexer@1.2.3 OK for: @vercel/build-utils@13.22.1 want: 1.2.3
893 silly placeDep ROOT es-module-lexer@1.5.0 OK for: @vercel/build-utils@13.22.1 want: 1.5.0
894 silly fetch manifest @bytecodealliance/preview2-shim@0.17.6
895 silly packumentCache full:https://registry.npmjs.org/@bytecodealliance%2fpreview2-shim cache-miss
896 silly fetch manifest @renovatebot/pep440@4.2.1
897 silly packumentCache full:https://registry.npmjs.org/@renovatebot%2fpep440 cache-miss
898 silly fetch manifest fs-extra@11.1.1
899 silly packumentCache full:https://registry.npmjs.org/fs-extra cache-hit
900 silly fetch manifest js-yaml@4.1.1
901 silly packumentCache full:https://registry.npmjs.org/js-yaml cache-hit
902 silly fetch manifest minimatch@10.1.1
903 silly packumentCache full:https://registry.npmjs.org/minimatch cache-miss
904 http cache https://registry.npmjs.org/@bytecodealliance%2fpreview2-shim 2ms (cache hit)
905 silly packumentCache full:https://registry.npmjs.org/@bytecodealliance%2fpreview2-shim set size:103566 disposed:false
906 http cache https://registry.npmjs.org/minimatch 2ms (cache hit)
907 silly packumentCache full:https://registry.npmjs.org/minimatch set size:375282 disposed:false
908 http cache https://registry.npmjs.org/@renovatebot%2fpep440 4ms (cache hit)
909 silly packumentCache full:https://registry.npmjs.org/@renovatebot%2fpep440 set size:163030 disposed:false
910 silly placeDep ROOT xdg-app-paths@5.5.1 OK for: @vercel/cli-config@0.1.1 want: 5
911 silly fetch manifest os-paths@^4.0.1
912 silly packumentCache full:https://registry.npmjs.org/os-paths cache-miss
913 silly fetch manifest xdg-portable@^7.2.0
914 silly packumentCache full:https://registry.npmjs.org/xdg-portable cache-miss
915 http cache https://registry.npmjs.org/xdg-portable 1ms (cache hit)
916 silly packumentCache full:https://registry.npmjs.org/xdg-portable set size:329210 disposed:false
917 http cache https://registry.npmjs.org/os-paths 2ms (cache hit)
918 silly packumentCache full:https://registry.npmjs.org/os-paths set size:337111 disposed:false
919 silly placeDep ROOT @vercel/static-config@3.3.0 OK for: @vercel/elysia@0.1.75 want: 3.3.0
920 silly fetch manifest ajv@8.6.3
921 silly packumentCache full:https://registry.npmjs.org/ajv cache-miss
922 silly fetch manifest json-schema-to-ts@1.6.4
923 silly packumentCache full:https://registry.npmjs.org/json-schema-to-ts cache-miss
924 http cache https://registry.npmjs.org/json-schema-to-ts 1ms (cache hit)
925 silly packumentCache full:https://registry.npmjs.org/json-schema-to-ts set size:287972 disposed:false
926 http cache https://registry.npmjs.org/ajv 3ms (cache hit)
927 silly packumentCache full:https://registry.npmjs.org/ajv set size:1142658 disposed:false
928 silly placeDep ROOT @vercel/cervel@0.1.2 OK for: @vercel/express@0.1.85 want: 0.1.2
929 silly placeDep ROOT ts-morph@12.0.0 OK for: @vercel/express@0.1.85 want: 12.0.0
930 silly placeDep node_modules/@vercel/express zod@3.22.4 OK for: @vercel/express@0.1.85 want: 3.22.4
931 silly fetch manifest @ts-morph/common@~0.11.0
932 silly packumentCache full:https://registry.npmjs.org/@ts-morph%2fcommon cache-miss
933 silly fetch manifest code-block-writer@^10.1.1
934 silly packumentCache full:https://registry.npmjs.org/code-block-writer cache-miss
935 http cache https://registry.npmjs.org/@ts-morph%2fcommon 1ms (cache hit)
936 silly packumentCache full:https://registry.npmjs.org/@ts-morph%2fcommon set size:164227 disposed:false
937 http cache https://registry.npmjs.org/code-block-writer 2ms (cache hit)
938 silly packumentCache full:https://registry.npmjs.org/code-block-writer set size:203952 disposed:false
939 silly fetch manifest encoding@^0.1.0
940 silly packumentCache full:https://registry.npmjs.org/encoding cache-miss
941 http cache https://registry.npmjs.org/encoding 1ms (cache hit)
942 silly packumentCache full:https://registry.npmjs.org/encoding set size:17833 disposed:false
943 silly placeDep ROOT @tootallnate/once@2.0.0 OK for: @vercel/fun@1.3.0 want: 2.0.0
944 silly placeDep ROOT async-listen@1.2.0 OK for: @vercel/fun@1.3.0 want: 1.2.0
945 silly placeDep ROOT debug@4.3.4 OK for: @vercel/fun@1.3.0 want: 4.3.4
946 silly placeDep ROOT generic-pool@3.4.2 OK for: @vercel/fun@1.3.0 want: 3.4.2
947 silly placeDep ROOT micro@9.3.5-canary.3 OK for: @vercel/fun@1.3.0 want: 9.3.5-canary.3
948 silly placeDep ROOT ms@2.1.1 OK for: @vercel/fun@1.3.0 want: 2.1.1
949 silly placeDep ROOT node-fetch@2.6.7 OK for: @vercel/fun@1.3.0 want: 2.6.7
950 silly placeDep node_modules/@vercel/fun path-to-regexp@8.2.0 OK for: @vercel/fun@1.3.0 want: 8.2.0
951 silly placeDep ROOT promisepipe@3.0.0 OK for: @vercel/fun@1.3.0 want: 3.0.0
952 silly placeDep ROOT semver@7.5.4 OK for: @vercel/fun@1.3.0 want: 7.5.4
953 silly placeDep ROOT stat-mode@0.3.0 OK for: @vercel/fun@1.3.0 want: 0.3.0
954 silly placeDep ROOT stream-to-promise@2.2.0 OK for: @vercel/fun@1.3.0 want: 2.2.0
955 silly placeDep ROOT tar@7.5.7 OK for: @vercel/fun@1.3.0 want: 7.5.7
956 silly placeDep ROOT tinyexec@0.3.2 OK for: @vercel/fun@1.3.0 want: 0.3.2
957 silly placeDep ROOT tree-kill@1.2.2 OK for: @vercel/fun@1.3.0 want: 1.2.2
958 silly placeDep ROOT uid-promise@1.0.0 OK for: @vercel/fun@1.3.0 want: 1.0.0
959 silly placeDep node_modules/@vercel/fun xdg-app-paths@5.1.0 OK for: @vercel/fun@1.3.0 want: 5.1.0
960 silly placeDep ROOT yauzl-promise@2.1.3 OK for: @vercel/fun@1.3.0 want: 2.1.3
961 silly fetch manifest ms@2.1.2
962 silly packumentCache full:https://registry.npmjs.org/ms cache-hit
963 silly fetch manifest arg@4.1.0
964 silly packumentCache full:https://registry.npmjs.org/arg cache-miss
965 silly fetch manifest raw-body@2.4.1
966 silly packumentCache full:https://registry.npmjs.org/raw-body cache-miss
967 silly fetch manifest content-type@1.0.4
968 silly packumentCache full:https://registry.npmjs.org/content-type cache-miss
969 silly fetch manifest whatwg-url@^5.0.0
970 silly packumentCache full:https://registry.npmjs.org/whatwg-url cache-miss
971 silly fetch manifest lru-cache@^6.0.0
972 silly packumentCache full:https://registry.npmjs.org/lru-cache cache-hit
973 silly fetch manifest any-promise@~1.3.0
974 silly packumentCache full:https://registry.npmjs.org/any-promise cache-miss
975 silly fetch manifest end-of-stream@~1.1.0
976 silly packumentCache full:https://registry.npmjs.org/end-of-stream cache-miss
977 silly fetch manifest stream-to-array@~2.3.0
978 silly packumentCache full:https://registry.npmjs.org/stream-to-array cache-miss
979 silly fetch manifest chownr@^3.0.0
980 silly packumentCache full:https://registry.npmjs.org/chownr cache-miss
981 silly fetch manifest yallist@^5.0.0
982 silly packumentCache full:https://registry.npmjs.org/yallist cache-miss
983 silly fetch manifest minipass@^7.1.2
984 silly packumentCache full:https://registry.npmjs.org/minipass cache-miss
985 silly fetch manifest minizlib@^3.1.0
986 silly packumentCache full:https://registry.npmjs.org/minizlib cache-miss
987 silly fetch manifest @isaacs/fs-minipass@^4.0.0
988 silly packumentCache full:https://registry.npmjs.org/@isaacs%2ffs-minipass cache-miss
989 silly fetch manifest xdg-portable@^7.0.0
990 silly packumentCache full:https://registry.npmjs.org/xdg-portable cache-hit
991 silly fetch manifest yauzl@^2.9.1
992 silly packumentCache full:https://registry.npmjs.org/yauzl cache-miss
993 silly fetch manifest yauzl-clone@^1.0.4
994 silly packumentCache full:https://registry.npmjs.org/yauzl-clone cache-miss
995 http cache https://registry.npmjs.org/end-of-stream 4ms (cache hit)
996 silly packumentCache full:https://registry.npmjs.org/end-of-stream set size:27842 disposed:false
997 http cache https://registry.npmjs.org/arg 5ms (cache hit)
998 silly packumentCache full:https://registry.npmjs.org/arg set size:67036 disposed:false
999 http cache https://registry.npmjs.org/any-promise 5ms (cache hit)
1000 silly packumentCache full:https://registry.npmjs.org/any-promise set size:20233 disposed:false
1001 http cache https://registry.npmjs.org/whatwg-url 5ms (cache hit)
1002 silly packumentCache full:https://registry.npmjs.org/whatwg-url set size:170765 disposed:false
1003 http cache https://registry.npmjs.org/raw-body 6ms (cache hit)
1004 silly packumentCache full:https://registry.npmjs.org/raw-body set size:117822 disposed:false
1005 http cache https://registry.npmjs.org/stream-to-array 7ms (cache hit)
1006 silly packumentCache full:https://registry.npmjs.org/stream-to-array set size:17179 disposed:false
1007 http cache https://registry.npmjs.org/chownr 7ms (cache hit)
1008 silly packumentCache full:https://registry.npmjs.org/chownr set size:22157 disposed:false
1009 http cache https://registry.npmjs.org/minipass 7ms (cache hit)
1010 silly packumentCache full:https://registry.npmjs.org/minipass set size:276925 disposed:false
1011 http cache https://registry.npmjs.org/yallist 8ms (cache hit)
1012 silly packumentCache full:https://registry.npmjs.org/yallist set size:34610 disposed:false
1013 http cache https://registry.npmjs.org/content-type 8ms (cache hit)
1014 silly packumentCache full:https://registry.npmjs.org/content-type set size:17311 disposed:false
1015 http cache https://registry.npmjs.org/@isaacs%2ffs-minipass 7ms (cache hit)
1016 silly packumentCache full:https://registry.npmjs.org/@isaacs%2ffs-minipass set size:7912 disposed:false
1017 http cache https://registry.npmjs.org/yauzl-clone 6ms (cache hit)
1018 silly packumentCache full:https://registry.npmjs.org/yauzl-clone set size:25046 disposed:false
1019 http cache https://registry.npmjs.org/minizlib 7ms (cache hit)
1020 silly packumentCache full:https://registry.npmjs.org/minizlib set size:62862 disposed:false
1021 http cache https://registry.npmjs.org/yauzl 7ms (cache hit)
1022 silly packumentCache full:https://registry.npmjs.org/yauzl set size:101008 disposed:false
1023 silly placeDep node_modules/@vercel/hono zod@3.22.4 OK for: @vercel/hono@0.2.78 want: 3.22.4
1024 silly fetch manifest rollup@^1.20.0||^2.0.0||^3.0.0||^4.0.0
1025 silly packumentCache full:https://registry.npmjs.org/rollup cache-miss
1026 http cache https://registry.npmjs.org/rollup 4ms (cache hit)
1027 silly packumentCache full:https://registry.npmjs.org/rollup set size:6181637 disposed:false
1028 silly placeDep ROOT @mapbox/node-pre-gyp@2.0.3 OK for: @vercel/nft@1.5.0 want: ^2.0.0
1029 silly placeDep ROOT @rollup/pluginutils@5.3.0 OK for: @vercel/nft@1.5.0 want: ^5.1.3
1030 silly placeDep ROOT acorn@8.16.0 OK for: @vercel/nft@1.5.0 want: ^8.6.0
1031 silly placeDep ROOT acorn-import-attributes@1.9.5 OK for: @vercel/nft@1.5.0 want: ^1.9.5
1032 silly placeDep ROOT async-sema@3.1.1 OK for: @vercel/nft@1.5.0 want: ^3.1.1
1033 silly placeDep ROOT bindings@1.5.0 OK for: @vercel/nft@1.5.0 want: ^1.4.0
1034 silly placeDep ROOT estree-walker@2.0.2 OK for: @vercel/nft@1.5.0 want: 2.0.2
1035 silly placeDep ROOT glob@13.0.6 OK for: @vercel/nft@1.5.0 want: ^13.0.0
1036 silly placeDep ROOT graceful-fs@4.2.11 OK for: @vercel/nft@1.5.0 want: ^4.2.9
1037 silly placeDep ROOT node-gyp-build@4.8.4 OK for: @vercel/nft@1.5.0 want: ^4.2.2
1038 silly placeDep ROOT picomatch@4.0.4 OK for: @vercel/nft@1.5.0 want: ^4.0.2
1039 silly placeDep ROOT resolve-from@5.0.0 OK for: @vercel/nft@1.5.0 want: ^5.0.0
1040 silly fetch manifest nopt@^8.0.0
1041 silly packumentCache full:https://registry.npmjs.org/nopt cache-miss
1042 silly fetch manifest consola@^3.2.3
1043 silly packumentCache full:https://registry.npmjs.org/consola cache-miss
1044 silly fetch manifest detect-libc@^2.0.0
1045 silly packumentCache full:https://registry.npmjs.org/detect-libc cache-miss
1046 silly fetch manifest https-proxy-agent@^7.0.5
1047 silly packumentCache full:https://registry.npmjs.org/https-proxy-agent cache-hit
1048 silly fetch manifest @types/estree@^1.0.0
1049 silly packumentCache full:https://registry.npmjs.org/@types%2festree cache-miss
1050 silly fetch manifest estree-walker@^2.0.2
1051 silly packumentCache full:https://registry.npmjs.org/estree-walker cache-hit
1052 silly fetch manifest file-uri-to-path@1.0.0
1053 silly packumentCache full:https://registry.npmjs.org/file-uri-to-path cache-miss
1054 silly fetch manifest minimatch@^10.2.2
1055 silly packumentCache full:https://registry.npmjs.org/minimatch cache-hit
1056 silly fetch manifest minipass@^7.1.3
1057 silly packumentCache full:https://registry.npmjs.org/minipass cache-hit
1058 silly fetch manifest path-scurry@^2.0.2
1059 silly packumentCache full:https://registry.npmjs.org/path-scurry cache-miss
1060 http cache https://registry.npmjs.org/consola 2ms (cache hit)
1061 silly packumentCache full:https://registry.npmjs.org/consola set size:324648 disposed:false
1062 http cache https://registry.npmjs.org/file-uri-to-path 3ms (cache hit)
1063 silly packumentCache full:https://registry.npmjs.org/file-uri-to-path set size:10154 disposed:false
1064 http cache https://registry.npmjs.org/nopt 4ms (cache hit)
1065 silly packumentCache full:https://registry.npmjs.org/nopt set size:71485 disposed:false
1066 http cache https://registry.npmjs.org/@types%2festree 4ms (cache hit)
1067 silly packumentCache full:https://registry.npmjs.org/@types%2festree set size:76072 disposed:false
1068 http cache https://registry.npmjs.org/detect-libc 4ms (cache hit)
1069 silly packumentCache full:https://registry.npmjs.org/detect-libc set size:47861 disposed:false
1070 http cache https://registry.npmjs.org/path-scurry 5ms (cache hit)
1071 silly packumentCache full:https://registry.npmjs.org/path-scurry set size:117612 disposed:false
1072 silly placeDep ROOT consola@3.4.2 OK for: @mapbox/node-pre-gyp@2.0.3 want: ^3.2.3
1073 silly placeDep ROOT detect-libc@2.1.2 OK for: @mapbox/node-pre-gyp@2.0.3 want: ^2.0.0
1074 silly placeDep ROOT https-proxy-agent@7.0.6 OK for: @mapbox/node-pre-gyp@2.0.3 want: ^7.0.5
1075 silly placeDep ROOT nopt@8.1.0 OK for: @mapbox/node-pre-gyp@2.0.3 want: ^8.0.0
1076 silly fetch manifest agent-base@^7.1.2
1077 silly packumentCache full:https://registry.npmjs.org/agent-base cache-hit
1078 silly fetch manifest abbrev@^3.0.0
1079 silly packumentCache full:https://registry.npmjs.org/abbrev cache-miss
1080 http cache https://registry.npmjs.org/abbrev 1ms (cache hit)
1081 silly packumentCache full:https://registry.npmjs.org/abbrev set size:24244 disposed:false
1082 silly placeDep ROOT @types/estree@1.0.9 OK for: @rollup/pluginutils@5.3.0 want: ^1.0.0
1083 silly placeDep ROOT @edge-runtime/node-utils@2.3.0 OK for: @vercel/node@5.7.17 want: 2.3.0
1084 silly placeDep ROOT @edge-runtime/primitives@4.1.0 OK for: @vercel/node@5.7.17 want: 4.1.0
1085 silly placeDep ROOT @edge-runtime/vm@3.2.0 OK for: @vercel/node@5.7.17 want: 3.2.0
1086 silly placeDep ROOT @types/node@20.11.0 OK for: @vercel/node@5.7.17 want: 20.11.0
1087 silly placeDep ROOT @vercel/error-utils@2.1.0 OK for: @vercel/node@5.7.17 want: 2.1.0
1088 silly placeDep node_modules/@vercel/node async-listen@3.0.0 OK for: @vercel/node@5.7.17 want: 3.0.0
1089 silly placeDep ROOT edge-runtime@2.5.9 OK for: @vercel/node@5.7.17 want: 2.5.9
1090 silly placeDep node_modules/@vercel/node es-module-lexer@1.4.1 OK for: @vercel/node@5.7.17 want: 1.4.1
1091 silly placeDep ROOT etag@1.8.1 OK for: @vercel/node@5.7.17 want: 1.8.1
1092 silly placeDep ROOT mime-types@2.1.35 OK for: @vercel/node@5.7.17 want: 2.1.35
1093 silly placeDep node_modules/@vercel/node node-fetch@2.6.9 OK for: @vercel/node@5.7.17 want: 2.6.9
1094 silly placeDep node_modules/@vercel/node path-to-regexp@6.1.0 OK for: @vercel/node@5.7.17 want: 6.1.0
1095 silly placeDep ROOT path-to-regexp-updated@6.3.0 OK for: @vercel/node@5.7.17 want: npm:path-to-regexp@6.3.0
1096 silly placeDep ROOT typescript@5.9.3 OK for: @vercel/node@5.7.17 want: npm:typescript@5.9.3
1097 silly placeDep node_modules/@vercel/node undici@5.28.4 OK for: @vercel/node@5.7.17 want: 5.28.4
1098 silly fetch manifest undici-types@~5.26.4
1099 silly packumentCache full:https://registry.npmjs.org/undici-types cache-miss
1100 silly fetch manifest mri@1.2.0
1101 silly packumentCache full:https://registry.npmjs.org/mri cache-miss
1102 silly fetch manifest pretty-ms@7.0.1
1103 silly packumentCache full:https://registry.npmjs.org/pretty-ms cache-miss
1104 silly fetch manifest time-span@4.0.0
1105 silly packumentCache full:https://registry.npmjs.org/time-span cache-miss
1106 silly fetch manifest picocolors@1.0.0
1107 silly packumentCache full:https://registry.npmjs.org/picocolors cache-miss
1108 silly fetch manifest signal-exit@4.0.2
1109 silly packumentCache full:https://registry.npmjs.org/signal-exit cache-hit
1110 silly fetch manifest async-listen@3.0.1
1111 silly packumentCache full:https://registry.npmjs.org/async-listen cache-hit
1112 silly fetch manifest @edge-runtime/format@2.2.1
1113 silly packumentCache full:https://registry.npmjs.org/@edge-runtime%2fformat cache-miss
1114 silly fetch manifest @edge-runtime/ponyfill@2.4.2
1115 silly packumentCache full:https://registry.npmjs.org/@edge-runtime%2fponyfill cache-miss
1116 silly fetch manifest mime-db@1.52.0
1117 silly packumentCache full:https://registry.npmjs.org/mime-db cache-miss
1118 silly fetch manifest @fastify/busboy@^2.0.0
1119 silly packumentCache full:https://registry.npmjs.org/@fastify%2fbusboy cache-miss
1120 http cache https://registry.npmjs.org/mri 3ms (cache hit)
1121 silly packumentCache full:https://registry.npmjs.org/mri set size:28195 disposed:false
1122 http cache https://registry.npmjs.org/picocolors 3ms (cache hit)
1123 silly packumentCache full:https://registry.npmjs.org/picocolors set size:16648 disposed:false
1124 http cache https://registry.npmjs.org/time-span 3ms (cache hit)
1125 silly packumentCache full:https://registry.npmjs.org/time-span set size:18816 disposed:false
1126 http cache https://registry.npmjs.org/mime-db 2ms (cache hit)
1127 silly packumentCache full:https://registry.npmjs.org/mime-db set size:164953 disposed:false
1128 http cache https://registry.npmjs.org/@edge-runtime%2fformat 4ms (cache hit)
1129 silly packumentCache full:https://registry.npmjs.org/@edge-runtime%2fformat set size:99857 disposed:false
1130 http cache https://registry.npmjs.org/@fastify%2fbusboy 3ms (cache hit)
1131 silly packumentCache full:https://registry.npmjs.org/@fastify%2fbusboy set size:62369 disposed:false
1132 http cache https://registry.npmjs.org/undici-types 5ms (cache hit)
1133 silly packumentCache full:https://registry.npmjs.org/undici-types set size:212662 disposed:false
1134 http cache https://registry.npmjs.org/pretty-ms 5ms (cache hit)
1135 silly packumentCache full:https://registry.npmjs.org/pretty-ms set size:61783 disposed:false
1136 http cache https://registry.npmjs.org/@edge-runtime%2fponyfill 6ms (cache hit)
1137 silly packumentCache full:https://registry.npmjs.org/@edge-runtime%2fponyfill set size:65733 disposed:false
1138 silly placeDep ROOT undici-types@5.26.5 OK for: @types/node@20.11.0 want: ~5.26.4
1139 silly placeDep ROOT @bytecodealliance/preview2-shim@0.17.6 OK for: @vercel/python-analysis@0.11.1 want: 0.17.6
1140 silly placeDep ROOT @renovatebot/pep440@4.2.1 OK for: @vercel/python-analysis@0.11.1 want: 4.2.1
1141 silly placeDep node_modules/@vercel/python-analysis fs-extra@11.1.1 OK for: @vercel/python-analysis@0.11.1 want: 11.1.1
1142 silly placeDep node_modules/@vercel/python-analysis js-yaml@4.1.1 OK for: @vercel/python-analysis@0.11.1 want: 4.1.1
1143 silly placeDep ROOT minimatch@10.1.1 OK for: @vercel/python-analysis@0.11.1 want: 10.1.1
1144 silly placeDep node_modules/@vercel/python-analysis zod@3.22.4 OK for: @vercel/python-analysis@0.11.1 want: 3.22.4
1145 silly fetch manifest argparse@^2.0.1
1146 silly packumentCache full:https://registry.npmjs.org/argparse cache-hit
1147 silly fetch manifest @isaacs/brace-expansion@^5.0.0
1148 silly packumentCache full:https://registry.npmjs.org/@isaacs%2fbrace-expansion cache-miss
1149 http cache https://registry.npmjs.org/@isaacs%2fbrace-expansion 1ms (cache hit)
1150 silly packumentCache full:https://registry.npmjs.org/@isaacs%2fbrace-expansion set size:7366 disposed:false
1151 silly placeDep node_modules/@vercel/redwood semver@6.3.1 OK for: @vercel/redwood@2.4.13 want: 6.3.1
1152 silly placeDep node_modules/@vercel/remix-builder path-to-regexp@6.1.0 OK for: @vercel/remix-builder@5.8.1 want: 6.1.0
1153 silly placeDep node_modules/@vercel/rust execa@5.1.1 OK for: @vercel/rust@1.2.0 want: 5
1154 silly fetch manifest onetime@^5.1.2
1155 silly packumentCache full:https://registry.npmjs.org/onetime cache-hit
1156 silly fetch manifest get-stream@^6.0.0
1157 silly packumentCache full:https://registry.npmjs.org/get-stream cache-hit
1158 silly fetch manifest cross-spawn@^7.0.3
1159 silly packumentCache full:https://registry.npmjs.org/cross-spawn cache-hit
1160 silly fetch manifest signal-exit@^3.0.3
1161 silly packumentCache full:https://registry.npmjs.org/signal-exit cache-hit
1162 silly fetch manifest npm-run-path@^4.0.1
1163 silly packumentCache full:https://registry.npmjs.org/npm-run-path cache-hit
1164 silly fetch manifest human-signals@^2.1.0
1165 silly packumentCache full:https://registry.npmjs.org/human-signals cache-hit
1166 silly placeDep ROOT @vercel/gatsby-plugin-vercel-analytics@1.0.11 OK for: @vercel/static-build@2.9.24 want: 1.0.11
1167 silly placeDep ROOT @vercel/gatsby-plugin-vercel-builder@2.2.2 OK for: @vercel/static-build@2.9.24 want: 2.2.2
1168 silly fetch manifest web-vitals@0.2.4
1169 silly packumentCache full:https://registry.npmjs.org/web-vitals cache-miss
1170 silly fetch manifest @sinclair/typebox@0.25.24
1171 silly packumentCache full:https://registry.npmjs.org/@sinclair%2ftypebox cache-miss
1172 http cache https://registry.npmjs.org/web-vitals 2ms (cache hit)
1173 silly packumentCache full:https://registry.npmjs.org/web-vitals set size:517468 disposed:false
1174 http cache https://registry.npmjs.org/@sinclair%2ftypebox 3ms (cache hit)
1175 silly packumentCache full:https://registry.npmjs.org/@sinclair%2ftypebox set size:1230117 disposed:false
1176 silly placeDep ROOT web-vitals@0.2.4 OK for: @vercel/gatsby-plugin-vercel-analytics@1.0.11 want: 0.2.4
1177 silly placeDep ROOT @sinclair/typebox@0.25.24 OK for: @vercel/gatsby-plugin-vercel-builder@2.2.2 want: 0.25.24
1178 silly placeDep ROOT ajv@8.6.3 OK for: @vercel/static-config@3.3.0 want: 8.6.3
1179 silly placeDep ROOT json-schema-to-ts@1.6.4 OK for: @vercel/static-config@3.3.0 want: 1.6.4
1180 silly fetch manifest uri-js@^4.2.2
1181 silly packumentCache full:https://registry.npmjs.org/uri-js cache-miss
1182 silly fetch manifest fast-deep-equal@^3.1.1
1183 silly packumentCache full:https://registry.npmjs.org/fast-deep-equal cache-miss
1184 silly fetch manifest require-from-string@^2.0.2
1185 silly packumentCache full:https://registry.npmjs.org/require-from-string cache-miss
1186 silly fetch manifest json-schema-traverse@^1.0.0
1187 silly packumentCache full:https://registry.npmjs.org/json-schema-traverse cache-miss
1188 silly fetch manifest ts-toolbelt@^6.15.5
1189 silly packumentCache full:https://registry.npmjs.org/ts-toolbelt cache-miss
1190 silly fetch manifest @types/json-schema@^7.0.6
1191 silly packumentCache full:https://registry.npmjs.org/@types%2fjson-schema cache-miss
1192 http cache https://registry.npmjs.org/json-schema-traverse 1ms (cache hit)
1193 silly packumentCache full:https://registry.npmjs.org/json-schema-traverse set size:23537 disposed:false
1194 http cache https://registry.npmjs.org/require-from-string 1ms (cache hit)
1195 silly packumentCache full:https://registry.npmjs.org/require-from-string set size:15128 disposed:false
1196 http cache https://registry.npmjs.org/fast-deep-equal 2ms (cache hit)
1197 silly packumentCache full:https://registry.npmjs.org/fast-deep-equal set size:48634 disposed:false
1198 http cache https://registry.npmjs.org/uri-js 2ms (cache hit)
1199 silly packumentCache full:https://registry.npmjs.org/uri-js set size:42559 disposed:false
1200 http cache https://registry.npmjs.org/@types%2fjson-schema 2ms (cache hit)
1201 silly packumentCache full:https://registry.npmjs.org/@types%2fjson-schema set size:44704 disposed:false
1202 http cache https://registry.npmjs.org/ts-toolbelt 8ms (cache hit)
1203 silly packumentCache full:https://registry.npmjs.org/ts-toolbelt set size:10549005 disposed:false
1204 silly placeDep ROOT tslib@2.8.1 OK for: @yarnpkg/parsers@3.0.3 want: ^2.4.0
1205 silly placeDep ROOT fast-deep-equal@3.1.3 OK for: ajv@8.6.3 want: ^3.1.1
1206 silly placeDep ROOT json-schema-traverse@1.0.0 OK for: ajv@8.6.3 want: ^1.0.0
1207 silly placeDep ROOT require-from-string@2.0.2 OK for: ajv@8.6.3 want: ^2.0.2
1208 silly placeDep ROOT uri-js@4.4.1 OK for: ajv@8.6.3 want: ^4.2.2
1209 silly fetch manifest punycode@^2.1.0
1210 silly packumentCache full:https://registry.npmjs.org/punycode cache-miss
1211 http cache https://registry.npmjs.org/punycode 3ms (cache hit)
1212 silly packumentCache full:https://registry.npmjs.org/punycode set size:61278 disposed:false
1213 silly placeDep ROOT retry@0.13.1 OK for: async-retry@1.3.3 want: 0.13.1
1214 silly placeDep ROOT file-uri-to-path@1.0.0 OK for: bindings@1.5.0 want: 1.0.0
1215 silly placeDep ROOT readdirp@4.1.2 OK for: chokidar@4.0.0 want: ^4.0.1
1216 silly placeDep node_modules/debug ms@2.1.2 OK for: debug@4.3.4 want: 2.1.2
1217 silly placeDep ROOT @edge-runtime/format@2.2.1 OK for: edge-runtime@2.5.9 want: 2.2.1
1218 silly placeDep ROOT @edge-runtime/ponyfill@2.4.2 OK for: edge-runtime@2.5.9 want: 2.4.2
1219 silly placeDep node_modules/edge-runtime async-listen@3.0.1 OK for: edge-runtime@2.5.9 want: 3.0.1
1220 silly placeDep ROOT mri@1.2.0 OK for: edge-runtime@2.5.9 want: 1.2.0
1221 silly placeDep ROOT picocolors@1.0.0 OK for: edge-runtime@2.5.9 want: 1.0.0
1222 silly placeDep ROOT pretty-ms@7.0.1 OK for: edge-runtime@2.5.9 want: 7.0.1
1223 silly placeDep ROOT signal-exit@4.0.2 OK for: edge-runtime@2.5.9 want: 4.0.2
1224 silly placeDep ROOT time-span@4.0.0 OK for: edge-runtime@2.5.9 want: 4.0.0
1225 silly fetch manifest parse-ms@^2.1.0
1226 silly packumentCache full:https://registry.npmjs.org/parse-ms cache-miss
1227 silly fetch manifest convert-hrtime@^3.0.0
1228 silly packumentCache full:https://registry.npmjs.org/convert-hrtime cache-miss
1229 http cache https://registry.npmjs.org/convert-hrtime 1ms (cache hit)
1230 silly packumentCache full:https://registry.npmjs.org/convert-hrtime set size:12856 disposed:false
1231 http cache https://registry.npmjs.org/parse-ms 1ms (cache hit)
1232 silly packumentCache full:https://registry.npmjs.org/parse-ms set size:18020 disposed:false
1233 silly placeDep ROOT @esbuild/aix-ppc64@0.27.0 OK for: esbuild@0.27.0 want: 0.27.0
1234 silly placeDep ROOT @esbuild/android-arm@0.27.0 OK for: esbuild@0.27.0 want: 0.27.0
1235 silly placeDep ROOT @esbuild/android-arm64@0.27.0 OK for: esbuild@0.27.0 want: 0.27.0
1236 silly placeDep ROOT @esbuild/android-x64@0.27.0 OK for: esbuild@0.27.0 want: 0.27.0
1237 silly placeDep ROOT @esbuild/darwin-arm64@0.27.0 OK for: esbuild@0.27.0 want: 0.27.0
1238 silly placeDep ROOT @esbuild/darwin-x64@0.27.0 OK for: esbuild@0.27.0 want: 0.27.0
1239 silly placeDep ROOT @esbuild/freebsd-arm64@0.27.0 OK for: esbuild@0.27.0 want: 0.27.0
1240 silly placeDep ROOT @esbuild/freebsd-x64@0.27.0 OK for: esbuild@0.27.0 want: 0.27.0
1241 silly placeDep ROOT @esbuild/linux-arm@0.27.0 OK for: esbuild@0.27.0 want: 0.27.0
1242 silly placeDep ROOT @esbuild/linux-arm64@0.27.0 OK for: esbuild@0.27.0 want: 0.27.0
1243 silly placeDep ROOT @esbuild/linux-ia32@0.27.0 OK for: esbuild@0.27.0 want: 0.27.0
1244 silly placeDep ROOT @esbuild/linux-loong64@0.27.0 OK for: esbuild@0.27.0 want: 0.27.0
1245 silly placeDep ROOT @esbuild/linux-mips64el@0.27.0 OK for: esbuild@0.27.0 want: 0.27.0
1246 silly placeDep ROOT @esbuild/linux-ppc64@0.27.0 OK for: esbuild@0.27.0 want: 0.27.0
1247 silly placeDep ROOT @esbuild/linux-riscv64@0.27.0 OK for: esbuild@0.27.0 want: 0.27.0
1248 silly placeDep ROOT @esbuild/linux-s390x@0.27.0 OK for: esbuild@0.27.0 want: 0.27.0
1249 silly placeDep ROOT @esbuild/linux-x64@0.27.0 OK for: esbuild@0.27.0 want: 0.27.0
1250 silly placeDep ROOT @esbuild/netbsd-arm64@0.27.0 OK for: esbuild@0.27.0 want: 0.27.0
1251 silly placeDep ROOT @esbuild/netbsd-x64@0.27.0 OK for: esbuild@0.27.0 want: 0.27.0
1252 silly placeDep ROOT @esbuild/openbsd-arm64@0.27.0 OK for: esbuild@0.27.0 want: 0.27.0
1253 silly placeDep ROOT @esbuild/openbsd-x64@0.27.0 OK for: esbuild@0.27.0 want: 0.27.0
1254 silly placeDep ROOT @esbuild/openharmony-arm64@0.27.0 OK for: esbuild@0.27.0 want: 0.27.0
1255 silly placeDep ROOT @esbuild/sunos-x64@0.27.0 OK for: esbuild@0.27.0 want: 0.27.0
1256 silly placeDep ROOT @esbuild/win32-arm64@0.27.0 OK for: esbuild@0.27.0 want: 0.27.0
1257 silly placeDep ROOT @esbuild/win32-ia32@0.27.0 OK for: esbuild@0.27.0 want: 0.27.0
1258 silly placeDep ROOT @esbuild/win32-x64@0.27.0 OK for: esbuild@0.27.0 want: 0.27.0
1259 silly placeDep ROOT cross-spawn@7.0.6 OK for: execa@3.2.0 want: ^7.0.0
1260 silly placeDep ROOT get-stream@5.2.0 OK for: execa@3.2.0 want: ^5.0.0
1261 silly placeDep ROOT human-signals@1.1.1 OK for: execa@3.2.0 want: ^1.1.1
1262 silly placeDep ROOT is-stream@2.0.1 OK for: execa@3.2.0 want: ^2.0.0
1263 silly placeDep ROOT merge-stream@2.0.0 OK for: execa@3.2.0 want: ^2.0.0
1264 silly placeDep ROOT npm-run-path@4.0.1 OK for: execa@3.2.0 want: ^4.0.0
1265 silly placeDep ROOT onetime@5.1.2 OK for: execa@3.2.0 want: ^5.1.0
1266 silly placeDep ROOT p-finally@2.0.1 OK for: execa@3.2.0 want: ^2.0.0
1267 silly placeDep node_modules/execa signal-exit@3.0.7 OK for: execa@3.2.0 want: ^3.0.2
1268 silly placeDep ROOT strip-final-newline@2.0.0 OK for: execa@3.2.0 want: ^2.0.0
1269 silly fetch manifest which@^2.0.1
1270 silly packumentCache full:https://registry.npmjs.org/which cache-miss
1271 silly fetch manifest path-key@^3.1.0
1272 silly packumentCache full:https://registry.npmjs.org/path-key cache-miss
1273 silly fetch manifest shebang-command@^2.0.0
1274 silly packumentCache full:https://registry.npmjs.org/shebang-command cache-miss
1275 silly fetch manifest pump@^3.0.0
1276 silly packumentCache full:https://registry.npmjs.org/pump cache-miss
1277 silly fetch manifest path-key@^3.0.0
1278 silly packumentCache full:https://registry.npmjs.org/path-key cache-miss
1279 silly fetch manifest mimic-fn@^2.1.0
1280 silly packumentCache full:https://registry.npmjs.org/mimic-fn cache-miss
1281 http cache https://registry.npmjs.org/shebang-command 1ms (cache hit)
1282 silly packumentCache full:https://registry.npmjs.org/shebang-command set size:8525 disposed:false
1283 http cache https://registry.npmjs.org/path-key 1ms (cache hit)
1284 silly packumentCache full:https://registry.npmjs.org/path-key set size:16975 disposed:false
1285 http cache https://registry.npmjs.org/which 3ms (cache hit)
1286 silly packumentCache full:https://registry.npmjs.org/which set size:70143 disposed:false
1287 http cache https://registry.npmjs.org/pump 2ms (cache hit)
1288 silly packumentCache full:https://registry.npmjs.org/pump set size:41178 disposed:false
1289 http cache https://registry.npmjs.org/mimic-fn 2ms (cache hit)
1290 silly packumentCache full:https://registry.npmjs.org/mimic-fn set size:22257 disposed:false
1291 http cache https://registry.npmjs.org/path-key 2ms (cache hit)
1292 silly packumentCache full:https://registry.npmjs.org/path-key set size:16975 disposed:false
1293 silly packumentCache full:https://registry.npmjs.org/path-key dispose
1294 silly placeDep ROOT path-key@3.1.1 OK for: cross-spawn@7.0.6 want: ^3.1.0
1295 silly placeDep ROOT shebang-command@2.0.0 OK for: cross-spawn@7.0.6 want: ^2.0.0
1296 silly placeDep ROOT which@2.0.2 OK for: cross-spawn@7.0.6 want: ^2.0.1
1297 silly fetch manifest shebang-regex@^3.0.0
1298 silly packumentCache full:https://registry.npmjs.org/shebang-regex cache-miss
1299 silly fetch manifest isexe@^2.0.0
1300 silly packumentCache full:https://registry.npmjs.org/isexe cache-miss
1301 http cache https://registry.npmjs.org/shebang-regex 1ms (cache hit)
1302 silly packumentCache full:https://registry.npmjs.org/shebang-regex set size:9763 disposed:false
1303 http cache https://registry.npmjs.org/isexe 1ms (cache hit)
1304 silly packumentCache full:https://registry.npmjs.org/isexe set size:31756 disposed:false
1305 silly placeDep ROOT asynckit@0.4.0 OK for: form-data@4.0.5 want: ^0.4.0
1306 silly placeDep ROOT combined-stream@1.0.8 OK for: form-data@4.0.5 want: ^1.0.8
1307 silly placeDep ROOT es-set-tostringtag@2.1.0 OK for: form-data@4.0.5 want: ^2.1.0
1308 silly placeDep ROOT hasown@2.0.3 OK for: form-data@4.0.5 want: ^2.0.2
1309 silly fetch manifest delayed-stream@~1.0.0
1310 silly packumentCache full:https://registry.npmjs.org/delayed-stream cache-miss
1311 silly fetch manifest es-errors@^1.3.0
1312 silly packumentCache full:https://registry.npmjs.org/es-errors cache-miss
1313 silly fetch manifest get-intrinsic@^1.2.6
1314 silly packumentCache full:https://registry.npmjs.org/get-intrinsic cache-miss
1315 silly fetch manifest has-tostringtag@^1.0.2
1316 silly packumentCache full:https://registry.npmjs.org/has-tostringtag cache-miss
1317 silly fetch manifest function-bind@^1.1.2
1318 silly packumentCache full:https://registry.npmjs.org/function-bind cache-miss
1319 http cache https://registry.npmjs.org/get-intrinsic 2ms (cache hit)
1320 silly packumentCache full:https://registry.npmjs.org/get-intrinsic set size:60985 disposed:false
1321 http cache https://registry.npmjs.org/has-tostringtag 2ms (cache hit)
1322 silly packumentCache full:https://registry.npmjs.org/has-tostringtag set size:13945 disposed:false
1323 http cache https://registry.npmjs.org/delayed-stream 2ms (cache hit)
1324 silly packumentCache full:https://registry.npmjs.org/delayed-stream set size:15820 disposed:false
1325 http cache https://registry.npmjs.org/es-errors 2ms (cache hit)
1326 silly packumentCache full:https://registry.npmjs.org/es-errors set size:16918 disposed:false
1327 http cache https://registry.npmjs.org/function-bind 2ms (cache hit)
1328 silly packumentCache full:https://registry.npmjs.org/function-bind set size:15733 disposed:false
1329 silly placeDep ROOT delayed-stream@1.0.0 OK for: combined-stream@1.0.8 want: ~1.0.0
1330 silly placeDep ROOT es-errors@1.3.0 OK for: es-set-tostringtag@2.1.0 want: ^1.3.0
1331 silly placeDep ROOT get-intrinsic@1.3.0 OK for: es-set-tostringtag@2.1.0 want: ^1.2.6
1332 silly placeDep ROOT has-tostringtag@1.0.2 OK for: es-set-tostringtag@2.1.0 want: ^1.0.2
1333 silly fetch manifest gopd@^1.2.0
1334 silly packumentCache full:https://registry.npmjs.org/gopd cache-miss
1335 silly fetch manifest get-proto@^1.0.1
1336 silly packumentCache full:https://registry.npmjs.org/get-proto cache-miss
1337 silly fetch manifest has-symbols@^1.1.0
1338 silly packumentCache full:https://registry.npmjs.org/has-symbols cache-miss
1339 silly fetch manifest es-object-atoms@^1.1.1
1340 silly packumentCache full:https://registry.npmjs.org/es-object-atoms cache-miss
1341 silly fetch manifest math-intrinsics@^1.1.0
1342 silly packumentCache full:https://registry.npmjs.org/math-intrinsics cache-miss
1343 silly fetch manifest es-define-property@^1.0.1
1344 silly packumentCache full:https://registry.npmjs.org/es-define-property cache-miss
1345 silly fetch manifest call-bind-apply-helpers@^1.0.2
1346 silly packumentCache full:https://registry.npmjs.org/call-bind-apply-helpers cache-miss
1347 silly fetch manifest has-symbols@^1.0.3
1348 silly packumentCache full:https://registry.npmjs.org/has-symbols cache-miss
1349 http cache https://registry.npmjs.org/gopd 3ms (cache hit)
1350 silly packumentCache full:https://registry.npmjs.org/gopd set size:11458 disposed:false
1351 http cache https://registry.npmjs.org/math-intrinsics 2ms (cache hit)
1352 silly packumentCache full:https://registry.npmjs.org/math-intrinsics set size:9265 disposed:false
1353 http cache https://registry.npmjs.org/es-object-atoms 2ms (cache hit)
1354 silly packumentCache full:https://registry.npmjs.org/es-object-atoms set size:15304 disposed:false
1355 http cache https://registry.npmjs.org/get-proto 3ms (cache hit)
1356 silly packumentCache full:https://registry.npmjs.org/get-proto set size:8300 disposed:false
1357 http cache https://registry.npmjs.org/has-symbols 2ms (cache hit)
1358 silly packumentCache full:https://registry.npmjs.org/has-symbols set size:21550 disposed:false
1359 http cache https://registry.npmjs.org/es-define-property 2ms (cache hit)
1360 silly packumentCache full:https://registry.npmjs.org/es-define-property set size:8542 disposed:false
1361 http cache https://registry.npmjs.org/has-symbols 2ms (cache hit)
1362 silly packumentCache full:https://registry.npmjs.org/has-symbols set size:21550 disposed:false
1363 silly packumentCache full:https://registry.npmjs.org/has-symbols dispose
1364 http cache https://registry.npmjs.org/call-bind-apply-helpers 3ms (cache hit)
1365 silly packumentCache full:https://registry.npmjs.org/call-bind-apply-helpers set size:12744 disposed:false
1366 silly placeDep ROOT jsonfile@6.2.1 OK for: fs-extra@11.1.0 want: ^6.0.1
1367 silly placeDep ROOT universalify@2.0.1 OK for: fs-extra@11.1.0 want: ^2.0.0
1368 silly placeDep ROOT call-bind-apply-helpers@1.0.2 OK for: get-intrinsic@1.3.0 want: ^1.0.2
1369 silly placeDep ROOT es-define-property@1.0.1 OK for: get-intrinsic@1.3.0 want: ^1.0.1
1370 silly placeDep ROOT es-object-atoms@1.1.1 OK for: get-intrinsic@1.3.0 want: ^1.1.1
1371 silly placeDep ROOT function-bind@1.1.2 OK for: get-intrinsic@1.3.0 want: ^1.1.2
1372 silly placeDep ROOT get-proto@1.0.1 OK for: get-intrinsic@1.3.0 want: ^1.0.1
1373 silly placeDep ROOT gopd@1.2.0 OK for: get-intrinsic@1.3.0 want: ^1.2.0
1374 silly placeDep ROOT has-symbols@1.1.0 OK for: get-intrinsic@1.3.0 want: ^1.1.0
1375 silly placeDep ROOT math-intrinsics@1.1.0 OK for: get-intrinsic@1.3.0 want: ^1.1.0
1376 silly fetch manifest dunder-proto@^1.0.1
1377 silly packumentCache full:https://registry.npmjs.org/dunder-proto cache-miss
1378 http cache https://registry.npmjs.org/dunder-proto 1ms (cache hit)
1379 silly packumentCache full:https://registry.npmjs.org/dunder-proto set size:8256 disposed:false
1380 silly placeDep ROOT dunder-proto@1.0.1 OK for: get-proto@1.0.1 want: ^1.0.1
1381 silly placeDep ROOT pump@3.0.4 OK for: get-stream@5.2.0 want: ^3.0.0
1382 silly fetch manifest end-of-stream@^1.1.0
1383 silly packumentCache full:https://registry.npmjs.org/end-of-stream cache-hit
1384 silly fetch manifest once@^1.3.1
1385 silly packumentCache full:https://registry.npmjs.org/once cache-miss
1386 http cache https://registry.npmjs.org/once 1ms (cache hit)
1387 silly packumentCache full:https://registry.npmjs.org/once set size:11752 disposed:false
1388 silly placeDep node_modules/glob minimatch@10.2.5 OK for: glob@13.0.6 want: ^10.2.2
1389 silly placeDep ROOT minipass@7.1.3 OK for: glob@13.0.6 want: ^7.1.3
1390 silly placeDep ROOT path-scurry@2.0.2 OK for: glob@13.0.6 want: ^2.0.2
1391 silly fetch manifest brace-expansion@^5.0.5
1392 silly packumentCache full:https://registry.npmjs.org/brace-expansion cache-miss
1393 silly fetch manifest lru-cache@^11.0.0
1394 silly packumentCache full:https://registry.npmjs.org/lru-cache cache-hit
1395 http cache https://registry.npmjs.org/brace-expansion 1ms (cache hit)
1396 silly packumentCache full:https://registry.npmjs.org/brace-expansion set size:70654 disposed:false
1397 silly placeDep ROOT agent-base@7.1.4 OK for: https-proxy-agent@7.0.6 want: ^7.1.2
1398 silly placeDep ROOT argparse@1.0.10 OK for: js-yaml@3.14.2 want: ^1.0.7
1399 silly placeDep ROOT esprima@4.0.1 OK for: js-yaml@3.14.2 want: ^4.0.0
1400 silly fetch manifest sprintf-js@~1.0.2
1401 silly packumentCache full:https://registry.npmjs.org/sprintf-js cache-miss
1402 http cache https://registry.npmjs.org/sprintf-js 0ms (cache hit)
1403 silly packumentCache full:https://registry.npmjs.org/sprintf-js set size:20495 disposed:false
1404 silly placeDep ROOT sprintf-js@1.0.3 OK for: argparse@1.0.10 want: ~1.0.2
1405 silly placeDep ROOT @types/json-schema@7.0.15 OK for: json-schema-to-ts@1.6.4 want: ^7.0.6
1406 silly placeDep ROOT ts-toolbelt@6.15.5 OK for: json-schema-to-ts@1.6.4 want: ^6.15.5
1407 silly placeDep ROOT arg@4.1.0 OK for: micro@9.3.5-canary.3 want: 4.1.0
1408 silly placeDep ROOT content-type@1.0.4 OK for: micro@9.3.5-canary.3 want: 1.0.4
1409 silly placeDep ROOT raw-body@2.4.1 OK for: micro@9.3.5-canary.3 want: 2.4.1
1410 silly fetch manifest bytes@3.1.0
1411 silly packumentCache full:https://registry.npmjs.org/bytes cache-miss
1412 silly fetch manifest unpipe@1.0.0
1413 silly packumentCache full:https://registry.npmjs.org/unpipe cache-miss
1414 silly fetch manifest iconv-lite@0.4.24
1415 silly packumentCache full:https://registry.npmjs.org/iconv-lite cache-miss
1416 silly fetch manifest http-errors@1.7.3
1417 silly packumentCache full:https://registry.npmjs.org/http-errors cache-miss
1418 http cache https://registry.npmjs.org/bytes 1ms (cache hit)
1419 silly packumentCache full:https://registry.npmjs.org/bytes set size:37018 disposed:false
1420 http cache https://registry.npmjs.org/unpipe 1ms (cache hit)
1421 silly packumentCache full:https://registry.npmjs.org/unpipe set size:3609 disposed:false
1422 http cache https://registry.npmjs.org/iconv-lite 2ms (cache hit)
1423 silly packumentCache full:https://registry.npmjs.org/iconv-lite set size:120557 disposed:false
1424 http cache https://registry.npmjs.org/http-errors 2ms (cache hit)
1425 silly packumentCache full:https://registry.npmjs.org/http-errors set size:71987 disposed:false
1426 silly placeDep ROOT mime-db@1.52.0 OK for: mime-types@2.1.35 want: 1.52.0
1427 silly placeDep ROOT @isaacs/brace-expansion@5.0.1 OK for: minimatch@10.1.1 want: ^5.0.0
1428 silly fetch manifest @isaacs/balanced-match@^4.0.1
1429 silly packumentCache full:https://registry.npmjs.org/@isaacs%2fbalanced-match cache-miss
1430 http cache https://registry.npmjs.org/@isaacs%2fbalanced-match 1ms (cache hit)
1431 silly packumentCache full:https://registry.npmjs.org/@isaacs%2fbalanced-match set size:7823 disposed:false
1432 silly placeDep ROOT @isaacs/balanced-match@4.0.1 OK for: @isaacs/brace-expansion@5.0.1 want: ^4.0.1
1433 silly placeDep ROOT whatwg-url@5.0.0 OK for: node-fetch@2.6.7 want: ^5.0.0
1434 silly fetch manifest tr46@~0.0.3
1435 silly packumentCache full:https://registry.npmjs.org/tr46 cache-miss
1436 silly fetch manifest webidl-conversions@^3.0.0
1437 silly packumentCache full:https://registry.npmjs.org/webidl-conversions cache-miss
1438 http cache https://registry.npmjs.org/tr46 1ms (cache hit)
1439 silly packumentCache full:https://registry.npmjs.org/tr46 set size:47377 disposed:false
1440 http cache https://registry.npmjs.org/webidl-conversions 1ms (cache hit)
1441 silly packumentCache full:https://registry.npmjs.org/webidl-conversions set size:46073 disposed:false
1442 silly placeDep ROOT abbrev@3.0.1 OK for: nopt@8.1.0 want: ^3.0.0
1443 silly placeDep ROOT mimic-fn@2.1.0 OK for: onetime@5.1.2 want: ^2.1.0
1444 silly placeDep ROOT @oxc-transform/binding-android-arm-eabi@0.111.0 OK for: oxc-transform@0.111.0 want: 0.111.0
1445 silly placeDep ROOT @oxc-transform/binding-android-arm64@0.111.0 OK for: oxc-transform@0.111.0 want: 0.111.0
1446 silly placeDep ROOT @oxc-transform/binding-darwin-arm64@0.111.0 OK for: oxc-transform@0.111.0 want: 0.111.0
1447 silly placeDep ROOT @oxc-transform/binding-darwin-x64@0.111.0 OK for: oxc-transform@0.111.0 want: 0.111.0
1448 silly placeDep ROOT @oxc-transform/binding-freebsd-x64@0.111.0 OK for: oxc-transform@0.111.0 want: 0.111.0
1449 silly placeDep ROOT @oxc-transform/binding-linux-arm-gnueabihf@0.111.0 OK for: oxc-transform@0.111.0 want: 0.111.0
1450 silly placeDep ROOT @oxc-transform/binding-linux-arm-musleabihf@0.111.0 OK for: oxc-transform@0.111.0 want: 0.111.0
1451 silly placeDep ROOT @oxc-transform/binding-linux-arm64-gnu@0.111.0 OK for: oxc-transform@0.111.0 want: 0.111.0
1452 silly placeDep ROOT @oxc-transform/binding-linux-arm64-musl@0.111.0 OK for: oxc-transform@0.111.0 want: 0.111.0
1453 silly placeDep ROOT @oxc-transform/binding-linux-ppc64-gnu@0.111.0 OK for: oxc-transform@0.111.0 want: 0.111.0
1454 silly placeDep ROOT @oxc-transform/binding-linux-riscv64-gnu@0.111.0 OK for: oxc-transform@0.111.0 want: 0.111.0
1455 silly placeDep ROOT @oxc-transform/binding-linux-riscv64-musl@0.111.0 OK for: oxc-transform@0.111.0 want: 0.111.0
1456 silly placeDep ROOT @oxc-transform/binding-linux-s390x-gnu@0.111.0 OK for: oxc-transform@0.111.0 want: 0.111.0
1457 silly placeDep ROOT @oxc-transform/binding-linux-x64-gnu@0.111.0 OK for: oxc-transform@0.111.0 want: 0.111.0
1458 silly placeDep ROOT @oxc-transform/binding-linux-x64-musl@0.111.0 OK for: oxc-transform@0.111.0 want: 0.111.0
1459 silly placeDep ROOT @oxc-transform/binding-openharmony-arm64@0.111.0 OK for: oxc-transform@0.111.0 want: 0.111.0
1460 silly placeDep ROOT @oxc-transform/binding-wasm32-wasi@0.111.0 OK for: oxc-transform@0.111.0 want: 0.111.0
1461 silly placeDep ROOT @oxc-transform/binding-win32-arm64-msvc@0.111.0 OK for: oxc-transform@0.111.0 want: 0.111.0
1462 silly placeDep ROOT @oxc-transform/binding-win32-ia32-msvc@0.111.0 OK for: oxc-transform@0.111.0 want: 0.111.0
1463 silly placeDep ROOT @oxc-transform/binding-win32-x64-msvc@0.111.0 OK for: oxc-transform@0.111.0 want: 0.111.0
1464 silly fetch manifest @napi-rs/wasm-runtime@^1.1.1
1465 silly packumentCache full:https://registry.npmjs.org/@napi-rs%2fwasm-runtime cache-miss
1466 http cache https://registry.npmjs.org/@napi-rs%2fwasm-runtime 1ms (cache hit)
1467 silly packumentCache full:https://registry.npmjs.org/@napi-rs%2fwasm-runtime set size:71273 disposed:false
1468 silly fetch manifest @emnapi/core@^1.7.1
1469 silly packumentCache full:https://registry.npmjs.org/@emnapi%2fcore cache-miss
1470 http cache https://registry.npmjs.org/@emnapi%2fcore 1ms (cache hit)
1471 silly packumentCache full:https://registry.npmjs.org/@emnapi%2fcore set size:105841 disposed:false
1472 silly fetch manifest @emnapi/runtime@^1.7.1
1473 silly packumentCache full:https://registry.npmjs.org/@emnapi%2fruntime cache-miss
1474 http cache https://registry.npmjs.org/@emnapi%2fruntime 1ms (cache hit)
1475 silly packumentCache full:https://registry.npmjs.org/@emnapi%2fruntime set size:108129 disposed:false
1476 silly placeDep ROOT @napi-rs/wasm-runtime@1.1.4 OK for: @oxc-transform/binding-wasm32-wasi@0.111.0 want: ^1.1.1
1477 silly placeDep ROOT @emnapi/core@1.10.0 OK for: @napi-rs/wasm-runtime@1.1.4 want: ^1.7.1
1478 silly placeDep ROOT @emnapi/runtime@1.10.0 OK for: @napi-rs/wasm-runtime@1.1.4 want: ^1.7.1
1479 silly fetch manifest @tybys/wasm-util@^0.10.1
1480 silly packumentCache full:https://registry.npmjs.org/@tybys%2fwasm-util cache-miss
1481 silly fetch manifest @emnapi/wasi-threads@1.2.1
1482 silly packumentCache full:https://registry.npmjs.org/@emnapi%2fwasi-threads cache-miss
1483 http cache https://registry.npmjs.org/@emnapi%2fwasi-threads 1ms (cache hit)
1484 silly packumentCache full:https://registry.npmjs.org/@emnapi%2fwasi-threads set size:24206 disposed:false
1485 http cache https://registry.npmjs.org/@tybys%2fwasm-util 1ms (cache hit)
1486 silly packumentCache full:https://registry.npmjs.org/@tybys%2fwasm-util set size:57759 disposed:false
1487 silly placeDep ROOT @emnapi/wasi-threads@1.2.1 OK for: @emnapi/core@1.10.0 want: 1.2.1
1488 silly placeDep ROOT @tybys/wasm-util@0.10.2 OK for: @napi-rs/wasm-runtime@1.1.4 want: ^0.10.1
1489 silly placeDep ROOT lru-cache@11.3.6 OK for: path-scurry@2.0.2 want: ^11.0.0
1490 silly placeDep ROOT parse-ms@2.1.0 OK for: pretty-ms@7.0.1 want: ^2.1.0
1491 silly placeDep ROOT http-proxy-agent@7.0.2 OK for: proxy-agent@6.4.0 want: ^7.0.1
1492 silly placeDep node_modules/proxy-agent lru-cache@7.18.3 OK for: proxy-agent@6.4.0 want: ^7.14.1
1493 silly placeDep ROOT pac-proxy-agent@7.2.0 OK for: proxy-agent@6.4.0 want: ^7.0.1
1494 silly placeDep ROOT proxy-from-env@1.1.0 OK for: proxy-agent@6.4.0 want: ^1.1.0
1495 silly placeDep ROOT socks-proxy-agent@8.0.5 OK for: proxy-agent@6.4.0 want: ^8.0.2
1496 silly fetch manifest get-uri@^6.0.1
1497 silly packumentCache full:https://registry.npmjs.org/get-uri cache-miss
1498 silly fetch manifest pac-resolver@^7.0.1
1499 silly packumentCache full:https://registry.npmjs.org/pac-resolver cache-miss
1500 silly fetch manifest socks-proxy-agent@^8.0.5
1501 silly packumentCache full:https://registry.npmjs.org/socks-proxy-agent cache-hit
1502 silly fetch manifest @tootallnate/quickjs-emscripten@^0.23.0
1503 silly packumentCache full:https://registry.npmjs.org/@tootallnate%2fquickjs-emscripten cache-miss
1504 silly fetch manifest socks@^2.8.3
1505 silly packumentCache full:https://registry.npmjs.org/socks cache-miss
1506 http cache https://registry.npmjs.org/@tootallnate%2fquickjs-emscripten 1ms (cache hit)
1507 silly packumentCache full:https://registry.npmjs.org/@tootallnate%2fquickjs-emscripten set size:27622 disposed:false
1508 http cache https://registry.npmjs.org/get-uri 2ms (cache hit)
1509 silly packumentCache full:https://registry.npmjs.org/get-uri set size:62423 disposed:false
1510 http cache https://registry.npmjs.org/socks 1ms (cache hit)
1511 silly packumentCache full:https://registry.npmjs.org/socks set size:173143 disposed:false
1512 http cache https://registry.npmjs.org/pac-resolver 2ms (cache hit)
1513 silly packumentCache full:https://registry.npmjs.org/pac-resolver set size:61269 disposed:false
1514 silly placeDep ROOT @tootallnate/quickjs-emscripten@0.23.0 OK for: pac-proxy-agent@7.2.0 want: ^0.23.0
1515 silly placeDep ROOT get-uri@6.0.5 OK for: pac-proxy-agent@7.2.0 want: ^6.0.1
1516 silly placeDep ROOT pac-resolver@7.0.1 OK for: pac-proxy-agent@7.2.0 want: ^7.0.1
1517 silly fetch manifest basic-ftp@^5.0.2
1518 silly packumentCache full:https://registry.npmjs.org/basic-ftp cache-miss
1519 silly fetch manifest data-uri-to-buffer@^6.0.2
1520 silly packumentCache full:https://registry.npmjs.org/data-uri-to-buffer cache-miss
1521 silly fetch manifest netmask@^2.0.2
1522 silly packumentCache full:https://registry.npmjs.org/netmask cache-miss
1523 silly fetch manifest degenerator@^5.0.0
1524 silly packumentCache full:https://registry.npmjs.org/degenerator cache-miss
1525 http cache https://registry.npmjs.org/data-uri-to-buffer 1ms (cache hit)
1526 silly packumentCache full:https://registry.npmjs.org/data-uri-to-buffer set size:48018 disposed:false
1527 http cache https://registry.npmjs.org/basic-ftp 2ms (cache hit)
1528 silly packumentCache full:https://registry.npmjs.org/basic-ftp set size:297552 disposed:false
1529 http cache https://registry.npmjs.org/netmask 3ms (cache hit)
1530 silly packumentCache full:https://registry.npmjs.org/netmask set size:25703 disposed:false
1531 http cache https://registry.npmjs.org/degenerator 3ms (cache hit)
1532 silly packumentCache full:https://registry.npmjs.org/degenerator set size:77133 disposed:false
1533 silly placeDep ROOT basic-ftp@5.3.1 OK for: get-uri@6.0.5 want: ^5.0.2
1534 silly placeDep ROOT data-uri-to-buffer@6.0.2 OK for: get-uri@6.0.5 want: ^6.0.2
1535 silly placeDep ROOT degenerator@5.0.1 OK for: pac-resolver@7.0.1 want: ^5.0.0
1536 silly placeDep ROOT netmask@2.1.1 OK for: pac-resolver@7.0.1 want: ^2.0.2
1537 silly fetch manifest ast-types@^0.13.4
1538 silly packumentCache full:https://registry.npmjs.org/ast-types cache-miss
1539 silly fetch manifest escodegen@^2.1.0
1540 silly packumentCache full:https://registry.npmjs.org/escodegen cache-miss
1541 http cache https://registry.npmjs.org/escodegen 1ms (cache hit)
1542 silly packumentCache full:https://registry.npmjs.org/escodegen set size:119723 disposed:false
1543 http cache https://registry.npmjs.org/ast-types 2ms (cache hit)
1544 silly packumentCache full:https://registry.npmjs.org/ast-types set size:443020 disposed:false
1545 silly placeDep ROOT ast-types@0.13.4 OK for: degenerator@5.0.1 want: ^0.13.4
1546 silly placeDep ROOT escodegen@2.1.0 OK for: degenerator@5.0.1 want: ^2.1.0
1547 silly fetch manifest estraverse@^5.2.0
1548 silly packumentCache full:https://registry.npmjs.org/estraverse cache-miss
1549 silly fetch manifest esutils@^2.0.2
1550 silly packumentCache full:https://registry.npmjs.org/esutils cache-miss
1551 silly fetch manifest source-map@~0.6.1
1552 silly packumentCache full:https://registry.npmjs.org/source-map cache-miss
1553 http cache https://registry.npmjs.org/estraverse 1ms (cache hit)
1554 silly packumentCache full:https://registry.npmjs.org/estraverse set size:62412 disposed:false
1555 http cache https://registry.npmjs.org/esutils 2ms (cache hit)
1556 silly packumentCache full:https://registry.npmjs.org/esutils set size:29522 disposed:false
1557 http cache https://registry.npmjs.org/source-map 1ms (cache hit)
1558 silly packumentCache full:https://registry.npmjs.org/source-map set size:226212 disposed:false
1559 silly placeDep ROOT estraverse@5.3.0 OK for: escodegen@2.1.0 want: ^5.2.0
1560 silly placeDep ROOT esutils@2.0.3 OK for: escodegen@2.1.0 want: ^2.0.2
1561 silly placeDep ROOT source-map@0.6.1 OK for: escodegen@2.1.0 want: ~0.6.1
1562 silly placeDep ROOT end-of-stream@1.4.5 OK for: pump@3.0.4 want: ^1.1.0
1563 silly placeDep ROOT once@1.4.0 OK for: pump@3.0.4 want: ^1.3.1
1564 silly fetch manifest once@^1.4.0
1565 silly packumentCache full:https://registry.npmjs.org/once cache-hit
1566 silly fetch manifest wrappy@1
1567 silly packumentCache full:https://registry.npmjs.org/wrappy cache-miss
1568 http cache https://registry.npmjs.org/wrappy 1ms (cache hit)
1569 silly packumentCache full:https://registry.npmjs.org/wrappy set size:7682 disposed:false
1570 silly placeDep ROOT wrappy@1.0.2 OK for: once@1.4.0 want: 1
1571 silly placeDep ROOT bytes@3.1.0 OK for: raw-body@2.4.1 want: 3.1.0
1572 silly placeDep ROOT http-errors@1.7.3 OK for: raw-body@2.4.1 want: 1.7.3
1573 silly placeDep ROOT iconv-lite@0.4.24 OK for: raw-body@2.4.1 want: 0.4.24
1574 silly placeDep ROOT unpipe@1.0.0 OK for: raw-body@2.4.1 want: 1.0.0
1575 silly fetch manifest depd@~1.1.2
1576 silly packumentCache full:https://registry.npmjs.org/depd cache-miss
1577 silly fetch manifest inherits@2.0.4
1578 silly packumentCache full:https://registry.npmjs.org/inherits cache-miss
1579 silly fetch manifest statuses@>= 1.5.0 < 2
1580 silly packumentCache full:https://registry.npmjs.org/statuses cache-miss
1581 silly fetch manifest toidentifier@1.0.0
1582 silly packumentCache full:https://registry.npmjs.org/toidentifier cache-miss
1583 silly fetch manifest setprototypeof@1.1.1
1584 silly packumentCache full:https://registry.npmjs.org/setprototypeof cache-miss
1585 silly fetch manifest safer-buffer@>= 2.1.2 < 3
1586 silly packumentCache full:https://registry.npmjs.org/safer-buffer cache-miss
1587 http cache https://registry.npmjs.org/depd 1ms (cache hit)
1588 silly packumentCache full:https://registry.npmjs.org/depd set size:40182 disposed:false
1589 http cache https://registry.npmjs.org/inherits 1ms (cache hit)
1590 silly packumentCache full:https://registry.npmjs.org/inherits set size:12925 disposed:false
1591 http cache https://registry.npmjs.org/setprototypeof 2ms (cache hit)
1592 silly packumentCache full:https://registry.npmjs.org/setprototypeof set size:14532 disposed:false
1593 http cache https://registry.npmjs.org/toidentifier 2ms (cache hit)
1594 silly packumentCache full:https://registry.npmjs.org/toidentifier set size:12006 disposed:false
1595 http cache https://registry.npmjs.org/statuses 2ms (cache hit)
1596 silly packumentCache full:https://registry.npmjs.org/statuses set size:37117 disposed:false
1597 http cache https://registry.npmjs.org/safer-buffer 2ms (cache hit)
1598 silly packumentCache full:https://registry.npmjs.org/safer-buffer set size:18521 disposed:false
1599 silly placeDep ROOT depd@1.1.2 OK for: http-errors@1.7.3 want: ~1.1.2
1600 silly placeDep ROOT inherits@2.0.4 OK for: http-errors@1.7.3 want: 2.0.4
1601 silly placeDep ROOT setprototypeof@1.1.1 OK for: http-errors@1.7.3 want: 1.1.1
1602 silly placeDep ROOT statuses@1.5.0 OK for: http-errors@1.7.3 want: >= 1.5.0 < 2
1603 silly placeDep ROOT toidentifier@1.0.0 OK for: http-errors@1.7.3 want: 1.0.0
1604 silly placeDep ROOT safer-buffer@2.1.2 OK for: iconv-lite@0.4.24 want: >= 2.1.2 < 3
1605 silly placeDep ROOT @oxc-project/types@0.110.0 OK for: rolldown@1.0.0-rc.1 want: =0.110.0
1606 silly placeDep ROOT @rolldown/binding-android-arm64@1.0.0-rc.1 OK for: rolldown@1.0.0-rc.1 want: 1.0.0-rc.1
1607 silly placeDep ROOT @rolldown/binding-darwin-arm64@1.0.0-rc.1 OK for: rolldown@1.0.0-rc.1 want: 1.0.0-rc.1
1608 silly placeDep ROOT @rolldown/binding-darwin-x64@1.0.0-rc.1 OK for: rolldown@1.0.0-rc.1 want: 1.0.0-rc.1
1609 silly placeDep ROOT @rolldown/binding-freebsd-x64@1.0.0-rc.1 OK for: rolldown@1.0.0-rc.1 want: 1.0.0-rc.1
1610 silly placeDep ROOT @rolldown/binding-linux-arm-gnueabihf@1.0.0-rc.1 OK for: rolldown@1.0.0-rc.1 want: 1.0.0-rc.1
1611 silly placeDep ROOT @rolldown/binding-linux-arm64-gnu@1.0.0-rc.1 OK for: rolldown@1.0.0-rc.1 want: 1.0.0-rc.1
1612 silly placeDep ROOT @rolldown/binding-linux-arm64-musl@1.0.0-rc.1 OK for: rolldown@1.0.0-rc.1 want: 1.0.0-rc.1
1613 silly placeDep ROOT @rolldown/binding-linux-x64-gnu@1.0.0-rc.1 OK for: rolldown@1.0.0-rc.1 want: 1.0.0-rc.1
1614 silly placeDep ROOT @rolldown/binding-linux-x64-musl@1.0.0-rc.1 OK for: rolldown@1.0.0-rc.1 want: 1.0.0-rc.1
1615 silly placeDep ROOT @rolldown/binding-openharmony-arm64@1.0.0-rc.1 OK for: rolldown@1.0.0-rc.1 want: 1.0.0-rc.1
1616 silly placeDep ROOT @rolldown/binding-wasm32-wasi@1.0.0-rc.1 OK for: rolldown@1.0.0-rc.1 want: 1.0.0-rc.1
1617 silly placeDep ROOT @rolldown/binding-win32-arm64-msvc@1.0.0-rc.1 OK for: rolldown@1.0.0-rc.1 want: 1.0.0-rc.1
1618 silly placeDep ROOT @rolldown/binding-win32-x64-msvc@1.0.0-rc.1 OK for: rolldown@1.0.0-rc.1 want: 1.0.0-rc.1
1619 silly placeDep ROOT @rolldown/pluginutils@1.0.0-rc.1 OK for: rolldown@1.0.0-rc.1 want: 1.0.0-rc.1
1620 silly placeDep ROOT @vercel/sandbox@1.9.0 OK for: sandbox@2.5.6 want: 1.9.0
1621 silly placeDep node_modules/sandbox debug@4.4.3 OK for: sandbox@2.5.6 want: ^4.4.1
1622 silly fetch manifest ms@2.1.3
1623 silly packumentCache full:https://registry.npmjs.org/ms cache-hit
1624 silly fetch manifest zod@3.24.4
1625 silly packumentCache full:https://registry.npmjs.org/zod cache-miss
1626 silly fetch manifest undici@^7.16.0
1627 silly packumentCache full:https://registry.npmjs.org/undici cache-miss
1628 silly fetch manifest jsonlines@0.1.1
1629 silly packumentCache full:https://registry.npmjs.org/jsonlines cache-miss
1630 silly fetch manifest picocolors@^1.1.1
1631 silly packumentCache full:https://registry.npmjs.org/picocolors cache-hit
1632 silly fetch manifest tar-stream@3.1.7
1633 silly packumentCache full:https://registry.npmjs.org/tar-stream cache-miss
1634 silly fetch manifest @vercel/oidc@3.2.0
1635 silly packumentCache full:https://registry.npmjs.org/@vercel%2foidc cache-miss
1636 silly fetch manifest ms@^2.1.3
1637 silly packumentCache full:https://registry.npmjs.org/ms cache-hit
1638 http cache https://registry.npmjs.org/undici 2ms (cache hit)
1639 silly packumentCache full:https://registry.npmjs.org/undici set size:1406126 disposed:false
1640 http cache https://registry.npmjs.org/jsonlines 5ms (cache hit)
1641 silly packumentCache full:https://registry.npmjs.org/jsonlines set size:5449 disposed:false
1642 http cache https://registry.npmjs.org/@vercel%2foidc 5ms (cache hit)
1643 silly packumentCache full:https://registry.npmjs.org/@vercel%2foidc set size:61173 disposed:false
1644 http cache https://registry.npmjs.org/tar-stream 5ms (cache hit)
1645 silly packumentCache full:https://registry.npmjs.org/tar-stream set size:137875 disposed:false
1646 http cache https://registry.npmjs.org/zod 9ms (cache hit)
1647 silly packumentCache full:https://registry.npmjs.org/zod set size:3552562 disposed:false
1648 silly placeDep ROOT @vercel/oidc@3.2.0 OK for: @vercel/sandbox@1.9.0 want: 3.2.0
1649 silly placeDep ROOT jsonlines@0.1.1 OK for: @vercel/sandbox@1.9.0 want: 0.1.1
1650 silly placeDep node_modules/@vercel/sandbox ms@2.1.3 OK for: @vercel/sandbox@1.9.0 want: 2.1.3
1651 silly placeDep node_modules/@vercel/sandbox picocolors@1.1.1 OK for: @vercel/sandbox@1.9.0 want: ^1.1.1
1652 silly placeDep ROOT tar-stream@3.1.7 OK for: @vercel/sandbox@1.9.0 want: 3.1.7
1653 silly placeDep node_modules/@vercel/sandbox undici@7.25.0 OK for: @vercel/sandbox@1.9.0 want: ^7.16.0
1654 silly placeDep node_modules/@vercel/sandbox xdg-app-paths@5.1.0 OK for: @vercel/sandbox@1.9.0 want: 5.1.0
1655 silly placeDep node_modules/@vercel/sandbox zod@3.24.4 OK for: @vercel/sandbox@1.9.0 want: 3.24.4
1656 silly fetch manifest b4a@^1.6.4
1657 silly packumentCache full:https://registry.npmjs.org/b4a cache-miss
1658 silly fetch manifest streamx@^2.15.0
1659 silly packumentCache full:https://registry.npmjs.org/streamx cache-miss
1660 silly fetch manifest fast-fifo@^1.2.0
1661 silly packumentCache full:https://registry.npmjs.org/fast-fifo cache-miss
1662 http cache https://registry.npmjs.org/streamx 2ms (cache hit)
1663 silly packumentCache full:https://registry.npmjs.org/streamx set size:160396 disposed:false
1664 http cache https://registry.npmjs.org/fast-fifo 3ms (cache hit)
1665 silly packumentCache full:https://registry.npmjs.org/fast-fifo set size:13855 disposed:false
1666 http cache https://registry.npmjs.org/b4a 3ms (cache hit)
1667 silly packumentCache full:https://registry.npmjs.org/b4a set size:71632 disposed:false
1668 silly placeDep node_modules/semver lru-cache@6.0.0 OK for: semver@7.5.4 want: ^6.0.0
1669 silly fetch manifest yallist@^4.0.0
1670 silly packumentCache full:https://registry.npmjs.org/yallist cache-hit
1671 silly placeDep ROOT shebang-regex@3.0.0 OK for: shebang-command@2.0.0 want: ^3.0.0
1672 silly placeDep ROOT socks@2.8.9 OK for: socks-proxy-agent@8.0.5 want: ^2.8.3
1673 silly fetch manifest ip-address@^10.1.1
1674 silly packumentCache full:https://registry.npmjs.org/ip-address cache-miss
1675 silly fetch manifest smart-buffer@^4.2.0
1676 silly packumentCache full:https://registry.npmjs.org/smart-buffer cache-miss
1677 http cache https://registry.npmjs.org/ip-address 1ms (cache hit)
1678 silly packumentCache full:https://registry.npmjs.org/ip-address set size:171530 disposed:false
1679 http cache https://registry.npmjs.org/smart-buffer 2ms (cache hit)
1680 silly packumentCache full:https://registry.npmjs.org/smart-buffer set size:87065 disposed:false
1681 silly placeDep ROOT ip-address@10.2.0 OK for: socks@2.8.9 want: ^10.1.1
1682 silly placeDep ROOT smart-buffer@4.2.0 OK for: socks@2.8.9 want: ^4.2.0
1683 silly placeDep ROOT cookie-es@2.0.1 OK for: srvx@0.8.9 want: ^2.0.0
1684 silly placeDep ROOT any-promise@1.3.0 OK for: stream-to-promise@2.2.0 want: ~1.3.0
1685 silly placeDep node_modules/stream-to-promise end-of-stream@1.1.0 OK for: stream-to-promise@2.2.0 want: ~1.1.0
1686 silly placeDep ROOT stream-to-array@2.3.0 OK for: stream-to-promise@2.2.0 want: ~2.3.0
1687 silly fetch manifest once@~1.3.0
1688 silly packumentCache full:https://registry.npmjs.org/once cache-hit
1689 silly placeDep ROOT @isaacs/fs-minipass@4.0.1 OK for: tar@7.5.7 want: ^4.0.0
1690 silly placeDep ROOT chownr@3.0.0 OK for: tar@7.5.7 want: ^3.0.0
1691 silly placeDep ROOT minizlib@3.1.0 OK for: tar@7.5.7 want: ^3.1.0
1692 silly placeDep ROOT yallist@5.0.0 OK for: tar@7.5.7 want: ^5.0.0
1693 silly fetch manifest react-native-b4a@*
1694 silly packumentCache full:https://registry.npmjs.org/react-native-b4a cache-miss
1695 http cache https://registry.npmjs.org/react-native-b4a 1ms (cache hit)
1696 silly packumentCache full:https://registry.npmjs.org/react-native-b4a set size:12027 disposed:false
1697 silly fetch manifest react@*
1698 silly packumentCache full:https://registry.npmjs.org/react cache-miss
1699 http cache https://registry.npmjs.org/react 5ms (cache hit)
1700 silly packumentCache full:https://registry.npmjs.org/react set size:6650647 disposed:false
1701 silly fetch manifest react-native@*
1702 silly packumentCache full:https://registry.npmjs.org/react-native cache-miss
1703 http cache https://registry.npmjs.org/react-native 10ms (cache hit)
1704 silly packumentCache full:https://registry.npmjs.org/react-native set size:15259769 disposed:false
1705 silly fetch manifest @react-native/jest-preset@0.85.3
1706 silly packumentCache full:https://registry.npmjs.org/@react-native%2fjest-preset cache-miss
1707 http cache https://registry.npmjs.org/@react-native%2fjest-preset 1ms (cache hit)
1708 silly packumentCache full:https://registry.npmjs.org/@react-native%2fjest-preset set size:161717 disposed:false
1709 silly fetch manifest @types/react@^19.1.1
1710 silly packumentCache full:https://registry.npmjs.org/@types%2freact cache-miss
1711 http cache https://registry.npmjs.org/@types%2freact 3ms (cache hit)
1712 silly packumentCache full:https://registry.npmjs.org/@types%2freact set size:2588964 disposed:false
1713 silly placeDep ROOT b4a@1.8.1 OK for: tar-stream@3.1.7 want: ^1.6.4
1714 silly placeDep ROOT fast-fifo@1.3.2 OK for: tar-stream@3.1.7 want: ^1.2.0
1715 silly placeDep ROOT streamx@2.25.0 OK for: tar-stream@3.1.7 want: ^2.15.0
1716 silly fetch manifest events-universal@^1.0.0
1717 silly packumentCache full:https://registry.npmjs.org/events-universal cache-miss
1718 silly fetch manifest text-decoder@^1.1.0
1719 silly packumentCache full:https://registry.npmjs.org/text-decoder cache-miss
1720 http cache https://registry.npmjs.org/text-decoder 0ms (cache hit)
1721 silly packumentCache full:https://registry.npmjs.org/text-decoder set size:22264 disposed:false
1722 http cache https://registry.npmjs.org/events-universal 1ms (cache hit)
1723 silly packumentCache full:https://registry.npmjs.org/events-universal set size:4251 disposed:false
1724 silly placeDep ROOT events-universal@1.0.1 OK for: streamx@2.25.0 want: ^1.0.0
1725 silly placeDep ROOT text-decoder@1.2.7 OK for: streamx@2.25.0 want: ^1.1.0
1726 silly fetch manifest bare-events@^2.7.0
1727 silly packumentCache full:https://registry.npmjs.org/bare-events cache-miss
1728 http cache https://registry.npmjs.org/bare-events 1ms (cache hit)
1729 silly packumentCache full:https://registry.npmjs.org/bare-events set size:44856 disposed:false
1730 silly fetch manifest bare-abort-controller@*
1731 silly packumentCache full:https://registry.npmjs.org/bare-abort-controller cache-miss
1732 http cache https://registry.npmjs.org/bare-abort-controller 2ms (cache hit)
1733 silly packumentCache full:https://registry.npmjs.org/bare-abort-controller set size:9038 disposed:false
1734 silly placeDep ROOT bare-events@2.8.2 OK for: events-universal@1.0.1 want: ^2.7.0
1735 silly placeDep ROOT convert-hrtime@3.0.0 OK for: time-span@4.0.0 want: ^3.0.0
1736 silly placeDep ROOT @ts-morph/common@0.11.1 OK for: ts-morph@12.0.0 want: ~0.11.0
1737 silly placeDep ROOT code-block-writer@10.1.1 OK for: ts-morph@12.0.0 want: ^10.1.1
1738 silly fetch manifest mkdirp@^1.0.4
1739 silly packumentCache full:https://registry.npmjs.org/mkdirp cache-miss
1740 silly fetch manifest fast-glob@^3.2.7
1741 silly packumentCache full:https://registry.npmjs.org/fast-glob cache-miss
1742 silly fetch manifest minimatch@^3.0.4
1743 silly packumentCache full:https://registry.npmjs.org/minimatch cache-hit
1744 silly fetch manifest path-browserify@^1.0.1
1745 silly packumentCache full:https://registry.npmjs.org/path-browserify cache-miss
1746 http cache https://registry.npmjs.org/fast-glob 1ms (cache hit)
1747 silly packumentCache full:https://registry.npmjs.org/fast-glob set size:220556 disposed:false
1748 http cache https://registry.npmjs.org/mkdirp 2ms (cache hit)
1749 silly packumentCache full:https://registry.npmjs.org/mkdirp set size:116431 disposed:false
1750 http cache https://registry.npmjs.org/path-browserify 2ms (cache hit)
1751 silly packumentCache full:https://registry.npmjs.org/path-browserify set size:17399 disposed:false
1752 silly placeDep ROOT fast-glob@3.3.3 OK for: @ts-morph/common@0.11.1 want: ^3.2.7
1753 silly placeDep node_modules/@ts-morph/common minimatch@3.1.5 OK for: @ts-morph/common@0.11.1 want: ^3.0.4
1754 silly placeDep ROOT mkdirp@1.0.4 OK for: @ts-morph/common@0.11.1 want: ^1.0.4
1755 silly placeDep ROOT path-browserify@1.0.1 OK for: @ts-morph/common@0.11.1 want: ^1.0.1
1756 silly fetch manifest @nodelib/fs.stat@^2.0.2
1757 silly packumentCache full:https://registry.npmjs.org/@nodelib%2ffs.stat cache-miss
1758 silly fetch manifest @nodelib/fs.walk@^1.2.3
1759 silly packumentCache full:https://registry.npmjs.org/@nodelib%2ffs.walk cache-miss
1760 silly fetch manifest glob-parent@^5.1.2
1761 silly packumentCache full:https://registry.npmjs.org/glob-parent cache-miss
1762 silly fetch manifest merge2@^1.3.0
1763 silly packumentCache full:https://registry.npmjs.org/merge2 cache-miss
1764 silly fetch manifest micromatch@^4.0.8
1765 silly packumentCache full:https://registry.npmjs.org/micromatch cache-miss
1766 silly fetch manifest brace-expansion@^1.1.7
1767 silly packumentCache full:https://registry.npmjs.org/brace-expansion cache-hit
1768 http cache https://registry.npmjs.org/merge2 3ms (cache hit)
1769 silly packumentCache full:https://registry.npmjs.org/merge2 set size:46159 disposed:false
1770 http cache https://registry.npmjs.org/@nodelib%2ffs.stat 3ms (cache hit)
1771 silly packumentCache full:https://registry.npmjs.org/@nodelib%2ffs.stat set size:36993 disposed:false
1772 http cache https://registry.npmjs.org/glob-parent 3ms (cache hit)
1773 silly packumentCache full:https://registry.npmjs.org/glob-parent set size:42445 disposed:false
1774 http cache https://registry.npmjs.org/micromatch 4ms (cache hit)
1775 silly packumentCache full:https://registry.npmjs.org/micromatch set size:240630 disposed:false
1776 http cache https://registry.npmjs.org/@nodelib%2ffs.walk 5ms (cache hit)
1777 silly packumentCache full:https://registry.npmjs.org/@nodelib%2ffs.walk set size:41589 disposed:false
1778 silly placeDep ROOT @nodelib/fs.stat@2.0.5 OK for: fast-glob@3.3.3 want: ^2.0.2
1779 silly placeDep ROOT @nodelib/fs.walk@1.2.8 OK for: fast-glob@3.3.3 want: ^1.2.3
1780 silly placeDep ROOT glob-parent@5.1.2 OK for: fast-glob@3.3.3 want: ^5.1.2
1781 silly placeDep ROOT merge2@1.4.1 OK for: fast-glob@3.3.3 want: ^1.3.0
1782 silly placeDep ROOT micromatch@4.0.8 OK for: fast-glob@3.3.3 want: ^4.0.8
1783 silly fetch manifest fastq@^1.6.0
1784 silly packumentCache full:https://registry.npmjs.org/fastq cache-miss
1785 silly fetch manifest @nodelib/fs.scandir@2.1.5
1786 silly packumentCache full:https://registry.npmjs.org/@nodelib%2ffs.scandir cache-miss
1787 silly fetch manifest is-glob@^4.0.1
1788 silly packumentCache full:https://registry.npmjs.org/is-glob cache-miss
1789 silly fetch manifest braces@^3.0.3
1790 silly packumentCache full:https://registry.npmjs.org/braces cache-miss
1791 silly fetch manifest picomatch@^2.3.1
1792 silly packumentCache full:https://registry.npmjs.org/picomatch cache-hit
1793 http cache https://registry.npmjs.org/@nodelib%2ffs.scandir 1ms (cache hit)
1794 silly packumentCache full:https://registry.npmjs.org/@nodelib%2ffs.scandir set size:49256 disposed:false
1795 http cache https://registry.npmjs.org/braces 2ms (cache hit)
1796 silly packumentCache full:https://registry.npmjs.org/braces set size:114529 disposed:false
1797 http cache https://registry.npmjs.org/fastq 2ms (cache hit)
1798 silly packumentCache full:https://registry.npmjs.org/fastq set size:78301 disposed:false
1799 http cache https://registry.npmjs.org/is-glob 2ms (cache hit)
1800 silly packumentCache full:https://registry.npmjs.org/is-glob set size:40530 disposed:false
1801 silly placeDep ROOT @nodelib/fs.scandir@2.1.5 OK for: @nodelib/fs.walk@1.2.8 want: 2.1.5
1802 silly placeDep ROOT fastq@1.20.1 OK for: @nodelib/fs.walk@1.2.8 want: ^1.6.0
1803 silly fetch manifest run-parallel@^1.1.9
1804 silly packumentCache full:https://registry.npmjs.org/run-parallel cache-miss
1805 silly fetch manifest reusify@^1.0.4
1806 silly packumentCache full:https://registry.npmjs.org/reusify cache-miss
1807 http cache https://registry.npmjs.org/run-parallel 1ms (cache hit)
1808 silly packumentCache full:https://registry.npmjs.org/run-parallel set size:35172 disposed:false
1809 http cache https://registry.npmjs.org/reusify 1ms (cache hit)
1810 silly packumentCache full:https://registry.npmjs.org/reusify set size:14249 disposed:false
1811 silly placeDep ROOT run-parallel@1.2.0 OK for: @nodelib/fs.scandir@2.1.5 want: ^1.1.9
1812 silly fetch manifest queue-microtask@^1.2.2
1813 silly packumentCache full:https://registry.npmjs.org/queue-microtask cache-miss
1814 http cache https://registry.npmjs.org/queue-microtask 0ms (cache hit)
1815 silly packumentCache full:https://registry.npmjs.org/queue-microtask set size:36088 disposed:false
1816 silly placeDep ROOT reusify@1.1.0 OK for: fastq@1.20.1 want: ^1.0.4
1817 silly placeDep ROOT is-glob@4.0.3 OK for: glob-parent@5.1.2 want: ^4.0.1
1818 silly fetch manifest is-extglob@^2.1.1
1819 silly packumentCache full:https://registry.npmjs.org/is-extglob cache-miss
1820 http cache https://registry.npmjs.org/is-extglob 1ms (cache hit)
1821 silly packumentCache full:https://registry.npmjs.org/is-extglob set size:11766 disposed:false
1822 silly placeDep ROOT is-extglob@2.1.1 OK for: is-glob@4.0.3 want: ^2.1.1
1823 silly placeDep ROOT braces@3.0.3 OK for: micromatch@4.0.8 want: ^3.0.3
1824 silly placeDep node_modules/micromatch picomatch@2.3.2 OK for: micromatch@4.0.8 want: ^2.3.1
1825 silly fetch manifest fill-range@^7.1.1
1826 silly packumentCache full:https://registry.npmjs.org/fill-range cache-miss
1827 http cache https://registry.npmjs.org/fill-range 1ms (cache hit)
1828 silly packumentCache full:https://registry.npmjs.org/fill-range set size:90212 disposed:false
1829 silly placeDep ROOT fill-range@7.1.1 OK for: braces@3.0.3 want: ^7.1.1
1830 silly fetch manifest to-regex-range@^5.0.1
1831 silly packumentCache full:https://registry.npmjs.org/to-regex-range cache-miss
1832 http cache https://registry.npmjs.org/to-regex-range 1ms (cache hit)
1833 silly packumentCache full:https://registry.npmjs.org/to-regex-range set size:61569 disposed:false
1834 silly placeDep ROOT to-regex-range@5.0.1 OK for: fill-range@7.1.1 want: ^5.0.1
1835 silly fetch manifest is-number@^7.0.0
1836 silly packumentCache full:https://registry.npmjs.org/is-number cache-miss
1837 http cache https://registry.npmjs.org/is-number 1ms (cache hit)
1838 silly packumentCache full:https://registry.npmjs.org/is-number set size:36183 disposed:false
1839 silly placeDep ROOT queue-microtask@1.2.3 OK for: run-parallel@1.2.0 want: ^1.2.2
1840 silly placeDep ROOT is-number@7.0.0 OK for: to-regex-range@5.0.1 want: ^7.0.0
1841 silly placeDep ROOT fsevents@2.3.3 OK for: tsx@4.21.0 want: ~2.3.3
1842 silly placeDep ROOT get-tsconfig@4.14.0 OK for: tsx@4.21.0 want: ^4.7.5
1843 silly fetch manifest resolve-pkg-maps@^1.0.0
1844 silly packumentCache full:https://registry.npmjs.org/resolve-pkg-maps cache-miss
1845 http cache https://registry.npmjs.org/resolve-pkg-maps 1ms (cache hit)
1846 silly packumentCache full:https://registry.npmjs.org/resolve-pkg-maps set size:11615 disposed:false
1847 silly placeDep ROOT resolve-pkg-maps@1.0.0 OK for: get-tsconfig@4.14.0 want: ^1.0.0
1848 silly placeDep ROOT punycode@2.3.1 OK for: uri-js@4.4.1 want: ^2.1.0
1849 silly placeDep ROOT tr46@0.0.3 OK for: whatwg-url@5.0.0 want: ~0.0.3
1850 silly placeDep ROOT webidl-conversions@3.0.1 OK for: whatwg-url@5.0.0 want: ^3.0.0
1851 silly placeDep ROOT isexe@2.0.0 OK for: which@2.0.2 want: ^2.0.0
1852 silly placeDep ROOT os-paths@4.4.0 OK for: xdg-app-paths@5.5.1 want: ^4.0.1
1853 silly placeDep ROOT xdg-portable@7.3.0 OK for: xdg-app-paths@5.5.1 want: ^7.2.0
1854 silly placeDep ROOT yauzl@2.10.0 OK for: yauzl-promise@2.1.3 want: ^2.9.1
1855 silly placeDep ROOT yauzl-clone@1.0.4 OK for: yauzl-promise@2.1.3 want: ^1.0.4
1856 silly fetch manifest fd-slicer@~1.1.0
1857 silly packumentCache full:https://registry.npmjs.org/fd-slicer cache-miss
1858 silly fetch manifest buffer-crc32@~0.2.3
1859 silly packumentCache full:https://registry.npmjs.org/buffer-crc32 cache-miss
1860 silly fetch manifest events-intercept@^2.0.0
1861 silly packumentCache full:https://registry.npmjs.org/events-intercept cache-miss
1862 http cache https://registry.npmjs.org/events-intercept 1ms (cache hit)
1863 silly packumentCache full:https://registry.npmjs.org/events-intercept set size:17802 disposed:false
1864 http cache https://registry.npmjs.org/buffer-crc32 2ms (cache hit)
1865 silly packumentCache full:https://registry.npmjs.org/buffer-crc32 set size:58100 disposed:false
1866 http cache https://registry.npmjs.org/fd-slicer 2ms (cache hit)
1867 silly packumentCache full:https://registry.npmjs.org/fd-slicer set size:25525 disposed:false
1868 silly placeDep ROOT buffer-crc32@0.2.13 OK for: yauzl@2.10.0 want: ~0.2.3
1869 silly placeDep ROOT fd-slicer@1.1.0 OK for: yauzl@2.10.0 want: ~1.1.0
1870 silly fetch manifest pend@~1.2.0
1871 silly packumentCache full:https://registry.npmjs.org/pend cache-miss
1872 http cache https://registry.npmjs.org/pend 0ms (cache hit)
1873 silly packumentCache full:https://registry.npmjs.org/pend set size:8066 disposed:false
1874 silly placeDep ROOT pend@1.2.0 OK for: fd-slicer@1.1.0 want: ~1.2.0
1875 silly placeDep ROOT events-intercept@2.0.0 OK for: yauzl-clone@1.0.4 want: ^2.0.0
1876 silly placeDep ROOT brace-expansion@1.1.14 OK for: minimatch@3.1.5 want: ^1.1.7
1877 silly fetch manifest concat-map@0.0.1
1878 silly packumentCache full:https://registry.npmjs.org/concat-map cache-miss
1879 silly fetch manifest balanced-match@^1.0.0
1880 silly packumentCache full:https://registry.npmjs.org/balanced-match cache-miss
1881 http cache https://registry.npmjs.org/balanced-match 1ms (cache hit)
1882 silly packumentCache full:https://registry.npmjs.org/balanced-match set size:39082 disposed:false
1883 http cache https://registry.npmjs.org/concat-map 2ms (cache hit)
1884 silly packumentCache full:https://registry.npmjs.org/concat-map set size:9290 disposed:false
1885 silly placeDep ROOT balanced-match@1.0.2 OK for: brace-expansion@1.1.14 want: ^1.0.0
1886 silly placeDep ROOT concat-map@0.0.1 OK for: brace-expansion@1.1.14 want: 0.0.1
1887 silly placeDep ROOT @fastify/busboy@2.1.1 OK for: undici@5.28.4 want: ^2.0.0
1888 silly placeDep node_modules/@vercel/python-analysis argparse@2.0.1 OK for: js-yaml@4.1.1 want: ^2.0.1
1889 silly placeDep node_modules/@vercel/rust get-stream@6.0.1 OK for: execa@5.1.1 want: ^6.0.0
1890 silly placeDep node_modules/@vercel/rust human-signals@2.1.0 OK for: execa@5.1.1 want: ^2.1.0
1891 silly placeDep node_modules/@vercel/rust signal-exit@3.0.7 OK for: execa@5.1.1 want: ^3.0.3
1892 silly placeDep node_modules/glob brace-expansion@5.0.6 OK for: minimatch@10.2.5 want: ^5.0.5
1893 silly fetch manifest balanced-match@^4.0.2
1894 silly packumentCache full:https://registry.npmjs.org/balanced-match cache-hit
1895 silly placeDep node_modules/glob balanced-match@4.0.4 OK for: brace-expansion@5.0.6 want: ^4.0.2
1896 silly placeDep node_modules/sandbox ms@2.1.3 OK for: debug@4.4.3 want: ^2.1.3
1897 silly placeDep node_modules/semver yallist@4.0.0 OK for: lru-cache@6.0.0 want: ^4.0.0
1898 silly placeDep node_modules/stream-to-promise once@1.3.3 OK for: end-of-stream@1.1.0 want: ~1.3.0
1899 silly reify moves {}
1900 silly audit bulk request {
1900 silly audit   vercel: [ '53.3.2' ],
1900 silly audit   '@vercel/backends': [ '0.4.1' ],
1900 silly audit   '@vercel/blob': [ '2.3.0' ],
1900 silly audit   '@vercel/build-utils': [ '13.22.1' ],
1900 silly audit   '@vercel/cli-config': [ '0.1.1' ],
1900 silly audit   '@vercel/detect-agent': [ '1.2.3' ],
1900 silly audit   '@vercel/elysia': [ '0.1.75' ],
1900 silly audit   '@vercel/express': [ '0.1.85' ],
1900 silly audit   '@vercel/fastify': [ '0.1.78' ],
1900 silly audit   '@vercel/fun': [ '1.3.0' ],
1900 silly audit   '@vercel/go': [ '3.6.0' ],
1900 silly audit   '@vercel/h3': [ '0.1.84' ],
1900 silly audit   '@vercel/hono': [ '0.2.78' ],
1900 silly audit   '@vercel/hydrogen': [ '1.3.7' ],
1900 silly audit   '@vercel/koa': [ '0.1.58' ],
1900 silly audit   '@vercel/nestjs': [ '0.2.79' ],
1900 silly audit   '@vercel/next': [ '4.17.1' ],
1900 silly audit   '@vercel/node': [ '5.7.17' ],
1900 silly audit   '@vercel/prepare-flags-definitions': [ '0.2.1' ],
1900 silly audit   '@vercel/python': [ '6.39.0' ],
1900 silly audit   '@vercel/redwood': [ '2.4.13' ],
1900 silly audit   '@vercel/remix-builder': [ '5.8.1' ],
1900 silly audit   '@vercel/ruby': [ '2.3.2' ],
1900 silly audit   '@vercel/rust': [ '1.2.0' ],
1900 silly audit   '@vercel/static-build': [ '2.9.24' ],
1900 silly audit   chokidar: [ '4.0.0' ],
1900 silly audit   esbuild: [ '0.27.0' ],
1900 silly audit   'form-data': [ '4.0.5' ],
1900 silly audit   jose: [ '5.9.6' ],
1900 silly audit   luxon: [ '3.7.2' ],
1900 silly audit   'proxy-agent': [ '6.4.0' ],
1900 silly audit   sandbox: [ '2.5.6' ],
1900 silly audit   'smol-toml': [ '1.5.2' ],
1900 silly audit   zod: [ '4.1.11', '3.22.4', '3.24.4' ],
1900 silly audit   '@vercel/nft': [ '1.5.0' ],
1900 silly audit   '@yarnpkg/parsers': [ '3.0.3' ],
1900 silly audit   execa: [ '3.2.0', '5.1.1' ],
1900 silly audit   'fs-extra': [ '11.1.0', '11.1.1' ],
1900 silly audit   'js-yaml': [ '3.14.2', '4.1.1' ],
1900 silly audit   'oxc-transform': [ '0.111.0' ],
1900 silly audit   'path-to-regexp': [ '8.3.0', '8.2.0', '6.1.0', '6.3.0' ],
1900 silly audit   'resolve.exports': [ '2.0.3' ],
1900 silly audit   rolldown: [ '1.0.0-rc.1' ],
1900 silly audit   srvx: [ '0.8.9' ],
1900 silly audit   tsx: [ '4.21.0' ],
1900 silly audit   'async-retry': [ '1.3.3' ],
1900 silly audit   'is-buffer': [ '2.0.5' ],
1900 silly audit   'is-node-process': [ '1.2.0' ],
1900 silly audit   throttleit: [ '2.1.0' ],
1900 silly audit   undici: [ '6.25.0', '5.28.4', '7.25.0' ],
1900 silly audit   '@vercel/python-analysis': [ '0.11.1' ],
1900 silly audit   'cjs-module-lexer': [ '1.2.3' ],
1900 silly audit   'es-module-lexer': [ '1.5.0', '1.4.1' ],
1900 silly audit   'xdg-app-paths': [ '5.5.1', '5.1.0' ],
1900 silly audit   '@vercel/static-config': [ '3.3.0' ],
1900 silly audit   '@vercel/cervel': [ '0.1.2' ],
1900 silly audit   'ts-morph': [ '12.0.0' ],
1900 silly audit   '@tootallnate/once': [ '2.0.0' ],
1900 silly audit   'async-listen': [ '1.2.0', '3.0.0', '3.0.1' ],
1900 silly audit   debug: [ '4.3.4', '4.4.3' ],
1900 silly audit   'generic-pool': [ '3.4.2' ],
1900 silly audit   micro: [ '9.3.5-canary.3' ],
1900 silly audit   ms: [ '2.1.1', '2.1.2', '2.1.3' ],
1900 silly audit   'node-fetch': [ '2.6.7', '2.6.9' ],
1900 silly audit   promisepipe: [ '3.0.0' ],
1900 silly audit   semver: [ '7.5.4', '6.3.1' ],
1900 silly audit   'stat-mode': [ '0.3.0' ],
1900 silly audit   'stream-to-promise': [ '2.2.0' ],
1900 silly audit   tar: [ '7.5.7' ],
1900 silly audit   tinyexec: [ '0.3.2' ],
1900 silly audit   'tree-kill': [ '1.2.2' ],
1900 silly audit   'uid-promise': [ '1.0.0' ],
1900 silly audit   'yauzl-promise': [ '2.1.3' ],
1900 silly audit   '@mapbox/node-pre-gyp': [ '2.0.3' ],
1900 silly audit   '@rollup/pluginutils': [ '5.3.0' ],
1900 silly audit   acorn: [ '8.16.0' ],
1900 silly audit   'acorn-import-attributes': [ '1.9.5' ],
1900 silly audit   'async-sema': [ '3.1.1' ],
1900 silly audit   bindings: [ '1.5.0' ],
1900 silly audit   'estree-walker': [ '2.0.2' ],
1900 silly audit   glob: [ '13.0.6' ],
1900 silly audit   'graceful-fs': [ '4.2.11' ],
1900 silly audit   'node-gyp-build': [ '4.8.4' ],
1900 silly audit   picomatch: [ '4.0.4', '2.3.2' ],
1900 silly audit   'resolve-from': [ '5.0.0' ],
1900 silly audit   consola: [ '3.4.2' ],
1900 silly audit   'detect-libc': [ '2.1.2' ],
1900 silly audit   'https-proxy-agent': [ '7.0.6' ],
1900 silly audit   nopt: [ '8.1.0' ],
1900 silly audit   '@types/estree': [ '1.0.9' ],
1900 silly audit   '@edge-runtime/node-utils': [ '2.3.0' ],
1900 silly audit   '@edge-runtime/primitives': [ '4.1.0' ],
1900 silly audit   '@edge-runtime/vm': [ '3.2.0' ],
1900 silly audit   '@types/node': [ '20.11.0' ],
1900 silly audit   '@vercel/error-utils': [ '2.1.0' ],
1900 silly audit   'edge-runtime': [ '2.5.9' ],
1900 silly audit   etag: [ '1.8.1' ],
1900 silly audit   'mime-types': [ '2.1.35' ],
1900 silly audit   typescript: [ '5.9.3' ],
1900 silly audit   'undici-types': [ '5.26.5' ],
1900 silly audit   '@bytecodealliance/preview2-shim': [ '0.17.6' ],
1900 silly audit   '@renovatebot/pep440': [ '4.2.1' ],
1900 silly audit   minimatch: [ '10.1.1', '10.2.5', '3.1.5' ],
1900 silly audit   '@vercel/gatsby-plugin-vercel-analytics': [ '1.0.11' ],
1900 silly audit   '@vercel/gatsby-plugin-vercel-builder': [ '2.2.2' ],
1900 silly audit   'web-vitals': [ '0.2.4' ],
1900 silly audit   '@sinclair/typebox': [ '0.25.24' ],
1900 silly audit   ajv: [ '8.6.3' ],
1900 silly audit   'json-schema-to-ts': [ '1.6.4' ],
1900 silly audit   tslib: [ '2.8.1' ],
1900 silly audit   'fast-deep-equal': [ '3.1.3' ],
1900 silly audit   'json-schema-traverse': [ '1.0.0' ],
1900 silly audit   'require-from-string': [ '2.0.2' ],
1900 silly audit   'uri-js': [ '4.4.1' ],
1900 silly audit   retry: [ '0.13.1' ],
1900 silly audit   'file-uri-to-path': [ '1.0.0' ],
1900 silly audit   readdirp: [ '4.1.2' ],
1900 silly audit   '@edge-runtime/format': [ '2.2.1' ],
1900 silly audit   '@edge-runtime/ponyfill': [ '2.4.2' ],
1900 silly audit   mri: [ '1.2.0' ],
1900 silly audit   picocolors: [ '1.0.0', '1.1.1' ],
1900 silly audit   'pretty-ms': [ '7.0.1' ],
1900 silly audit   'signal-exit': [ '4.0.2', '3.0.7' ],
1900 silly audit   'time-span': [ '4.0.0' ],
1900 silly audit   '@esbuild/aix-ppc64': [ '0.27.0' ],
1900 silly audit   '@esbuild/android-arm': [ '0.27.0' ],
1900 silly audit   '@esbuild/android-arm64': [ '0.27.0' ],
1900 silly audit   '@esbuild/android-x64': [ '0.27.0' ],
1900 silly audit   '@esbuild/darwin-arm64': [ '0.27.0' ],
1900 silly audit   '@esbuild/darwin-x64': [ '0.27.0' ],
1900 silly audit   '@esbuild/freebsd-arm64': [ '0.27.0' ],
1900 silly audit   '@esbuild/freebsd-x64': [ '0.27.0' ],
1900 silly audit   '@esbuild/linux-arm': [ '0.27.0' ],
1900 silly audit   '@esbuild/linux-arm64': [ '0.27.0' ],
1900 silly audit   '@esbuild/linux-ia32': [ '0.27.0' ],
1900 silly audit   '@esbuild/linux-loong64': [ '0.27.0' ],
1900 silly audit   '@esbuild/linux-mips64el': [ '0.27.0' ],
1900 silly audit   '@esbuild/linux-ppc64': [ '0.27.0' ],
1900 silly audit   '@esbuild/linux-riscv64': [ '0.27.0' ],
1900 silly audit   '@esbuild/linux-s390x': [ '0.27.0' ],
1900 silly audit   '@esbuild/linux-x64': [ '0.27.0' ],
1900 silly audit   '@esbuild/netbsd-arm64': [ '0.27.0' ],
1900 silly audit   '@esbuild/netbsd-x64': [ '0.27.0' ],
1900 silly audit   '@esbuild/openbsd-arm64': [ '0.27.0' ],
1900 silly audit   '@esbuild/openbsd-x64': [ '0.27.0' ],
1900 silly audit   '@esbuild/openharmony-arm64': [ '0.27.0' ],
1900 silly audit   '@esbuild/sunos-x64': [ '0.27.0' ],
1900 silly audit   '@esbuild/win32-arm64': [ '0.27.0' ],
1900 silly audit   '@esbuild/win32-ia32': [ '0.27.0' ],
1900 silly audit   '@esbuild/win32-x64': [ '0.27.0' ],
1900 silly audit   'cross-spawn': [ '7.0.6' ],
1900 silly audit   'get-stream': [ '5.2.0', '6.0.1' ],
1900 silly audit   'human-signals': [ '1.1.1', '2.1.0' ],
1900 silly audit   'is-stream': [ '2.0.1' ],
1900 silly audit   'merge-stream': [ '2.0.0' ],
1900 silly audit   'npm-run-path': [ '4.0.1' ],
1900 silly audit   onetime: [ '5.1.2' ],
1900 silly audit   'p-finally': [ '2.0.1' ],
1900 silly audit   'strip-final-newline': [ '2.0.0' ],
1900 silly audit   'path-key': [ '3.1.1' ],
1900 silly audit   'shebang-command': [ '2.0.0' ],
1900 silly audit   which: [ '2.0.2' ],
1900 silly audit   asynckit: [ '0.4.0' ],
1900 silly audit   'combined-stream': [ '1.0.8' ],
1900 silly audit   'es-set-tostringtag': [ '2.1.0' ],
1900 silly audit   hasown: [ '2.0.3' ],
1900 silly audit   'delayed-stream': [ '1.0.0' ],
1900 silly audit   'es-errors': [ '1.3.0' ],
1900 silly audit   'get-intrinsic': [ '1.3.0' ],
1900 silly audit   'has-tostringtag': [ '1.0.2' ],
1900 silly audit   jsonfile: [ '6.2.1' ],
1900 silly audit   universalify: [ '2.0.1' ],
1900 silly audit   'call-bind-apply-helpers': [ '1.0.2' ],
1900 silly audit   'es-define-property': [ '1.0.1' ],
1900 silly audit   'es-object-atoms': [ '1.1.1' ],
1900 silly audit   'function-bind': [ '1.1.2' ],
1900 silly audit   'get-proto': [ '1.0.1' ],
1900 silly audit   gopd: [ '1.2.0' ],
1900 silly audit   'has-symbols': [ '1.1.0' ],
1900 silly audit   'math-intrinsics': [ '1.1.0' ],
1900 silly audit   'dunder-proto': [ '1.0.1' ],
1900 silly audit   pump: [ '3.0.4' ],
1900 silly audit   minipass: [ '7.1.3' ],
1900 silly audit   'path-scurry': [ '2.0.2' ],
1900 silly audit   'agent-base': [ '7.1.4' ],
1900 silly audit   argparse: [ '1.0.10', '2.0.1' ],
1900 silly audit   esprima: [ '4.0.1' ],
1900 silly audit   'sprintf-js': [ '1.0.3' ],
1900 silly audit   '@types/json-schema': [ '7.0.15' ],
1900 silly audit   'ts-toolbelt': [ '6.15.5' ],
1900 silly audit   arg: [ '4.1.0' ],
1900 silly audit   'content-type': [ '1.0.4' ],
1900 silly audit   'raw-body': [ '2.4.1' ],
1900 silly audit   'mime-db': [ '1.52.0' ],
1900 silly audit   '@isaacs/brace-expansion': [ '5.0.1' ],
1900 silly audit   '@isaacs/balanced-match': [ '4.0.1' ],
1900 silly audit   'whatwg-url': [ '5.0.0' ],
1900 silly audit   abbrev: [ '3.0.1' ],
1900 silly audit   'mimic-fn': [ '2.1.0' ],
1900 silly audit   '@oxc-transform/binding-android-arm-eabi': [ '0.111.0' ],
1900 silly audit   '@oxc-transform/binding-android-arm64': [ '0.111.0' ],
1900 silly audit   '@oxc-transform/binding-darwin-arm64': [ '0.111.0' ],
1900 silly audit   '@oxc-transform/binding-darwin-x64': [ '0.111.0' ],
1900 silly audit   '@oxc-transform/binding-freebsd-x64': [ '0.111.0' ],
1900 silly audit   '@oxc-transform/binding-linux-arm-gnueabihf': [ '0.111.0' ],
1900 silly audit   '@oxc-transform/binding-linux-arm-musleabihf': [ '0.111.0' ],
1900 silly audit   '@oxc-transform/binding-linux-arm64-gnu': [ '0.111.0' ],
1900 silly audit   '@oxc-transform/binding-linux-arm64-musl': [ '0.111.0' ],
1900 silly audit   '@oxc-transform/binding-linux-ppc64-gnu': [ '0.111.0' ],
1900 silly audit   '@oxc-transform/binding-linux-riscv64-gnu': [ '0.111.0' ],
1900 silly audit   '@oxc-transform/binding-linux-riscv64-musl': [ '0.111.0' ],
1900 silly audit   '@oxc-transform/binding-linux-s390x-gnu': [ '0.111.0' ],
1900 silly audit   '@oxc-transform/binding-linux-x64-gnu': [ '0.111.0' ],
1900 silly audit   '@oxc-transform/binding-linux-x64-musl': [ '0.111.0' ],
1900 silly audit   '@oxc-transform/binding-openharmony-arm64': [ '0.111.0' ],
1900 silly audit   '@oxc-transform/binding-wasm32-wasi': [ '0.111.0' ],
1900 silly audit   '@oxc-transform/binding-win32-arm64-msvc': [ '0.111.0' ],
1900 silly audit   '@oxc-transform/binding-win32-ia32-msvc': [ '0.111.0' ],
1900 silly audit   '@oxc-transform/binding-win32-x64-msvc': [ '0.111.0' ],
1900 silly audit   '@napi-rs/wasm-runtime': [ '1.1.4' ],
1900 silly audit   '@emnapi/core': [ '1.10.0' ],
1900 silly audit   '@emnapi/runtime': [ '1.10.0' ],
1900 silly audit   '@emnapi/wasi-threads': [ '1.2.1' ],
1900 silly audit   '@tybys/wasm-util': [ '0.10.2' ],
1900 silly audit   'lru-cache': [ '11.3.6', '7.18.3', '6.0.0' ],
1900 silly audit   'parse-ms': [ '2.1.0' ],
1900 silly audit   'http-proxy-agent': [ '7.0.2' ],
1900 silly audit   'pac-proxy-agent': [ '7.2.0' ],
1900 silly audit   'proxy-from-env': [ '1.1.0' ],
1900 silly audit   'socks-proxy-agent': [ '8.0.5' ],
1900 silly audit   '@tootallnate/quickjs-emscripten': [ '0.23.0' ],
1900 silly audit   'get-uri': [ '6.0.5' ],
1900 silly audit   'pac-resolver': [ '7.0.1' ],
1900 silly audit   'basic-ftp': [ '5.3.1' ],
1900 silly audit   'data-uri-to-buffer': [ '6.0.2' ],
1900 silly audit   degenerator: [ '5.0.1' ],
1900 silly audit   netmask: [ '2.1.1' ],
1900 silly audit   'ast-types': [ '0.13.4' ],
1900 silly audit   escodegen: [ '2.1.0' ],
1900 silly audit   estraverse: [ '5.3.0' ],
1900 silly audit   esutils: [ '2.0.3' ],
1900 silly audit   'source-map': [ '0.6.1' ],
1900 silly audit   'end-of-stream': [ '1.4.5', '1.1.0' ],
1900 silly audit   once: [ '1.4.0', '1.3.3' ],
1900 silly audit   wrappy: [ '1.0.2' ],
1900 silly audit   bytes: [ '3.1.0' ],
1900 silly audit   'http-errors': [ '1.7.3' ],
1900 silly audit   'iconv-lite': [ '0.4.24' ],
1900 silly audit   unpipe: [ '1.0.0' ],
1900 silly audit   depd: [ '1.1.2' ],
1900 silly audit   inherits: [ '2.0.4' ],
1900 silly audit   setprototypeof: [ '1.1.1' ],
1900 silly audit   statuses: [ '1.5.0' ],
1900 silly audit   toidentifier: [ '1.0.0' ],
1900 silly audit   'safer-buffer': [ '2.1.2' ],
1900 silly audit   '@oxc-project/types': [ '0.110.0' ],
1900 silly audit   '@rolldown/binding-android-arm64': [ '1.0.0-rc.1' ],
1900 silly audit   '@rolldown/binding-darwin-arm64': [ '1.0.0-rc.1' ],
1900 silly audit   '@rolldown/binding-darwin-x64': [ '1.0.0-rc.1' ],
1900 silly audit   '@rolldown/binding-freebsd-x64': [ '1.0.0-rc.1' ],
1900 silly audit   '@rolldown/binding-linux-arm-gnueabihf': [ '1.0.0-rc.1' ],
1900 silly audit   '@rolldown/binding-linux-arm64-gnu': [ '1.0.0-rc.1' ],
1900 silly audit   '@rolldown/binding-linux-arm64-musl': [ '1.0.0-rc.1' ],
1900 silly audit   '@rolldown/binding-linux-x64-gnu': [ '1.0.0-rc.1' ],
1900 silly audit   '@rolldown/binding-linux-x64-musl': [ '1.0.0-rc.1' ],
1900 silly audit   '@rolldown/binding-openharmony-arm64': [ '1.0.0-rc.1' ],
1900 silly audit   '@rolldown/binding-wasm32-wasi': [ '1.0.0-rc.1' ],
1900 silly audit   '@rolldown/binding-win32-arm64-msvc': [ '1.0.0-rc.1' ],
1900 silly audit   '@rolldown/binding-win32-x64-msvc': [ '1.0.0-rc.1' ],
1900 silly audit   '@rolldown/pluginutils': [ '1.0.0-rc.1' ],
1900 silly audit   '@vercel/sandbox': [ '1.9.0' ],
1900 silly audit   '@vercel/oidc': [ '3.2.0' ],
1900 silly audit   jsonlines: [ '0.1.1' ],
1900 silly audit   'tar-stream': [ '3.1.7' ],
1900 silly audit   'shebang-regex': [ '3.0.0' ],
1900 silly audit   socks: [ '2.8.9' ],
1900 silly audit   'ip-address': [ '10.2.0' ],
1900 silly audit   'smart-buffer': [ '4.2.0' ],
1900 silly audit   'cookie-es': [ '2.0.1' ],
1900 silly audit   'any-promise': [ '1.3.0' ],
1900 silly audit   'stream-to-array': [ '2.3.0' ],
1900 silly audit   '@isaacs/fs-minipass': [ '4.0.1' ],
1900 silly audit   chownr: [ '3.0.0' ],
1900 silly audit   minizlib: [ '3.1.0' ],
1900 silly audit   yallist: [ '5.0.0', '4.0.0' ],
1900 silly audit   b4a: [ '1.8.1' ],
1900 silly audit   'fast-fifo': [ '1.3.2' ],
1900 silly audit   streamx: [ '2.25.0' ],
1900 silly audit   'events-universal': [ '1.0.1' ],
1900 silly audit   'text-decoder': [ '1.2.7' ],
1900 silly audit   'bare-events': [ '2.8.2' ],
1900 silly audit   'convert-hrtime': [ '3.0.0' ],
1900 silly audit   '@ts-morph/common': [ '0.11.1' ],
1900 silly audit   'code-block-writer': [ '10.1.1' ],
1900 silly audit   'fast-glob': [ '3.3.3' ],
1900 silly audit   mkdirp: [ '1.0.4' ],
1900 silly audit   'path-browserify': [ '1.0.1' ],
1900 silly audit   '@nodelib/fs.stat': [ '2.0.5' ],
1900 silly audit   '@nodelib/fs.walk': [ '1.2.8' ],
1900 silly audit   'glob-parent': [ '5.1.2' ],
1900 silly audit   merge2: [ '1.4.1' ],
1900 silly audit   micromatch: [ '4.0.8' ],
1900 silly audit   '@nodelib/fs.scandir': [ '2.1.5' ],
1900 silly audit   fastq: [ '1.20.1' ],
1900 silly audit   'run-parallel': [ '1.2.0' ],
1900 silly audit   reusify: [ '1.1.0' ],
1900 silly audit   'is-glob': [ '4.0.3' ],
1900 silly audit   'is-extglob': [ '2.1.1' ],
1900 silly audit   braces: [ '3.0.3' ],
1900 silly audit   'fill-range': [ '7.1.1' ],
1900 silly audit   'to-regex-range': [ '5.0.1' ],
1900 silly audit   'queue-microtask': [ '1.2.3' ],
1900 silly audit   'is-number': [ '7.0.0' ],
1900 silly audit   fsevents: [ '2.3.3' ],
1900 silly audit   'get-tsconfig': [ '4.14.0' ],
1900 silly audit   'resolve-pkg-maps': [ '1.0.0' ],
1900 silly audit   punycode: [ '2.3.1' ],
1900 silly audit   tr46: [ '0.0.3' ],
1900 silly audit   'webidl-conversions': [ '3.0.1' ],
1900 silly audit   isexe: [ '2.0.0' ],
1900 silly audit   'os-paths': [ '4.4.0' ],
1900 silly audit   'xdg-portable': [ '7.3.0' ],
1900 silly audit   yauzl: [ '2.10.0' ],
1900 silly audit   'yauzl-clone': [ '1.0.4' ],
1900 silly audit   'buffer-crc32': [ '0.2.13' ],
1900 silly audit   'fd-slicer': [ '1.1.0' ],
1900 silly audit   pend: [ '1.2.0' ],
1900 silly audit   'events-intercept': [ '2.0.0' ],
1900 silly audit   'brace-expansion': [ '1.1.14', '5.0.6' ],
1900 silly audit   'balanced-match': [ '1.0.2', '4.0.4' ],
1900 silly audit   'concat-map': [ '0.0.1' ],
1900 silly audit   '@fastify/busboy': [ '2.1.1' ]
1900 silly audit }
1901 http cache @fastify/busboy@https://registry.npmjs.org/@fastify/busboy/-/busboy-2.1.1.tgz 0ms (cache hit)
1902 http cache concat-map@https://registry.npmjs.org/concat-map/-/concat-map-0.0.1.tgz 0ms (cache hit)
1903 http cache balanced-match@https://registry.npmjs.org/balanced-match/-/balanced-match-1.0.2.tgz 0ms (cache hit)
1904 http cache events-intercept@https://registry.npmjs.org/events-intercept/-/events-intercept-2.0.0.tgz 0ms (cache hit)
1905 http cache brace-expansion@https://registry.npmjs.org/brace-expansion/-/brace-expansion-1.1.14.tgz 0ms (cache hit)
1906 http cache buffer-crc32@https://registry.npmjs.org/buffer-crc32/-/buffer-crc32-0.2.13.tgz 0ms (cache hit)
1907 http cache fd-slicer@https://registry.npmjs.org/fd-slicer/-/fd-slicer-1.1.0.tgz 0ms (cache hit)
1908 http cache yauzl@https://registry.npmjs.org/yauzl/-/yauzl-2.10.0.tgz 0ms (cache hit)
1909 http cache xdg-portable@https://registry.npmjs.org/xdg-portable/-/xdg-portable-7.3.0.tgz 0ms (cache hit)
1910 http cache pend@https://registry.npmjs.org/pend/-/pend-1.2.0.tgz 0ms (cache hit)
1911 http cache os-paths@https://registry.npmjs.org/os-paths/-/os-paths-4.4.0.tgz 0ms (cache hit)
1912 http cache punycode@https://registry.npmjs.org/punycode/-/punycode-2.3.1.tgz 0ms (cache hit)
1913 http cache yauzl-clone@https://registry.npmjs.org/yauzl-clone/-/yauzl-clone-1.0.4.tgz 0ms (cache hit)
1914 http cache tr46@https://registry.npmjs.org/tr46/-/tr46-0.0.3.tgz 0ms (cache hit)
1915 http cache resolve-pkg-maps@https://registry.npmjs.org/resolve-pkg-maps/-/resolve-pkg-maps-1.0.0.tgz 0ms (cache hit)
1916 http cache get-tsconfig@https://registry.npmjs.org/get-tsconfig/-/get-tsconfig-4.14.0.tgz 0ms (cache hit)
1917 http cache fsevents@https://registry.npmjs.org/fsevents/-/fsevents-2.3.3.tgz 0ms (cache hit)
1918 http cache queue-microtask@https://registry.npmjs.org/queue-microtask/-/queue-microtask-1.2.3.tgz 0ms (cache hit)
1919 http cache is-number@https://registry.npmjs.org/is-number/-/is-number-7.0.0.tgz 0ms (cache hit)
1920 http cache fill-range@https://registry.npmjs.org/fill-range/-/fill-range-7.1.1.tgz 0ms (cache hit)
1921 http cache to-regex-range@https://registry.npmjs.org/to-regex-range/-/to-regex-range-5.0.1.tgz 0ms (cache hit)
1922 http cache webidl-conversions@https://registry.npmjs.org/webidl-conversions/-/webidl-conversions-3.0.1.tgz 0ms (cache hit)
1923 http cache is-extglob@https://registry.npmjs.org/is-extglob/-/is-extglob-2.1.1.tgz 0ms (cache hit)
1924 http cache isexe@https://registry.npmjs.org/isexe/-/isexe-2.0.0.tgz 0ms (cache hit)
1925 http cache micromatch@https://registry.npmjs.org/micromatch/-/micromatch-4.0.8.tgz 0ms (cache hit)
1926 http cache run-parallel@https://registry.npmjs.org/run-parallel/-/run-parallel-1.2.0.tgz 0ms (cache hit)
1927 http cache is-glob@https://registry.npmjs.org/is-glob/-/is-glob-4.0.3.tgz 0ms (cache hit)
1928 http cache fastq@https://registry.npmjs.org/fastq/-/fastq-1.20.1.tgz 0ms (cache hit)
1929 http cache braces@https://registry.npmjs.org/braces/-/braces-3.0.3.tgz 0ms (cache hit)
1930 http cache merge2@https://registry.npmjs.org/merge2/-/merge2-1.4.1.tgz 0ms (cache hit)
1931 http cache reusify@https://registry.npmjs.org/reusify/-/reusify-1.1.0.tgz 0ms (cache hit)
1932 http cache glob-parent@https://registry.npmjs.org/glob-parent/-/glob-parent-5.1.2.tgz 0ms (cache hit)
1933 http cache @nodelib/fs.walk@https://registry.npmjs.org/@nodelib/fs.walk/-/fs.walk-1.2.8.tgz 0ms (cache hit)
1934 http cache @nodelib/fs.stat@https://registry.npmjs.org/@nodelib/fs.stat/-/fs.stat-2.0.5.tgz 0ms (cache hit)
1935 http cache code-block-writer@https://registry.npmjs.org/code-block-writer/-/code-block-writer-10.1.1.tgz 0ms (cache hit)
1936 http cache @nodelib/fs.scandir@https://registry.npmjs.org/@nodelib/fs.scandir/-/fs.scandir-2.1.5.tgz 0ms (cache hit)
1937 http cache convert-hrtime@https://registry.npmjs.org/convert-hrtime/-/convert-hrtime-3.0.0.tgz 0ms (cache hit)
1938 http cache @ts-morph/common@https://registry.npmjs.org/@ts-morph/common/-/common-0.11.1.tgz 0ms (cache hit)
1939 http cache path-browserify@https://registry.npmjs.org/path-browserify/-/path-browserify-1.0.1.tgz 0ms (cache hit)
1940 http cache text-decoder@https://registry.npmjs.org/text-decoder/-/text-decoder-1.2.7.tgz 0ms (cache hit)
1941 http cache events-universal@https://registry.npmjs.org/events-universal/-/events-universal-1.0.1.tgz 0ms (cache hit)
1942 http cache streamx@https://registry.npmjs.org/streamx/-/streamx-2.25.0.tgz 0ms (cache hit)
1943 http cache fast-glob@https://registry.npmjs.org/fast-glob/-/fast-glob-3.3.3.tgz 0ms (cache hit)
1944 http cache bare-events@https://registry.npmjs.org/bare-events/-/bare-events-2.8.2.tgz 0ms (cache hit)
1945 http cache fast-fifo@https://registry.npmjs.org/fast-fifo/-/fast-fifo-1.3.2.tgz 0ms (cache hit)
1946 http cache mkdirp@https://registry.npmjs.org/mkdirp/-/mkdirp-1.0.4.tgz 0ms (cache hit)
1947 http cache minizlib@https://registry.npmjs.org/minizlib/-/minizlib-3.1.0.tgz 0ms (cache hit)
1948 http cache b4a@https://registry.npmjs.org/b4a/-/b4a-1.8.1.tgz 0ms (cache hit)
1949 http cache yallist@https://registry.npmjs.org/yallist/-/yallist-5.0.0.tgz 0ms (cache hit)
1950 http cache stream-to-array@https://registry.npmjs.org/stream-to-array/-/stream-to-array-2.3.0.tgz 0ms (cache hit)
1951 http cache any-promise@https://registry.npmjs.org/any-promise/-/any-promise-1.3.0.tgz 0ms (cache hit)
1952 http cache cookie-es@https://registry.npmjs.org/cookie-es/-/cookie-es-2.0.1.tgz 0ms (cache hit)
1953 http cache ip-address@https://registry.npmjs.org/ip-address/-/ip-address-10.2.0.tgz 0ms (cache hit)
1954 http cache chownr@https://registry.npmjs.org/chownr/-/chownr-3.0.0.tgz 0ms (cache hit)
1955 http cache smart-buffer@https://registry.npmjs.org/smart-buffer/-/smart-buffer-4.2.0.tgz 0ms (cache hit)
1956 http cache @isaacs/fs-minipass@https://registry.npmjs.org/@isaacs/fs-minipass/-/fs-minipass-4.0.1.tgz 0ms (cache hit)
1957 http cache @vercel/oidc@https://registry.npmjs.org/@vercel/oidc/-/oidc-3.2.0.tgz 0ms (cache hit)
1958 http cache shebang-regex@https://registry.npmjs.org/shebang-regex/-/shebang-regex-3.0.0.tgz 0ms (cache hit)
1959 http cache socks@https://registry.npmjs.org/socks/-/socks-2.8.9.tgz 0ms (cache hit)
1960 http cache jsonlines@https://registry.npmjs.org/jsonlines/-/jsonlines-0.1.1.tgz 0ms (cache hit)
1961 http cache tar-stream@https://registry.npmjs.org/tar-stream/-/tar-stream-3.1.7.tgz 0ms (cache hit)
1962 http cache @vercel/sandbox@https://registry.npmjs.org/@vercel/sandbox/-/sandbox-1.9.0.tgz 0ms (cache hit)
1963 http cache toidentifier@https://registry.npmjs.org/toidentifier/-/toidentifier-1.0.0.tgz 0ms (cache hit)
1964 http cache @rolldown/pluginutils@https://registry.npmjs.org/@rolldown/pluginutils/-/pluginutils-1.0.0-rc.1.tgz 0ms (cache hit)
1965 http cache statuses@https://registry.npmjs.org/statuses/-/statuses-1.5.0.tgz 0ms (cache hit)
1966 http cache @oxc-project/types@https://registry.npmjs.org/@oxc-project/types/-/types-0.110.0.tgz 0ms (cache hit)
1967 http cache @rolldown/binding-darwin-arm64@https://registry.npmjs.org/@rolldown/binding-darwin-arm64/-/binding-darwin-arm64-1.0.0-rc.1.tgz 0ms (cache hit)
1968 http cache safer-buffer@https://registry.npmjs.org/safer-buffer/-/safer-buffer-2.1.2.tgz 0ms (cache hit)
1969 http cache inherits@https://registry.npmjs.org/inherits/-/inherits-2.0.4.tgz 0ms (cache hit)
1970 http cache depd@https://registry.npmjs.org/depd/-/depd-1.1.2.tgz 0ms (cache hit)
1971 http cache http-errors@https://registry.npmjs.org/http-errors/-/http-errors-1.7.3.tgz 0ms (cache hit)
1972 http cache setprototypeof@https://registry.npmjs.org/setprototypeof/-/setprototypeof-1.1.1.tgz 0ms (cache hit)
1973 http cache iconv-lite@https://registry.npmjs.org/iconv-lite/-/iconv-lite-0.4.24.tgz 0ms (cache hit)
1974 http cache wrappy@https://registry.npmjs.org/wrappy/-/wrappy-1.0.2.tgz 0ms (cache hit)
1975 http cache bytes@https://registry.npmjs.org/bytes/-/bytes-3.1.0.tgz 0ms (cache hit)
1976 http cache unpipe@https://registry.npmjs.org/unpipe/-/unpipe-1.0.0.tgz 0ms (cache hit)
1977 http cache end-of-stream@https://registry.npmjs.org/end-of-stream/-/end-of-stream-1.4.5.tgz 0ms (cache hit)
1978 http cache once@https://registry.npmjs.org/once/-/once-1.4.0.tgz 0ms (cache hit)
1979 http cache degenerator@https://registry.npmjs.org/degenerator/-/degenerator-5.0.1.tgz 0ms (cache hit)
1980 http cache esutils@https://registry.npmjs.org/esutils/-/esutils-2.0.3.tgz 0ms (cache hit)
1981 http cache estraverse@https://registry.npmjs.org/estraverse/-/estraverse-5.3.0.tgz 0ms (cache hit)
1982 http cache netmask@https://registry.npmjs.org/netmask/-/netmask-2.1.1.tgz 0ms (cache hit)
1983 http cache escodegen@https://registry.npmjs.org/escodegen/-/escodegen-2.1.0.tgz 0ms (cache hit)
1984 http cache ast-types@https://registry.npmjs.org/ast-types/-/ast-types-0.13.4.tgz 0ms (cache hit)
1985 http cache basic-ftp@https://registry.npmjs.org/basic-ftp/-/basic-ftp-5.3.1.tgz 0ms (cache hit)
1986 http cache source-map@https://registry.npmjs.org/source-map/-/source-map-0.6.1.tgz 0ms (cache hit)
1987 http cache pac-resolver@https://registry.npmjs.org/pac-resolver/-/pac-resolver-7.0.1.tgz 0ms (cache hit)
1988 http cache proxy-from-env@https://registry.npmjs.org/proxy-from-env/-/proxy-from-env-1.1.0.tgz 0ms (cache hit)
1989 http cache data-uri-to-buffer@https://registry.npmjs.org/data-uri-to-buffer/-/data-uri-to-buffer-6.0.2.tgz 0ms (cache hit)
1990 http cache get-uri@https://registry.npmjs.org/get-uri/-/get-uri-6.0.5.tgz 0ms (cache hit)
1991 http cache parse-ms@https://registry.npmjs.org/parse-ms/-/parse-ms-2.1.0.tgz 0ms (cache hit)
1992 http cache @tootallnate/quickjs-emscripten@https://registry.npmjs.org/@tootallnate/quickjs-emscripten/-/quickjs-emscripten-0.23.0.tgz 0ms (cache hit)
1993 http cache socks-proxy-agent@https://registry.npmjs.org/socks-proxy-agent/-/socks-proxy-agent-8.0.5.tgz 0ms (cache hit)
1994 http cache lru-cache@https://registry.npmjs.org/lru-cache/-/lru-cache-11.3.6.tgz 0ms (cache hit)
1995 http cache @emnapi/runtime@https://registry.npmjs.org/@emnapi/runtime/-/runtime-1.10.0.tgz 0ms (cache hit)
1996 http cache http-proxy-agent@https://registry.npmjs.org/http-proxy-agent/-/http-proxy-agent-7.0.2.tgz 0ms (cache hit)
1997 http cache pac-proxy-agent@https://registry.npmjs.org/pac-proxy-agent/-/pac-proxy-agent-7.2.0.tgz 0ms (cache hit)
1998 http cache @tybys/wasm-util@https://registry.npmjs.org/@tybys/wasm-util/-/wasm-util-0.10.2.tgz 0ms (cache hit)
1999 http cache @emnapi/wasi-threads@https://registry.npmjs.org/@emnapi/wasi-threads/-/wasi-threads-1.2.1.tgz 0ms (cache hit)
2000 http cache @emnapi/core@https://registry.npmjs.org/@emnapi/core/-/core-1.10.0.tgz 0ms (cache hit)
2001 http cache @napi-rs/wasm-runtime@https://registry.npmjs.org/@napi-rs/wasm-runtime/-/wasm-runtime-1.1.4.tgz 0ms (cache hit)
2002 http cache mimic-fn@https://registry.npmjs.org/mimic-fn/-/mimic-fn-2.1.0.tgz 0ms (cache hit)
2003 http cache mime-db@https://registry.npmjs.org/mime-db/-/mime-db-1.52.0.tgz 0ms (cache hit)
2004 http cache @isaacs/balanced-match@https://registry.npmjs.org/@isaacs/balanced-match/-/balanced-match-4.0.1.tgz 0ms (cache hit)
2005 http cache @oxc-transform/binding-darwin-arm64@https://registry.npmjs.org/@oxc-transform/binding-darwin-arm64/-/binding-darwin-arm64-0.111.0.tgz 0ms (cache hit)
2006 http cache @isaacs/brace-expansion@https://registry.npmjs.org/@isaacs/brace-expansion/-/brace-expansion-5.0.1.tgz 0ms (cache hit)
2007 http cache whatwg-url@https://registry.npmjs.org/whatwg-url/-/whatwg-url-5.0.0.tgz 0ms (cache hit)
2008 http cache abbrev@https://registry.npmjs.org/abbrev/-/abbrev-3.0.1.tgz 0ms (cache hit)
2009 http cache content-type@https://registry.npmjs.org/content-type/-/content-type-1.0.4.tgz 0ms (cache hit)
2010 http cache arg@https://registry.npmjs.org/arg/-/arg-4.1.0.tgz 0ms (cache hit)
2011 http cache raw-body@https://registry.npmjs.org/raw-body/-/raw-body-2.4.1.tgz 0ms (cache hit)
2012 http cache ts-toolbelt@https://registry.npmjs.org/ts-toolbelt/-/ts-toolbelt-6.15.5.tgz 0ms (cache hit)
2013 http cache argparse@https://registry.npmjs.org/argparse/-/argparse-1.0.10.tgz 0ms (cache hit)
2014 http cache sprintf-js@https://registry.npmjs.org/sprintf-js/-/sprintf-js-1.0.3.tgz 0ms (cache hit)
2015 http cache agent-base@https://registry.npmjs.org/agent-base/-/agent-base-7.1.4.tgz 0ms (cache hit)
2016 http cache pump@https://registry.npmjs.org/pump/-/pump-3.0.4.tgz 0ms (cache hit)
2017 http cache esprima@https://registry.npmjs.org/esprima/-/esprima-4.0.1.tgz 0ms (cache hit)
2018 http cache path-scurry@https://registry.npmjs.org/path-scurry/-/path-scurry-2.0.2.tgz 0ms (cache hit)
2019 http cache minipass@https://registry.npmjs.org/minipass/-/minipass-7.1.3.tgz 0ms (cache hit)
2020 http cache has-symbols@https://registry.npmjs.org/has-symbols/-/has-symbols-1.1.0.tgz 0ms (cache hit)
2021 http cache @types/json-schema@https://registry.npmjs.org/@types/json-schema/-/json-schema-7.0.15.tgz 0ms (cache hit)
2022 http cache gopd@https://registry.npmjs.org/gopd/-/gopd-1.2.0.tgz 0ms (cache hit)
2023 http cache math-intrinsics@https://registry.npmjs.org/math-intrinsics/-/math-intrinsics-1.1.0.tgz 0ms (cache hit)
2024 http cache function-bind@https://registry.npmjs.org/function-bind/-/function-bind-1.1.2.tgz 0ms (cache hit)
2025 http cache dunder-proto@https://registry.npmjs.org/dunder-proto/-/dunder-proto-1.0.1.tgz 0ms (cache hit)
2026 http cache es-object-atoms@https://registry.npmjs.org/es-object-atoms/-/es-object-atoms-1.1.1.tgz 0ms (cache hit)
2027 http cache call-bind-apply-helpers@https://registry.npmjs.org/call-bind-apply-helpers/-/call-bind-apply-helpers-1.0.2.tgz 0ms (cache hit)
2028 http cache universalify@https://registry.npmjs.org/universalify/-/universalify-2.0.1.tgz 0ms (cache hit)
2029 http cache jsonfile@https://registry.npmjs.org/jsonfile/-/jsonfile-6.2.1.tgz 0ms (cache hit)
2030 http cache es-define-property@https://registry.npmjs.org/es-define-property/-/es-define-property-1.0.1.tgz 0ms (cache hit)
2031 http cache has-tostringtag@https://registry.npmjs.org/has-tostringtag/-/has-tostringtag-1.0.2.tgz 0ms (cache hit)
2032 http cache es-errors@https://registry.npmjs.org/es-errors/-/es-errors-1.3.0.tgz 0ms (cache hit)
2033 http cache hasown@https://registry.npmjs.org/hasown/-/hasown-2.0.3.tgz 0ms (cache hit)
2034 http cache get-intrinsic@https://registry.npmjs.org/get-intrinsic/-/get-intrinsic-1.3.0.tgz 0ms (cache hit)
2035 http cache delayed-stream@https://registry.npmjs.org/delayed-stream/-/delayed-stream-1.0.0.tgz 0ms (cache hit)
2036 http cache combined-stream@https://registry.npmjs.org/combined-stream/-/combined-stream-1.0.8.tgz 0ms (cache hit)
2037 http cache es-set-tostringtag@https://registry.npmjs.org/es-set-tostringtag/-/es-set-tostringtag-2.1.0.tgz 0ms (cache hit)
2038 http cache asynckit@https://registry.npmjs.org/asynckit/-/asynckit-0.4.0.tgz 0ms (cache hit)
2039 http cache shebang-command@https://registry.npmjs.org/shebang-command/-/shebang-command-2.0.0.tgz 0ms (cache hit)
2040 http cache get-proto@https://registry.npmjs.org/get-proto/-/get-proto-1.0.1.tgz 0ms (cache hit)
2041 http cache which@https://registry.npmjs.org/which/-/which-2.0.2.tgz 0ms (cache hit)
2042 http cache path-key@https://registry.npmjs.org/path-key/-/path-key-3.1.1.tgz 0ms (cache hit)
2043 http cache p-finally@https://registry.npmjs.org/p-finally/-/p-finally-2.0.1.tgz 0ms (cache hit)
2044 http cache is-stream@https://registry.npmjs.org/is-stream/-/is-stream-2.0.1.tgz 0ms (cache hit)
2045 http cache strip-final-newline@https://registry.npmjs.org/strip-final-newline/-/strip-final-newline-2.0.0.tgz 0ms (cache hit)
2046 http cache get-stream@https://registry.npmjs.org/get-stream/-/get-stream-5.2.0.tgz 0ms (cache hit)
2047 http cache onetime@https://registry.npmjs.org/onetime/-/onetime-5.1.2.tgz 0ms (cache hit)
2048 http cache npm-run-path@https://registry.npmjs.org/npm-run-path/-/npm-run-path-4.0.1.tgz 0ms (cache hit)
2049 http cache cross-spawn@https://registry.npmjs.org/cross-spawn/-/cross-spawn-7.0.6.tgz 0ms (cache hit)
2050 http cache merge-stream@https://registry.npmjs.org/merge-stream/-/merge-stream-2.0.0.tgz 0ms (cache hit)
2051 http cache time-span@https://registry.npmjs.org/time-span/-/time-span-4.0.0.tgz 0ms (cache hit)
2052 http cache picocolors@https://registry.npmjs.org/picocolors/-/picocolors-1.0.0.tgz 0ms (cache hit)
2053 http cache mri@https://registry.npmjs.org/mri/-/mri-1.2.0.tgz 0ms (cache hit)
2054 http cache signal-exit@https://registry.npmjs.org/signal-exit/-/signal-exit-4.0.2.tgz 0ms (cache hit)
2055 http cache human-signals@https://registry.npmjs.org/human-signals/-/human-signals-1.1.1.tgz 0ms (cache hit)
2056 http cache @edge-runtime/ponyfill@https://registry.npmjs.org/@edge-runtime/ponyfill/-/ponyfill-2.4.2.tgz 0ms (cache hit)
2057 http cache pretty-ms@https://registry.npmjs.org/pretty-ms/-/pretty-ms-7.0.1.tgz 0ms (cache hit)
2058 http cache readdirp@https://registry.npmjs.org/readdirp/-/readdirp-4.1.2.tgz 0ms (cache hit)
2059 http cache retry@https://registry.npmjs.org/retry/-/retry-0.13.1.tgz 0ms (cache hit)
2060 http cache @esbuild/darwin-arm64@https://registry.npmjs.org/@esbuild/darwin-arm64/-/darwin-arm64-0.27.0.tgz 0ms (cache hit)
2061 http cache @edge-runtime/format@https://registry.npmjs.org/@edge-runtime/format/-/format-2.2.1.tgz 0ms (cache hit)
2062 http cache json-schema-traverse@https://registry.npmjs.org/json-schema-traverse/-/json-schema-traverse-1.0.0.tgz 0ms (cache hit)
2063 http cache file-uri-to-path@https://registry.npmjs.org/file-uri-to-path/-/file-uri-to-path-1.0.0.tgz 0ms (cache hit)
2064 http cache require-from-string@https://registry.npmjs.org/require-from-string/-/require-from-string-2.0.2.tgz 0ms (cache hit)
2065 http cache fast-deep-equal@https://registry.npmjs.org/fast-deep-equal/-/fast-deep-equal-3.1.3.tgz 0ms (cache hit)
2066 http cache uri-js@https://registry.npmjs.org/uri-js/-/uri-js-4.4.1.tgz 0ms (cache hit)
2067 http cache json-schema-to-ts@https://registry.npmjs.org/json-schema-to-ts/-/json-schema-to-ts-1.6.4.tgz 0ms (cache hit)
2068 http cache tslib@https://registry.npmjs.org/tslib/-/tslib-2.8.1.tgz 0ms (cache hit)
2069 http cache web-vitals@https://registry.npmjs.org/web-vitals/-/web-vitals-0.2.4.tgz 0ms (cache hit)
2070 http cache @sinclair/typebox@https://registry.npmjs.org/@sinclair/typebox/-/typebox-0.25.24.tgz 0ms (cache hit)
2071 http cache @vercel/gatsby-plugin-vercel-builder@https://registry.npmjs.org/@vercel/gatsby-plugin-vercel-builder/-/gatsby-plugin-vercel-builder-2.2.2.tgz 0ms (cache hit)
2072 http cache @renovatebot/pep440@https://registry.npmjs.org/@renovatebot/pep440/-/pep440-4.2.1.tgz 0ms (cache hit)
2073 http cache ajv@https://registry.npmjs.org/ajv/-/ajv-8.6.3.tgz 0ms (cache hit)
2074 http cache minimatch@https://registry.npmjs.org/minimatch/-/minimatch-10.1.1.tgz 0ms (cache hit)
2075 http cache @vercel/gatsby-plugin-vercel-analytics@https://registry.npmjs.org/@vercel/gatsby-plugin-vercel-analytics/-/gatsby-plugin-vercel-analytics-1.0.11.tgz 0ms (cache hit)
2076 http cache undici-types@https://registry.npmjs.org/undici-types/-/undici-types-5.26.5.tgz 0ms (cache hit)
2077 http cache typescript@https://registry.npmjs.org/typescript/-/typescript-5.9.3.tgz 0ms (cache hit)
2078 http cache etag@https://registry.npmjs.org/etag/-/etag-1.8.1.tgz 0ms (cache hit)
2079 http cache path-to-regexp-updated@https://registry.npmjs.org/path-to-regexp/-/path-to-regexp-6.3.0.tgz 0ms (cache hit)
2080 http cache @types/node@https://registry.npmjs.org/@types/node/-/node-20.11.0.tgz 0ms (cache hit)
2081 http cache mime-types@https://registry.npmjs.org/mime-types/-/mime-types-2.1.35.tgz 0ms (cache hit)
2082 http cache edge-runtime@https://registry.npmjs.org/edge-runtime/-/edge-runtime-2.5.9.tgz 0ms (cache hit)
2083 http cache @edge-runtime/vm@https://registry.npmjs.org/@edge-runtime/vm/-/vm-3.2.0.tgz 0ms (cache hit)
2084 http cache @bytecodealliance/preview2-shim@https://registry.npmjs.org/@bytecodealliance/preview2-shim/-/preview2-shim-0.17.6.tgz 0ms (cache hit)
2085 http cache @types/estree@https://registry.npmjs.org/@types/estree/-/estree-1.0.9.tgz 0ms (cache hit)
2086 http cache nopt@https://registry.npmjs.org/nopt/-/nopt-8.1.0.tgz 0ms (cache hit)
2087 http cache @vercel/error-utils@https://registry.npmjs.org/@vercel/error-utils/-/error-utils-2.1.0.tgz 0ms (cache hit)
2088 http cache resolve-from@https://registry.npmjs.org/resolve-from/-/resolve-from-5.0.0.tgz 0ms (cache hit)
2089 http cache @edge-runtime/node-utils@https://registry.npmjs.org/@edge-runtime/node-utils/-/node-utils-2.3.0.tgz 0ms (cache hit)
2090 http cache @edge-runtime/primitives@https://registry.npmjs.org/@edge-runtime/primitives/-/primitives-4.1.0.tgz 0ms (cache hit)
2091 http cache detect-libc@https://registry.npmjs.org/detect-libc/-/detect-libc-2.1.2.tgz 0ms (cache hit)
2092 http cache consola@https://registry.npmjs.org/consola/-/consola-3.4.2.tgz 0ms (cache hit)
2093 http cache glob@https://registry.npmjs.org/glob/-/glob-13.0.6.tgz 0ms (cache hit)
2094 http cache picomatch@https://registry.npmjs.org/picomatch/-/picomatch-4.0.4.tgz 0ms (cache hit)
2095 http cache graceful-fs@https://registry.npmjs.org/graceful-fs/-/graceful-fs-4.2.11.tgz 0ms (cache hit)
2096 http cache node-gyp-build@https://registry.npmjs.org/node-gyp-build/-/node-gyp-build-4.8.4.tgz 0ms (cache hit)
2097 http cache async-sema@https://registry.npmjs.org/async-sema/-/async-sema-3.1.1.tgz 0ms (cache hit)
2098 http cache @mapbox/node-pre-gyp@https://registry.npmjs.org/@mapbox/node-pre-gyp/-/node-pre-gyp-2.0.3.tgz 0ms (cache hit)
2099 http cache https-proxy-agent@https://registry.npmjs.org/https-proxy-agent/-/https-proxy-agent-7.0.6.tgz 0ms (cache hit)
2100 http cache estree-walker@https://registry.npmjs.org/estree-walker/-/estree-walker-2.0.2.tgz 0ms (cache hit)
2101 http cache acorn@https://registry.npmjs.org/acorn/-/acorn-8.16.0.tgz 0ms (cache hit)
2102 http cache uid-promise@https://registry.npmjs.org/uid-promise/-/uid-promise-1.0.0.tgz 0ms (cache hit)
2103 http cache @rollup/pluginutils@https://registry.npmjs.org/@rollup/pluginutils/-/pluginutils-5.3.0.tgz 0ms (cache hit)
2104 http cache yauzl-promise@https://registry.npmjs.org/yauzl-promise/-/yauzl-promise-2.1.3.tgz 0ms (cache hit)
2105 http cache tree-kill@https://registry.npmjs.org/tree-kill/-/tree-kill-1.2.2.tgz 0ms (cache hit)
2106 http cache stat-mode@https://registry.npmjs.org/stat-mode/-/stat-mode-0.3.0.tgz 0ms (cache hit)
2107 http cache bindings@https://registry.npmjs.org/bindings/-/bindings-1.5.0.tgz 0ms (cache hit)
2108 http cache acorn-import-attributes@https://registry.npmjs.org/acorn-import-attributes/-/acorn-import-attributes-1.9.5.tgz 0ms (cache hit)
2109 http cache semver@https://registry.npmjs.org/semver/-/semver-7.5.4.tgz 0ms (cache hit)
2110 http cache stream-to-promise@https://registry.npmjs.org/stream-to-promise/-/stream-to-promise-2.2.0.tgz 0ms (cache hit)
2111 http cache tar@https://registry.npmjs.org/tar/-/tar-7.5.7.tgz 0ms (cache hit)
2112 http cache tinyexec@https://registry.npmjs.org/tinyexec/-/tinyexec-0.3.2.tgz 0ms (cache hit)
2113 http cache micro@https://registry.npmjs.org/micro/-/micro-9.3.5-canary.3.tgz 0ms (cache hit)
2114 http cache generic-pool@https://registry.npmjs.org/generic-pool/-/generic-pool-3.4.2.tgz 0ms (cache hit)
2115 http cache node-fetch@https://registry.npmjs.org/node-fetch/-/node-fetch-2.6.7.tgz 0ms (cache hit)
2116 http cache ms@https://registry.npmjs.org/ms/-/ms-2.1.1.tgz 0ms (cache hit)
2117 http cache async-listen@https://registry.npmjs.org/async-listen/-/async-listen-1.2.0.tgz 0ms (cache hit)
2118 http cache @tootallnate/once@https://registry.npmjs.org/@tootallnate/once/-/once-2.0.0.tgz 0ms (cache hit)
2119 http cache ts-morph@https://registry.npmjs.org/ts-morph/-/ts-morph-12.0.0.tgz 0ms (cache hit)
2120 http cache debug@https://registry.npmjs.org/debug/-/debug-4.3.4.tgz 0ms (cache hit)
2121 http cache @vercel/static-config@https://registry.npmjs.org/@vercel/static-config/-/static-config-3.3.0.tgz 0ms (cache hit)
2122 http cache es-module-lexer@https://registry.npmjs.org/es-module-lexer/-/es-module-lexer-1.5.0.tgz 0ms (cache hit)
2123 http cache promisepipe@https://registry.npmjs.org/promisepipe/-/promisepipe-3.0.0.tgz 0ms (cache hit)
2124 http cache xdg-app-paths@https://registry.npmjs.org/xdg-app-paths/-/xdg-app-paths-5.5.1.tgz 0ms (cache hit)
2125 http cache throttleit@https://registry.npmjs.org/throttleit/-/throttleit-2.1.0.tgz 0ms (cache hit)
2126 http cache @vercel/cervel@https://registry.npmjs.org/@vercel/cervel/-/cervel-0.1.2.tgz 0ms (cache hit)
2127 http cache cjs-module-lexer@https://registry.npmjs.org/cjs-module-lexer/-/cjs-module-lexer-1.2.3.tgz 0ms (cache hit)
2128 http cache is-buffer@https://registry.npmjs.org/is-buffer/-/is-buffer-2.0.5.tgz 0ms (cache hit)
2129 http cache undici@https://registry.npmjs.org/undici/-/undici-6.25.0.tgz 0ms (cache hit)
2130 http cache @vercel/python-analysis@https://registry.npmjs.org/@vercel/python-analysis/-/python-analysis-0.11.1.tgz 0ms (cache hit)
2131 http cache tsx@https://registry.npmjs.org/tsx/-/tsx-4.21.0.tgz 0ms (cache hit)
2132 http cache is-node-process@https://registry.npmjs.org/is-node-process/-/is-node-process-1.2.0.tgz 0ms (cache hit)
2133 http cache srvx@https://registry.npmjs.org/srvx/-/srvx-0.8.9.tgz 0ms (cache hit)
2134 http cache async-retry@https://registry.npmjs.org/async-retry/-/async-retry-1.3.3.tgz 0ms (cache hit)
2135 http cache js-yaml@https://registry.npmjs.org/js-yaml/-/js-yaml-3.14.2.tgz 0ms (cache hit)
2136 http cache path-to-regexp@https://registry.npmjs.org/path-to-regexp/-/path-to-regexp-8.3.0.tgz 0ms (cache hit)
2137 http cache rolldown@https://registry.npmjs.org/rolldown/-/rolldown-1.0.0-rc.1.tgz 0ms (cache hit)
2138 http cache resolve.exports@https://registry.npmjs.org/resolve.exports/-/resolve.exports-2.0.3.tgz 0ms (cache hit)
2139 http cache oxc-transform@https://registry.npmjs.org/oxc-transform/-/oxc-transform-0.111.0.tgz 0ms (cache hit)
2140 http cache fs-extra@https://registry.npmjs.org/fs-extra/-/fs-extra-11.1.0.tgz 0ms (cache hit)
2141 http cache execa@https://registry.npmjs.org/execa/-/execa-3.2.0.tgz 0ms (cache hit)
2142 http cache @yarnpkg/parsers@https://registry.npmjs.org/@yarnpkg/parsers/-/parsers-3.0.3.tgz 0ms (cache hit)
2143 http cache @vercel/nft@https://registry.npmjs.org/@vercel/nft/-/nft-1.5.0.tgz 0ms (cache hit)
2144 http cache smol-toml@https://registry.npmjs.org/smol-toml/-/smol-toml-1.5.2.tgz 0ms (cache hit)
2145 http cache form-data@https://registry.npmjs.org/form-data/-/form-data-4.0.5.tgz 0ms (cache hit)
2146 http cache proxy-agent@https://registry.npmjs.org/proxy-agent/-/proxy-agent-6.4.0.tgz 0ms (cache hit)
2147 http cache zod@https://registry.npmjs.org/zod/-/zod-4.1.11.tgz 0ms (cache hit)
2148 http cache luxon@https://registry.npmjs.org/luxon/-/luxon-3.7.2.tgz 0ms (cache hit)
2149 http cache @vercel/static-build@https://registry.npmjs.org/@vercel/static-build/-/static-build-2.9.24.tgz 0ms (cache hit)
2150 http cache @vercel/ruby@https://registry.npmjs.org/@vercel/ruby/-/ruby-2.3.2.tgz 0ms (cache hit)
2151 http cache sandbox@https://registry.npmjs.org/sandbox/-/sandbox-2.5.6.tgz 0ms (cache hit)
2152 http cache chokidar@https://registry.npmjs.org/chokidar/-/chokidar-4.0.0.tgz 0ms (cache hit)
2153 http cache esbuild@https://registry.npmjs.org/esbuild/-/esbuild-0.27.0.tgz 0ms (cache hit)
2154 http cache @vercel/rust@https://registry.npmjs.org/@vercel/rust/-/rust-1.2.0.tgz 0ms (cache hit)
2155 http cache @vercel/redwood@https://registry.npmjs.org/@vercel/redwood/-/redwood-2.4.13.tgz 0ms (cache hit)
2156 http cache @vercel/remix-builder@https://registry.npmjs.org/@vercel/remix-builder/-/remix-builder-5.8.1.tgz 0ms (cache hit)
2157 http cache jose@https://registry.npmjs.org/jose/-/jose-5.9.6.tgz 0ms (cache hit)
2158 http cache @vercel/node@https://registry.npmjs.org/@vercel/node/-/node-5.7.17.tgz 0ms (cache hit)
2159 http cache @vercel/python@https://registry.npmjs.org/@vercel/python/-/python-6.39.0.tgz 0ms (cache hit)
2160 http cache @vercel/next@https://registry.npmjs.org/@vercel/next/-/next-4.17.1.tgz 0ms (cache hit)
2161 http cache @vercel/prepare-flags-definitions@https://registry.npmjs.org/@vercel/prepare-flags-definitions/-/prepare-flags-definitions-0.2.1.tgz 0ms (cache hit)
2162 http cache @vercel/nestjs@https://registry.npmjs.org/@vercel/nestjs/-/nestjs-0.2.79.tgz 0ms (cache hit)
2163 http cache @vercel/koa@https://registry.npmjs.org/@vercel/koa/-/koa-0.1.58.tgz 0ms (cache hit)
2164 http cache @vercel/hydrogen@https://registry.npmjs.org/@vercel/hydrogen/-/hydrogen-1.3.7.tgz 0ms (cache hit)
2165 http cache @vercel/hono@https://registry.npmjs.org/@vercel/hono/-/hono-0.2.78.tgz 0ms (cache hit)
2166 http cache @vercel/fastify@https://registry.npmjs.org/@vercel/fastify/-/fastify-0.1.78.tgz 0ms (cache hit)
2167 http cache @vercel/express@https://registry.npmjs.org/@vercel/express/-/express-0.1.85.tgz 0ms (cache hit)
2168 http cache @vercel/elysia@https://registry.npmjs.org/@vercel/elysia/-/elysia-0.1.75.tgz 0ms (cache hit)
2169 http cache @vercel/go@https://registry.npmjs.org/@vercel/go/-/go-3.6.0.tgz 0ms (cache hit)
2170 http cache @vercel/h3@https://registry.npmjs.org/@vercel/h3/-/h3-0.1.84.tgz 0ms (cache hit)
2171 http cache @vercel/fun@https://registry.npmjs.org/@vercel/fun/-/fun-1.3.0.tgz 0ms (cache hit)
2172 http cache @vercel/detect-agent@https://registry.npmjs.org/@vercel/detect-agent/-/detect-agent-1.2.3.tgz 0ms (cache hit)
2173 http cache @vercel/build-utils@https://registry.npmjs.org/@vercel/build-utils/-/build-utils-13.22.1.tgz 0ms (cache hit)
2174 http cache @vercel/blob@https://registry.npmjs.org/@vercel/blob/-/blob-2.3.0.tgz 0ms (cache hit)
2175 http cache @vercel/backends@https://registry.npmjs.org/@vercel/backends/-/backends-0.4.1.tgz 0ms (cache hit)
2176 http cache @vercel/cli-config@https://registry.npmjs.org/@vercel/cli-config/-/cli-config-0.1.1.tgz 0ms (cache hit)
2177 http cache vercel@https://registry.npmjs.org/vercel/-/vercel-53.3.2.tgz 0ms (cache hit)
2178 http cache picomatch@https://registry.npmjs.org/picomatch/-/picomatch-2.3.2.tgz 0ms (cache hit)
2179 http cache minimatch@https://registry.npmjs.org/minimatch/-/minimatch-3.1.5.tgz 0ms (cache hit)
2180 http cache zod@https://registry.npmjs.org/zod/-/zod-3.24.4.tgz 0ms (cache hit)
2181 http cache picocolors@https://registry.npmjs.org/picocolors/-/picocolors-1.1.1.tgz 0ms (cache hit)
2182 http cache xdg-app-paths@https://registry.npmjs.org/xdg-app-paths/-/xdg-app-paths-5.1.0.tgz 0ms (cache hit)
2183 http cache undici@https://registry.npmjs.org/undici/-/undici-7.25.0.tgz 0ms (cache hit)
2184 http cache ms@https://registry.npmjs.org/ms/-/ms-2.1.3.tgz 0ms (cache hit)
2185 http cache async-listen@https://registry.npmjs.org/async-listen/-/async-listen-3.0.1.tgz 0ms (cache hit)
2186 http cache brace-expansion@https://registry.npmjs.org/brace-expansion/-/brace-expansion-5.0.6.tgz 0ms (cache hit)
2187 http cache lru-cache@https://registry.npmjs.org/lru-cache/-/lru-cache-6.0.0.tgz 0ms (cache hit)
2188 http cache once@https://registry.npmjs.org/once/-/once-1.3.3.tgz 0ms (cache hit)
2189 http cache balanced-match@https://registry.npmjs.org/balanced-match/-/balanced-match-4.0.4.tgz 0ms (cache hit)
2190 http cache zod@https://registry.npmjs.org/zod/-/zod-3.22.4.tgz 0ms (cache hit)
2191 http cache end-of-stream@https://registry.npmjs.org/end-of-stream/-/end-of-stream-1.1.0.tgz 0ms (cache hit)
2192 http cache ms@https://registry.npmjs.org/ms/-/ms-2.1.2.tgz 0ms (cache hit)
2193 http cache argparse@https://registry.npmjs.org/argparse/-/argparse-2.0.1.tgz 0ms (cache hit)
2194 http cache minimatch@https://registry.npmjs.org/minimatch/-/minimatch-10.2.5.tgz 0ms (cache hit)
2195 http cache yallist@https://registry.npmjs.org/yallist/-/yallist-4.0.0.tgz 0ms (cache hit)
2196 http cache human-signals@https://registry.npmjs.org/human-signals/-/human-signals-2.1.0.tgz 0ms (cache hit)
2197 http cache ms@https://registry.npmjs.org/ms/-/ms-2.1.3.tgz 0ms (cache hit)
2198 http cache signal-exit@https://registry.npmjs.org/signal-exit/-/signal-exit-3.0.7.tgz 0ms (cache hit)
2199 http cache fs-extra@https://registry.npmjs.org/fs-extra/-/fs-extra-11.1.1.tgz 0ms (cache hit)
2200 http cache debug@https://registry.npmjs.org/debug/-/debug-4.4.3.tgz 0ms (cache hit)
2201 http cache lru-cache@https://registry.npmjs.org/lru-cache/-/lru-cache-7.18.3.tgz 0ms (cache hit)
2202 http cache execa@https://registry.npmjs.org/execa/-/execa-5.1.1.tgz 0ms (cache hit)
2203 http cache get-stream@https://registry.npmjs.org/get-stream/-/get-stream-6.0.1.tgz 0ms (cache hit)
2204 http cache semver@https://registry.npmjs.org/semver/-/semver-6.3.1.tgz 0ms (cache hit)
2205 http cache js-yaml@https://registry.npmjs.org/js-yaml/-/js-yaml-4.1.1.tgz 0ms (cache hit)
2206 http cache undici@https://registry.npmjs.org/undici/-/undici-5.28.4.tgz 0ms (cache hit)
2207 http cache signal-exit@https://registry.npmjs.org/signal-exit/-/signal-exit-3.0.7.tgz 0ms (cache hit)
2208 http cache node-fetch@https://registry.npmjs.org/node-fetch/-/node-fetch-2.6.9.tgz 0ms (cache hit)
2209 http cache path-to-regexp@https://registry.npmjs.org/path-to-regexp/-/path-to-regexp-6.1.0.tgz 0ms (cache hit)
2210 http cache path-to-regexp@https://registry.npmjs.org/path-to-regexp/-/path-to-regexp-8.2.0.tgz 0ms (cache hit)
2211 http cache async-listen@https://registry.npmjs.org/async-listen/-/async-listen-3.0.0.tgz 0ms (cache hit)
2212 http cache path-to-regexp@https://registry.npmjs.org/path-to-regexp/-/path-to-regexp-6.1.0.tgz 0ms (cache hit)
2213 silly tarball no local data for @fastify/busboy@https://registry.npmjs.org/@fastify/busboy/-/busboy-2.1.1.tgz. Extracting by manifest.
2214 http cache es-module-lexer@https://registry.npmjs.org/es-module-lexer/-/es-module-lexer-1.4.1.tgz 0ms (cache hit)
2215 http cache xdg-app-paths@https://registry.npmjs.org/xdg-app-paths/-/xdg-app-paths-5.1.0.tgz 0ms (cache hit)
2216 silly tarball no local data for events-intercept@https://registry.npmjs.org/events-intercept/-/events-intercept-2.0.0.tgz. Extracting by manifest.
2217 http cache zod@https://registry.npmjs.org/zod/-/zod-3.22.4.tgz 0ms (cache hit)
2218 http cache zod@https://registry.npmjs.org/zod/-/zod-3.22.4.tgz 0ms (cache hit)
2219 http cache zod@https://registry.npmjs.org/zod/-/zod-3.22.4.tgz 0ms (cache hit)
2220 silly tarball no local data for buffer-crc32@https://registry.npmjs.org/buffer-crc32/-/buffer-crc32-0.2.13.tgz. Extracting by manifest.
2221 silly tarball no local data for fd-slicer@https://registry.npmjs.org/fd-slicer/-/fd-slicer-1.1.0.tgz. Extracting by manifest.
2222 silly tarball no local data for yauzl@https://registry.npmjs.org/yauzl/-/yauzl-2.10.0.tgz. Extracting by manifest.
2223 silly tarball no local data for xdg-portable@https://registry.npmjs.org/xdg-portable/-/xdg-portable-7.3.0.tgz. Extracting by manifest.
2224 silly tarball no local data for pend@https://registry.npmjs.org/pend/-/pend-1.2.0.tgz. Extracting by manifest.
2225 silly tarball no local data for os-paths@https://registry.npmjs.org/os-paths/-/os-paths-4.4.0.tgz. Extracting by manifest.
2226 silly tarball no local data for yauzl-clone@https://registry.npmjs.org/yauzl-clone/-/yauzl-clone-1.0.4.tgz. Extracting by manifest.
2227 silly tarball no local data for tr46@https://registry.npmjs.org/tr46/-/tr46-0.0.3.tgz. Extracting by manifest.
2228 silly tarball no local data for webidl-conversions@https://registry.npmjs.org/webidl-conversions/-/webidl-conversions-3.0.1.tgz. Extracting by manifest.
2229 silly tarball no local data for code-block-writer@https://registry.npmjs.org/code-block-writer/-/code-block-writer-10.1.1.tgz. Extracting by manifest.
2230 silly tarball no local data for convert-hrtime@https://registry.npmjs.org/convert-hrtime/-/convert-hrtime-3.0.0.tgz. Extracting by manifest.
2231 silly tarball no local data for @ts-morph/common@https://registry.npmjs.org/@ts-morph/common/-/common-0.11.1.tgz. Extracting by manifest.
2232 silly tarball no local data for path-browserify@https://registry.npmjs.org/path-browserify/-/path-browserify-1.0.1.tgz. Extracting by manifest.
2233 silly tarball no local data for text-decoder@https://registry.npmjs.org/text-decoder/-/text-decoder-1.2.7.tgz. Extracting by manifest.
2234 silly tarball no local data for events-universal@https://registry.npmjs.org/events-universal/-/events-universal-1.0.1.tgz. Extracting by manifest.
2235 silly tarball no local data for streamx@https://registry.npmjs.org/streamx/-/streamx-2.25.0.tgz. Extracting by manifest.
2236 silly tarball no local data for bare-events@https://registry.npmjs.org/bare-events/-/bare-events-2.8.2.tgz. Extracting by manifest.
2237 silly tarball no local data for fast-fifo@https://registry.npmjs.org/fast-fifo/-/fast-fifo-1.3.2.tgz. Extracting by manifest.
2238 silly tarball no local data for mkdirp@https://registry.npmjs.org/mkdirp/-/mkdirp-1.0.4.tgz. Extracting by manifest.
2239 silly tarball no local data for minizlib@https://registry.npmjs.org/minizlib/-/minizlib-3.1.0.tgz. Extracting by manifest.
2240 silly tarball no local data for b4a@https://registry.npmjs.org/b4a/-/b4a-1.8.1.tgz. Extracting by manifest.
2241 silly tarball no local data for yallist@https://registry.npmjs.org/yallist/-/yallist-5.0.0.tgz. Extracting by manifest.
2242 silly tarball no local data for stream-to-array@https://registry.npmjs.org/stream-to-array/-/stream-to-array-2.3.0.tgz. Extracting by manifest.
2243 silly tarball no local data for cookie-es@https://registry.npmjs.org/cookie-es/-/cookie-es-2.0.1.tgz. Extracting by manifest.
2244 silly tarball no local data for ip-address@https://registry.npmjs.org/ip-address/-/ip-address-10.2.0.tgz. Extracting by manifest.
2245 silly tarball no local data for chownr@https://registry.npmjs.org/chownr/-/chownr-3.0.0.tgz. Extracting by manifest.
2246 silly tarball no local data for smart-buffer@https://registry.npmjs.org/smart-buffer/-/smart-buffer-4.2.0.tgz. Extracting by manifest.
2247 silly tarball no local data for @isaacs/fs-minipass@https://registry.npmjs.org/@isaacs/fs-minipass/-/fs-minipass-4.0.1.tgz. Extracting by manifest.
2248 silly tarball no local data for @vercel/oidc@https://registry.npmjs.org/@vercel/oidc/-/oidc-3.2.0.tgz. Extracting by manifest.
2249 silly tarball no local data for socks@https://registry.npmjs.org/socks/-/socks-2.8.9.tgz. Extracting by manifest.
2250 silly tarball no local data for jsonlines@https://registry.npmjs.org/jsonlines/-/jsonlines-0.1.1.tgz. Extracting by manifest.
2251 silly tarball no local data for tar-stream@https://registry.npmjs.org/tar-stream/-/tar-stream-3.1.7.tgz. Extracting by manifest.
2252 silly tarball no local data for @vercel/sandbox@https://registry.npmjs.org/@vercel/sandbox/-/sandbox-1.9.0.tgz. Extracting by manifest.
2253 silly tarball no local data for toidentifier@https://registry.npmjs.org/toidentifier/-/toidentifier-1.0.0.tgz. Extracting by manifest.
2254 silly tarball no local data for @rolldown/pluginutils@https://registry.npmjs.org/@rolldown/pluginutils/-/pluginutils-1.0.0-rc.1.tgz. Extracting by manifest.
2255 silly tarball no local data for statuses@https://registry.npmjs.org/statuses/-/statuses-1.5.0.tgz. Extracting by manifest.
2256 silly tarball no local data for @oxc-project/types@https://registry.npmjs.org/@oxc-project/types/-/types-0.110.0.tgz. Extracting by manifest.
2257 silly tarball no local data for @rolldown/binding-darwin-arm64@https://registry.npmjs.org/@rolldown/binding-darwin-arm64/-/binding-darwin-arm64-1.0.0-rc.1.tgz. Extracting by manifest.
2258 silly tarball no local data for safer-buffer@https://registry.npmjs.org/safer-buffer/-/safer-buffer-2.1.2.tgz. Extracting by manifest.
2259 silly tarball no local data for depd@https://registry.npmjs.org/depd/-/depd-1.1.2.tgz. Extracting by manifest.
2260 silly tarball no local data for http-errors@https://registry.npmjs.org/http-errors/-/http-errors-1.7.3.tgz. Extracting by manifest.
2261 silly tarball no local data for setprototypeof@https://registry.npmjs.org/setprototypeof/-/setprototypeof-1.1.1.tgz. Extracting by manifest.
2262 silly tarball no local data for iconv-lite@https://registry.npmjs.org/iconv-lite/-/iconv-lite-0.4.24.tgz. Extracting by manifest.
2263 silly tarball no local data for bytes@https://registry.npmjs.org/bytes/-/bytes-3.1.0.tgz. Extracting by manifest.
2264 silly tarball no local data for unpipe@https://registry.npmjs.org/unpipe/-/unpipe-1.0.0.tgz. Extracting by manifest.
2265 silly tarball no local data for end-of-stream@https://registry.npmjs.org/end-of-stream/-/end-of-stream-1.4.5.tgz. Extracting by manifest.
2266 silly tarball no local data for degenerator@https://registry.npmjs.org/degenerator/-/degenerator-5.0.1.tgz. Extracting by manifest.
2267 silly tarball no local data for netmask@https://registry.npmjs.org/netmask/-/netmask-2.1.1.tgz. Extracting by manifest.
2268 silly tarball no local data for escodegen@https://registry.npmjs.org/escodegen/-/escodegen-2.1.0.tgz. Extracting by manifest.
2269 silly tarball no local data for ast-types@https://registry.npmjs.org/ast-types/-/ast-types-0.13.4.tgz. Extracting by manifest.
2270 silly tarball no local data for basic-ftp@https://registry.npmjs.org/basic-ftp/-/basic-ftp-5.3.1.tgz. Extracting by manifest.
2271 silly tarball no local data for source-map@https://registry.npmjs.org/source-map/-/source-map-0.6.1.tgz. Extracting by manifest.
2272 silly tarball no local data for pac-resolver@https://registry.npmjs.org/pac-resolver/-/pac-resolver-7.0.1.tgz. Extracting by manifest.
2273 silly tarball no local data for proxy-from-env@https://registry.npmjs.org/proxy-from-env/-/proxy-from-env-1.1.0.tgz. Extracting by manifest.
2274 silly tarball no local data for data-uri-to-buffer@https://registry.npmjs.org/data-uri-to-buffer/-/data-uri-to-buffer-6.0.2.tgz. Extracting by manifest.
2275 silly tarball no local data for get-uri@https://registry.npmjs.org/get-uri/-/get-uri-6.0.5.tgz. Extracting by manifest.
2276 silly tarball no local data for parse-ms@https://registry.npmjs.org/parse-ms/-/parse-ms-2.1.0.tgz. Extracting by manifest.
2277 silly tarball no local data for @tootallnate/quickjs-emscripten@https://registry.npmjs.org/@tootallnate/quickjs-emscripten/-/quickjs-emscripten-0.23.0.tgz. Extracting by manifest.
2278 silly tarball no local data for socks-proxy-agent@https://registry.npmjs.org/socks-proxy-agent/-/socks-proxy-agent-8.0.5.tgz. Extracting by manifest.
2279 silly tarball no local data for lru-cache@https://registry.npmjs.org/lru-cache/-/lru-cache-11.3.6.tgz. Extracting by manifest.
2280 silly tarball no local data for @emnapi/runtime@https://registry.npmjs.org/@emnapi/runtime/-/runtime-1.10.0.tgz. Extracting by manifest.
2281 silly tarball no local data for http-proxy-agent@https://registry.npmjs.org/http-proxy-agent/-/http-proxy-agent-7.0.2.tgz. Extracting by manifest.
2282 silly tarball no local data for pac-proxy-agent@https://registry.npmjs.org/pac-proxy-agent/-/pac-proxy-agent-7.2.0.tgz. Extracting by manifest.
2283 silly tarball no local data for @tybys/wasm-util@https://registry.npmjs.org/@tybys/wasm-util/-/wasm-util-0.10.2.tgz. Extracting by manifest.
2284 silly tarball no local data for @emnapi/wasi-threads@https://registry.npmjs.org/@emnapi/wasi-threads/-/wasi-threads-1.2.1.tgz. Extracting by manifest.
2285 silly tarball no local data for @emnapi/core@https://registry.npmjs.org/@emnapi/core/-/core-1.10.0.tgz. Extracting by manifest.
2286 silly tarball no local data for @napi-rs/wasm-runtime@https://registry.npmjs.org/@napi-rs/wasm-runtime/-/wasm-runtime-1.1.4.tgz. Extracting by manifest.
2287 silly tarball no local data for mimic-fn@https://registry.npmjs.org/mimic-fn/-/mimic-fn-2.1.0.tgz. Extracting by manifest.
2288 silly tarball no local data for mime-db@https://registry.npmjs.org/mime-db/-/mime-db-1.52.0.tgz. Extracting by manifest.
2289 silly tarball no local data for @isaacs/balanced-match@https://registry.npmjs.org/@isaacs/balanced-match/-/balanced-match-4.0.1.tgz. Extracting by manifest.
2290 silly tarball no local data for @oxc-transform/binding-darwin-arm64@https://registry.npmjs.org/@oxc-transform/binding-darwin-arm64/-/binding-darwin-arm64-0.111.0.tgz. Extracting by manifest.
2291 silly tarball no local data for @isaacs/brace-expansion@https://registry.npmjs.org/@isaacs/brace-expansion/-/brace-expansion-5.0.1.tgz. Extracting by manifest.
2292 silly tarball no local data for whatwg-url@https://registry.npmjs.org/whatwg-url/-/whatwg-url-5.0.0.tgz. Extracting by manifest.
2293 silly tarball no local data for abbrev@https://registry.npmjs.org/abbrev/-/abbrev-3.0.1.tgz. Extracting by manifest.
2294 silly tarball no local data for content-type@https://registry.npmjs.org/content-type/-/content-type-1.0.4.tgz. Extracting by manifest.
2295 silly tarball no local data for arg@https://registry.npmjs.org/arg/-/arg-4.1.0.tgz. Extracting by manifest.
2296 silly tarball no local data for raw-body@https://registry.npmjs.org/raw-body/-/raw-body-2.4.1.tgz. Extracting by manifest.
2297 silly tarball no local data for ts-toolbelt@https://registry.npmjs.org/ts-toolbelt/-/ts-toolbelt-6.15.5.tgz. Extracting by manifest.
2298 silly tarball no local data for argparse@https://registry.npmjs.org/argparse/-/argparse-1.0.10.tgz. Extracting by manifest.
2299 silly tarball no local data for sprintf-js@https://registry.npmjs.org/sprintf-js/-/sprintf-js-1.0.3.tgz. Extracting by manifest.
2300 silly tarball no local data for agent-base@https://registry.npmjs.org/agent-base/-/agent-base-7.1.4.tgz. Extracting by manifest.
2301 silly tarball no local data for pump@https://registry.npmjs.org/pump/-/pump-3.0.4.tgz. Extracting by manifest.
2302 silly tarball no local data for esprima@https://registry.npmjs.org/esprima/-/esprima-4.0.1.tgz. Extracting by manifest.
2303 silly tarball no local data for path-scurry@https://registry.npmjs.org/path-scurry/-/path-scurry-2.0.2.tgz. Extracting by manifest.
2304 silly tarball no local data for @types/json-schema@https://registry.npmjs.org/@types/json-schema/-/json-schema-7.0.15.tgz. Extracting by manifest.
2305 silly tarball no local data for universalify@https://registry.npmjs.org/universalify/-/universalify-2.0.1.tgz. Extracting by manifest.
2306 silly tarball no local data for jsonfile@https://registry.npmjs.org/jsonfile/-/jsonfile-6.2.1.tgz. Extracting by manifest.
2307 silly tarball no local data for delayed-stream@https://registry.npmjs.org/delayed-stream/-/delayed-stream-1.0.0.tgz. Extracting by manifest.
2308 silly tarball no local data for combined-stream@https://registry.npmjs.org/combined-stream/-/combined-stream-1.0.8.tgz. Extracting by manifest.
2309 silly tarball no local data for asynckit@https://registry.npmjs.org/asynckit/-/asynckit-0.4.0.tgz. Extracting by manifest.
2310 silly tarball no local data for p-finally@https://registry.npmjs.org/p-finally/-/p-finally-2.0.1.tgz. Extracting by manifest.
2311 silly tarball no local data for is-stream@https://registry.npmjs.org/is-stream/-/is-stream-2.0.1.tgz. Extracting by manifest.
2312 silly tarball no local data for strip-final-newline@https://registry.npmjs.org/strip-final-newline/-/strip-final-newline-2.0.0.tgz. Extracting by manifest.
2313 silly tarball no local data for get-stream@https://registry.npmjs.org/get-stream/-/get-stream-5.2.0.tgz. Extracting by manifest.
2314 silly tarball no local data for onetime@https://registry.npmjs.org/onetime/-/onetime-5.1.2.tgz. Extracting by manifest.
2315 silly tarball no local data for npm-run-path@https://registry.npmjs.org/npm-run-path/-/npm-run-path-4.0.1.tgz. Extracting by manifest.
2316 silly tarball no local data for merge-stream@https://registry.npmjs.org/merge-stream/-/merge-stream-2.0.0.tgz. Extracting by manifest.
2317 silly tarball no local data for time-span@https://registry.npmjs.org/time-span/-/time-span-4.0.0.tgz. Extracting by manifest.
2318 silly tarball no local data for picocolors@https://registry.npmjs.org/picocolors/-/picocolors-1.0.0.tgz. Extracting by manifest.
2319 silly tarball no local data for mri@https://registry.npmjs.org/mri/-/mri-1.2.0.tgz. Extracting by manifest.
2320 silly tarball no local data for signal-exit@https://registry.npmjs.org/signal-exit/-/signal-exit-4.0.2.tgz. Extracting by manifest.
2321 silly tarball no local data for human-signals@https://registry.npmjs.org/human-signals/-/human-signals-1.1.1.tgz. Extracting by manifest.
2322 silly tarball no local data for @edge-runtime/ponyfill@https://registry.npmjs.org/@edge-runtime/ponyfill/-/ponyfill-2.4.2.tgz. Extracting by manifest.
2323 silly tarball no local data for pretty-ms@https://registry.npmjs.org/pretty-ms/-/pretty-ms-7.0.1.tgz. Extracting by manifest.
2324 silly tarball no local data for readdirp@https://registry.npmjs.org/readdirp/-/readdirp-4.1.2.tgz. Extracting by manifest.
2325 silly tarball no local data for retry@https://registry.npmjs.org/retry/-/retry-0.13.1.tgz. Extracting by manifest.
2326 silly tarball no local data for @esbuild/darwin-arm64@https://registry.npmjs.org/@esbuild/darwin-arm64/-/darwin-arm64-0.27.0.tgz. Extracting by manifest.
2327 silly tarball no local data for @edge-runtime/format@https://registry.npmjs.org/@edge-runtime/format/-/format-2.2.1.tgz. Extracting by manifest.
2328 silly tarball no local data for json-schema-traverse@https://registry.npmjs.org/json-schema-traverse/-/json-schema-traverse-1.0.0.tgz. Extracting by manifest.
2329 silly tarball no local data for file-uri-to-path@https://registry.npmjs.org/file-uri-to-path/-/file-uri-to-path-1.0.0.tgz. Extracting by manifest.
2330 silly tarball no local data for require-from-string@https://registry.npmjs.org/require-from-string/-/require-from-string-2.0.2.tgz. Extracting by manifest.
2331 silly tarball no local data for json-schema-to-ts@https://registry.npmjs.org/json-schema-to-ts/-/json-schema-to-ts-1.6.4.tgz. Extracting by manifest.
2332 silly tarball no local data for web-vitals@https://registry.npmjs.org/web-vitals/-/web-vitals-0.2.4.tgz. Extracting by manifest.
2333 silly tarball no local data for @sinclair/typebox@https://registry.npmjs.org/@sinclair/typebox/-/typebox-0.25.24.tgz. Extracting by manifest.
2334 silly tarball no local data for @vercel/gatsby-plugin-vercel-builder@https://registry.npmjs.org/@vercel/gatsby-plugin-vercel-builder/-/gatsby-plugin-vercel-builder-2.2.2.tgz. Extracting by manifest.
2335 silly tarball no local data for @renovatebot/pep440@https://registry.npmjs.org/@renovatebot/pep440/-/pep440-4.2.1.tgz. Extracting by manifest.
2336 silly tarball no local data for ajv@https://registry.npmjs.org/ajv/-/ajv-8.6.3.tgz. Extracting by manifest.
2337 silly tarball no local data for minimatch@https://registry.npmjs.org/minimatch/-/minimatch-10.1.1.tgz. Extracting by manifest.
2338 silly tarball no local data for @vercel/gatsby-plugin-vercel-analytics@https://registry.npmjs.org/@vercel/gatsby-plugin-vercel-analytics/-/gatsby-plugin-vercel-analytics-1.0.11.tgz. Extracting by manifest.
2339 silly tarball no local data for undici-types@https://registry.npmjs.org/undici-types/-/undici-types-5.26.5.tgz. Extracting by manifest.
2340 silly tarball no local data for etag@https://registry.npmjs.org/etag/-/etag-1.8.1.tgz. Extracting by manifest.
2341 silly tarball no local data for path-to-regexp-updated@https://registry.npmjs.org/path-to-regexp/-/path-to-regexp-6.3.0.tgz. Extracting by manifest.
2342 silly tarball no local data for @types/node@https://registry.npmjs.org/@types/node/-/node-20.11.0.tgz. Extracting by manifest.
2343 silly tarball no local data for mime-types@https://registry.npmjs.org/mime-types/-/mime-types-2.1.35.tgz. Extracting by manifest.
2344 silly tarball no local data for edge-runtime@https://registry.npmjs.org/edge-runtime/-/edge-runtime-2.5.9.tgz. Extracting by manifest.
2345 silly tarball no local data for @edge-runtime/vm@https://registry.npmjs.org/@edge-runtime/vm/-/vm-3.2.0.tgz. Extracting by manifest.
2346 silly tarball no local data for @bytecodealliance/preview2-shim@https://registry.npmjs.org/@bytecodealliance/preview2-shim/-/preview2-shim-0.17.6.tgz. Extracting by manifest.
2347 silly tarball no local data for nopt@https://registry.npmjs.org/nopt/-/nopt-8.1.0.tgz. Extracting by manifest.
2348 silly tarball no local data for @vercel/error-utils@https://registry.npmjs.org/@vercel/error-utils/-/error-utils-2.1.0.tgz. Extracting by manifest.
2349 silly tarball no local data for resolve-from@https://registry.npmjs.org/resolve-from/-/resolve-from-5.0.0.tgz. Extracting by manifest.
2350 silly tarball no local data for @edge-runtime/node-utils@https://registry.npmjs.org/@edge-runtime/node-utils/-/node-utils-2.3.0.tgz. Extracting by manifest.
2351 silly tarball no local data for @edge-runtime/primitives@https://registry.npmjs.org/@edge-runtime/primitives/-/primitives-4.1.0.tgz. Extracting by manifest.
2352 silly tarball no local data for detect-libc@https://registry.npmjs.org/detect-libc/-/detect-libc-2.1.2.tgz. Extracting by manifest.
2353 silly tarball no local data for consola@https://registry.npmjs.org/consola/-/consola-3.4.2.tgz. Extracting by manifest.
2354 silly tarball no local data for glob@https://registry.npmjs.org/glob/-/glob-13.0.6.tgz. Extracting by manifest.
2355 silly tarball no local data for node-gyp-build@https://registry.npmjs.org/node-gyp-build/-/node-gyp-build-4.8.4.tgz. Extracting by manifest.
2356 silly tarball no local data for async-sema@https://registry.npmjs.org/async-sema/-/async-sema-3.1.1.tgz. Extracting by manifest.
2357 silly tarball no local data for @mapbox/node-pre-gyp@https://registry.npmjs.org/@mapbox/node-pre-gyp/-/node-pre-gyp-2.0.3.tgz. Extracting by manifest.
2358 silly tarball no local data for https-proxy-agent@https://registry.npmjs.org/https-proxy-agent/-/https-proxy-agent-7.0.6.tgz. Extracting by manifest.
2359 silly tarball no local data for estree-walker@https://registry.npmjs.org/estree-walker/-/estree-walker-2.0.2.tgz. Extracting by manifest.
2360 silly tarball no local data for uid-promise@https://registry.npmjs.org/uid-promise/-/uid-promise-1.0.0.tgz. Extracting by manifest.
2361 silly tarball no local data for @rollup/pluginutils@https://registry.npmjs.org/@rollup/pluginutils/-/pluginutils-5.3.0.tgz. Extracting by manifest.
2362 silly tarball no local data for yauzl-promise@https://registry.npmjs.org/yauzl-promise/-/yauzl-promise-2.1.3.tgz. Extracting by manifest.
2363 silly tarball no local data for tree-kill@https://registry.npmjs.org/tree-kill/-/tree-kill-1.2.2.tgz. Extracting by manifest.
2364 silly tarball no local data for stat-mode@https://registry.npmjs.org/stat-mode/-/stat-mode-0.3.0.tgz. Extracting by manifest.
2365 silly tarball no local data for bindings@https://registry.npmjs.org/bindings/-/bindings-1.5.0.tgz. Extracting by manifest.
2366 silly tarball no local data for acorn-import-attributes@https://registry.npmjs.org/acorn-import-attributes/-/acorn-import-attributes-1.9.5.tgz. Extracting by manifest.
2367 silly tarball no local data for semver@https://registry.npmjs.org/semver/-/semver-7.5.4.tgz. Extracting by manifest.
2368 silly tarball no local data for stream-to-promise@https://registry.npmjs.org/stream-to-promise/-/stream-to-promise-2.2.0.tgz. Extracting by manifest.
2369 silly tarball no local data for tar@https://registry.npmjs.org/tar/-/tar-7.5.7.tgz. Extracting by manifest.
2370 silly tarball no local data for tinyexec@https://registry.npmjs.org/tinyexec/-/tinyexec-0.3.2.tgz. Extracting by manifest.
2371 silly tarball no local data for micro@https://registry.npmjs.org/micro/-/micro-9.3.5-canary.3.tgz. Extracting by manifest.
2372 silly tarball no local data for generic-pool@https://registry.npmjs.org/generic-pool/-/generic-pool-3.4.2.tgz. Extracting by manifest.
2373 silly tarball no local data for node-fetch@https://registry.npmjs.org/node-fetch/-/node-fetch-2.6.7.tgz. Extracting by manifest.
2374 silly tarball no local data for ms@https://registry.npmjs.org/ms/-/ms-2.1.1.tgz. Extracting by manifest.
2375 silly tarball no local data for async-listen@https://registry.npmjs.org/async-listen/-/async-listen-1.2.0.tgz. Extracting by manifest.
2376 silly tarball no local data for @tootallnate/once@https://registry.npmjs.org/@tootallnate/once/-/once-2.0.0.tgz. Extracting by manifest.
2377 silly tarball no local data for ts-morph@https://registry.npmjs.org/ts-morph/-/ts-morph-12.0.0.tgz. Extracting by manifest.
2378 silly tarball no local data for debug@https://registry.npmjs.org/debug/-/debug-4.3.4.tgz. Extracting by manifest.
2379 silly tarball no local data for @vercel/static-config@https://registry.npmjs.org/@vercel/static-config/-/static-config-3.3.0.tgz. Extracting by manifest.
2380 silly tarball no local data for es-module-lexer@https://registry.npmjs.org/es-module-lexer/-/es-module-lexer-1.5.0.tgz. Extracting by manifest.
2381 silly tarball no local data for promisepipe@https://registry.npmjs.org/promisepipe/-/promisepipe-3.0.0.tgz. Extracting by manifest.
2382 silly tarball no local data for xdg-app-paths@https://registry.npmjs.org/xdg-app-paths/-/xdg-app-paths-5.5.1.tgz. Extracting by manifest.
2383 silly tarball no local data for throttleit@https://registry.npmjs.org/throttleit/-/throttleit-2.1.0.tgz. Extracting by manifest.
2384 silly tarball no local data for @vercel/cervel@https://registry.npmjs.org/@vercel/cervel/-/cervel-0.1.2.tgz. Extracting by manifest.
2385 silly tarball no local data for cjs-module-lexer@https://registry.npmjs.org/cjs-module-lexer/-/cjs-module-lexer-1.2.3.tgz. Extracting by manifest.
2386 silly tarball no local data for is-buffer@https://registry.npmjs.org/is-buffer/-/is-buffer-2.0.5.tgz. Extracting by manifest.
2387 silly tarball no local data for undici@https://registry.npmjs.org/undici/-/undici-6.25.0.tgz. Extracting by manifest.
2388 silly tarball no local data for @vercel/python-analysis@https://registry.npmjs.org/@vercel/python-analysis/-/python-analysis-0.11.1.tgz. Extracting by manifest.
2389 silly tarball no local data for tsx@https://registry.npmjs.org/tsx/-/tsx-4.21.0.tgz. Extracting by manifest.
2390 silly tarball no local data for is-node-process@https://registry.npmjs.org/is-node-process/-/is-node-process-1.2.0.tgz. Extracting by manifest.
2391 silly tarball no local data for srvx@https://registry.npmjs.org/srvx/-/srvx-0.8.9.tgz. Extracting by manifest.
2392 silly tarball no local data for async-retry@https://registry.npmjs.org/async-retry/-/async-retry-1.3.3.tgz. Extracting by manifest.
2393 silly tarball no local data for js-yaml@https://registry.npmjs.org/js-yaml/-/js-yaml-3.14.2.tgz. Extracting by manifest.
2394 silly tarball no local data for path-to-regexp@https://registry.npmjs.org/path-to-regexp/-/path-to-regexp-8.3.0.tgz. Extracting by manifest.
2395 silly tarball no local data for rolldown@https://registry.npmjs.org/rolldown/-/rolldown-1.0.0-rc.1.tgz. Extracting by manifest.
2396 silly tarball no local data for resolve.exports@https://registry.npmjs.org/resolve.exports/-/resolve.exports-2.0.3.tgz. Extracting by manifest.
2397 silly tarball no local data for oxc-transform@https://registry.npmjs.org/oxc-transform/-/oxc-transform-0.111.0.tgz. Extracting by manifest.
2398 silly tarball no local data for fs-extra@https://registry.npmjs.org/fs-extra/-/fs-extra-11.1.0.tgz. Extracting by manifest.
2399 silly tarball no local data for execa@https://registry.npmjs.org/execa/-/execa-3.2.0.tgz. Extracting by manifest.
2400 silly tarball no local data for @yarnpkg/parsers@https://registry.npmjs.org/@yarnpkg/parsers/-/parsers-3.0.3.tgz. Extracting by manifest.
2401 silly tarball no local data for @vercel/nft@https://registry.npmjs.org/@vercel/nft/-/nft-1.5.0.tgz. Extracting by manifest.
2402 silly tarball no local data for smol-toml@https://registry.npmjs.org/smol-toml/-/smol-toml-1.5.2.tgz. Extracting by manifest.
2403 silly tarball no local data for form-data@https://registry.npmjs.org/form-data/-/form-data-4.0.5.tgz. Extracting by manifest.
2404 silly tarball no local data for proxy-agent@https://registry.npmjs.org/proxy-agent/-/proxy-agent-6.4.0.tgz. Extracting by manifest.
2405 silly tarball no local data for zod@https://registry.npmjs.org/zod/-/zod-4.1.11.tgz. Extracting by manifest.
2406 silly tarball no local data for luxon@https://registry.npmjs.org/luxon/-/luxon-3.7.2.tgz. Extracting by manifest.
2407 silly tarball no local data for @vercel/static-build@https://registry.npmjs.org/@vercel/static-build/-/static-build-2.9.24.tgz. Extracting by manifest.
2408 silly tarball no local data for @vercel/ruby@https://registry.npmjs.org/@vercel/ruby/-/ruby-2.3.2.tgz. Extracting by manifest.
2409 silly tarball no local data for sandbox@https://registry.npmjs.org/sandbox/-/sandbox-2.5.6.tgz. Extracting by manifest.
2410 silly tarball no local data for chokidar@https://registry.npmjs.org/chokidar/-/chokidar-4.0.0.tgz. Extracting by manifest.
2411 silly tarball no local data for esbuild@https://registry.npmjs.org/esbuild/-/esbuild-0.27.0.tgz. Extracting by manifest.
2412 silly tarball no local data for @vercel/rust@https://registry.npmjs.org/@vercel/rust/-/rust-1.2.0.tgz. Extracting by manifest.
2413 silly tarball no local data for @vercel/redwood@https://registry.npmjs.org/@vercel/redwood/-/redwood-2.4.13.tgz. Extracting by manifest.
2414 silly tarball no local data for @vercel/remix-builder@https://registry.npmjs.org/@vercel/remix-builder/-/remix-builder-5.8.1.tgz. Extracting by manifest.
2415 silly tarball no local data for jose@https://registry.npmjs.org/jose/-/jose-5.9.6.tgz. Extracting by manifest.
2416 silly tarball no local data for @vercel/node@https://registry.npmjs.org/@vercel/node/-/node-5.7.17.tgz. Extracting by manifest.
2417 silly tarball no local data for @vercel/python@https://registry.npmjs.org/@vercel/python/-/python-6.39.0.tgz. Extracting by manifest.
2418 silly tarball no local data for @vercel/next@https://registry.npmjs.org/@vercel/next/-/next-4.17.1.tgz. Extracting by manifest.
2419 silly tarball no local data for @vercel/prepare-flags-definitions@https://registry.npmjs.org/@vercel/prepare-flags-definitions/-/prepare-flags-definitions-0.2.1.tgz. Extracting by manifest.
2420 silly tarball no local data for @vercel/nestjs@https://registry.npmjs.org/@vercel/nestjs/-/nestjs-0.2.79.tgz. Extracting by manifest.
2421 silly tarball no local data for @vercel/koa@https://registry.npmjs.org/@vercel/koa/-/koa-0.1.58.tgz. Extracting by manifest.
2422 silly tarball no local data for @vercel/hydrogen@https://registry.npmjs.org/@vercel/hydrogen/-/hydrogen-1.3.7.tgz. Extracting by manifest.
2423 silly tarball no local data for @vercel/hono@https://registry.npmjs.org/@vercel/hono/-/hono-0.2.78.tgz. Extracting by manifest.
2424 silly tarball no local data for @vercel/fastify@https://registry.npmjs.org/@vercel/fastify/-/fastify-0.1.78.tgz. Extracting by manifest.
2425 silly tarball no local data for @vercel/express@https://registry.npmjs.org/@vercel/express/-/express-0.1.85.tgz. Extracting by manifest.
2426 silly tarball no local data for @vercel/elysia@https://registry.npmjs.org/@vercel/elysia/-/elysia-0.1.75.tgz. Extracting by manifest.
2427 silly tarball no local data for @vercel/go@https://registry.npmjs.org/@vercel/go/-/go-3.6.0.tgz. Extracting by manifest.
2428 silly tarball no local data for @vercel/h3@https://registry.npmjs.org/@vercel/h3/-/h3-0.1.84.tgz. Extracting by manifest.
2429 silly tarball no local data for @vercel/fun@https://registry.npmjs.org/@vercel/fun/-/fun-1.3.0.tgz. Extracting by manifest.
2430 silly tarball no local data for @vercel/detect-agent@https://registry.npmjs.org/@vercel/detect-agent/-/detect-agent-1.2.3.tgz. Extracting by manifest.
2431 silly tarball no local data for @vercel/build-utils@https://registry.npmjs.org/@vercel/build-utils/-/build-utils-13.22.1.tgz. Extracting by manifest.
2432 silly tarball no local data for @vercel/blob@https://registry.npmjs.org/@vercel/blob/-/blob-2.3.0.tgz. Extracting by manifest.
2433 silly tarball no local data for @vercel/backends@https://registry.npmjs.org/@vercel/backends/-/backends-0.4.1.tgz. Extracting by manifest.
2434 silly tarball no local data for @vercel/cli-config@https://registry.npmjs.org/@vercel/cli-config/-/cli-config-0.1.1.tgz. Extracting by manifest.
2435 silly tarball no local data for vercel@https://registry.npmjs.org/vercel/-/vercel-53.3.2.tgz. Extracting by manifest.
2436 silly tarball no local data for zod@https://registry.npmjs.org/zod/-/zod-3.24.4.tgz. Extracting by manifest.
2437 silly tarball no local data for xdg-app-paths@https://registry.npmjs.org/xdg-app-paths/-/xdg-app-paths-5.1.0.tgz. Extracting by manifest.
2438 silly tarball no local data for undici@https://registry.npmjs.org/undici/-/undici-7.25.0.tgz. Extracting by manifest.
2439 silly tarball no local data for async-listen@https://registry.npmjs.org/async-listen/-/async-listen-3.0.1.tgz. Extracting by manifest.
2440 silly tarball no local data for lru-cache@https://registry.npmjs.org/lru-cache/-/lru-cache-6.0.0.tgz. Extracting by manifest.
2441 silly tarball no local data for once@https://registry.npmjs.org/once/-/once-1.3.3.tgz. Extracting by manifest.
2442 silly tarball no local data for zod@https://registry.npmjs.org/zod/-/zod-3.22.4.tgz. Extracting by manifest.
2443 silly tarball no local data for end-of-stream@https://registry.npmjs.org/end-of-stream/-/end-of-stream-1.1.0.tgz. Extracting by manifest.
2444 silly tarball no local data for ms@https://registry.npmjs.org/ms/-/ms-2.1.2.tgz. Extracting by manifest.
2445 silly tarball no local data for yallist@https://registry.npmjs.org/yallist/-/yallist-4.0.0.tgz. Extracting by manifest.
2446 silly tarball no local data for human-signals@https://registry.npmjs.org/human-signals/-/human-signals-2.1.0.tgz. Extracting by manifest.
2447 silly tarball no local data for signal-exit@https://registry.npmjs.org/signal-exit/-/signal-exit-3.0.7.tgz. Extracting by manifest.
2448 silly tarball no local data for fs-extra@https://registry.npmjs.org/fs-extra/-/fs-extra-11.1.1.tgz. Extracting by manifest.
2449 silly tarball no local data for lru-cache@https://registry.npmjs.org/lru-cache/-/lru-cache-7.18.3.tgz. Extracting by manifest.
2450 silly tarball no local data for execa@https://registry.npmjs.org/execa/-/execa-5.1.1.tgz. Extracting by manifest.
2451 silly tarball no local data for get-stream@https://registry.npmjs.org/get-stream/-/get-stream-6.0.1.tgz. Extracting by manifest.
2452 silly tarball no local data for undici@https://registry.npmjs.org/undici/-/undici-5.28.4.tgz. Extracting by manifest.
2453 silly tarball no local data for signal-exit@https://registry.npmjs.org/signal-exit/-/signal-exit-3.0.7.tgz. Extracting by manifest.
2454 silly tarball no local data for node-fetch@https://registry.npmjs.org/node-fetch/-/node-fetch-2.6.9.tgz. Extracting by manifest.
2455 silly tarball no local data for path-to-regexp@https://registry.npmjs.org/path-to-regexp/-/path-to-regexp-6.1.0.tgz. Extracting by manifest.
2456 silly tarball no local data for path-to-regexp@https://registry.npmjs.org/path-to-regexp/-/path-to-regexp-8.2.0.tgz. Extracting by manifest.
2457 silly tarball no local data for async-listen@https://registry.npmjs.org/async-listen/-/async-listen-3.0.0.tgz. Extracting by manifest.
2458 silly tarball no local data for path-to-regexp@https://registry.npmjs.org/path-to-regexp/-/path-to-regexp-6.1.0.tgz. Extracting by manifest.
2459 silly tarball no local data for es-module-lexer@https://registry.npmjs.org/es-module-lexer/-/es-module-lexer-1.4.1.tgz. Extracting by manifest.
2460 silly tarball no local data for xdg-app-paths@https://registry.npmjs.org/xdg-app-paths/-/xdg-app-paths-5.1.0.tgz. Extracting by manifest.
2461 silly tarball no local data for zod@https://registry.npmjs.org/zod/-/zod-3.22.4.tgz. Extracting by manifest.
2462 silly tarball no local data for zod@https://registry.npmjs.org/zod/-/zod-3.22.4.tgz. Extracting by manifest.
2463 silly tarball no local data for zod@https://registry.npmjs.org/zod/-/zod-3.22.4.tgz. Extracting by manifest.
2464 http fetch POST 200 https://registry.npmjs.org/-/npm/v1/security/advisories/bulk 152ms
2465 silly audit report {
2465 silly audit report   'smol-toml': [
2465 silly audit report     {
2465 silly audit report       id: 1115393,
2465 silly audit report       url: 'https://github.com/advisories/GHSA-v3rj-xjv7-4jmq',
2465 silly audit report       title: 'smol-toml: Denial of Service via TOML documents containing thousands of consecutive commented lines',
2465 silly audit report       severity: 'moderate',
2465 silly audit report       vulnerable_versions: '<1.6.1',
2465 silly audit report       cwe: [Array],
2465 silly audit report       cvss: [Object]
2465 silly audit report     }
2465 silly audit report   ],
2465 silly audit report   'path-to-regexp': [
2465 silly audit report     {
2465 silly audit report       id: 1101846,
2465 silly audit report       url: 'https://github.com/advisories/GHSA-9wv6-86v2-598j',
2465 silly audit report       title: 'path-to-regexp outputs backtracking regular expressions',
2465 silly audit report       severity: 'high',
2465 silly audit report       vulnerable_versions: '>=4.0.0 <6.3.0',
2465 silly audit report       cwe: [Array],
2465 silly audit report       cvss: [Object]
2465 silly audit report     },
2465 silly audit report     {
2465 silly audit report       id: 1115573,
2465 silly audit report       url: 'https://github.com/advisories/GHSA-j3q9-mxjg-w52f',
2465 silly audit report       title: 'path-to-regexp vulnerable to Denial of Service via sequential optional groups',
2465 silly audit report       severity: 'high',
2465 silly audit report       vulnerable_versions: '>=8.0.0 <8.4.0',
2465 silly audit report       cwe: [Array],
2465 silly audit report       cvss: [Object]
2465 silly audit report     },
2465 silly audit report     {
2465 silly audit report       id: 1115582,
2465 silly audit report       url: 'https://github.com/advisories/GHSA-27v5-c462-wpq7',
2465 silly audit report       title: 'path-to-regexp vulnerable to Regular Expression Denial of Service via multiple wildcards',
2465 silly audit report       severity: 'moderate',
2465 silly audit report       vulnerable_versions: '>=8.0.0 <8.4.0',
2465 silly audit report       cwe: [Array],
2465 silly audit report       cvss: [Object]
2465 silly audit report     }
2465 silly audit report   ],
2465 silly audit report   srvx: [
2465 silly audit report     {
2465 silly audit report       id: 1115537,
2465 silly audit report       url: 'https://github.com/advisories/GHSA-p36q-q72m-gchr',
2465 silly audit report       title: 'srvx is vulnerable to middleware bypass via absolute URI in request line ',
2465 silly audit report       severity: 'moderate',
2465 silly audit report       vulnerable_versions: '<0.11.13',
2465 silly audit report       cwe: [Array],
2465 silly audit report       cvss: [Object]
2465 silly audit report     }
2465 silly audit report   ],
2465 silly audit report   undici: [
2465 silly audit report     {
2465 silly audit report       id: 1101610,
2465 silly audit report       url: 'https://github.com/advisories/GHSA-c76h-2ccp-4975',
2465 silly audit report       title: 'Use of Insufficiently Random Values in undici',
2465 silly audit report       severity: 'moderate',
2465 silly audit report       vulnerable_versions: '>=4.5.0 <5.28.5',
2465 silly audit report       cwe: [Array],
2465 silly audit report       cvss: [Object]
2465 silly audit report     },
2465 silly audit report     {
2465 silly audit report       id: 1112496,
2465 silly audit report       url: 'https://github.com/advisories/GHSA-g9mf-h72j-4rw9',
2465 silly audit report       title: 'Undici has an unbounded decompression chain in HTTP responses on Node.js Fetch API via Content-Encoding leads to resource exhaustion',
2465 silly audit report       severity: 'moderate',
2465 silly audit report       vulnerable_versions: '<6.23.0',
2465 silly audit report       cwe: [Array],
2465 silly audit report       cvss: [Object]
2465 silly audit report     },
2465 silly audit report     {
2465 silly audit report       id: 1113069,
2465 silly audit report       url: 'https://github.com/advisories/GHSA-cxrh-j4jr-qwg3',
2465 silly audit report       title: 'undici Denial of Service attack via bad certificate data',
2465 silly audit report       severity: 'low',
2465 silly audit report       vulnerable_versions: '<5.29.0',
2465 silly audit report       cwe: [Array],
2465 silly audit report       cvss: [Object]
2465 silly audit report     },
2465 silly audit report     {
2465 silly audit report       id: 1114594,
2465 silly audit report       url: 'https://github.com/advisories/GHSA-2mjp-6q6p-2qxm',
2465 silly audit report       title: 'Undici has an HTTP Request/Response Smuggling issue',
2465 silly audit report       severity: 'moderate',
2465 silly audit report       vulnerable_versions: '<6.24.0',
2465 silly audit report       cwe: [Array],
2465 silly audit report       cvss: [Object]
2465 silly audit report     },
2465 silly audit report     {
2465 silly audit report       id: 1114638,
2465 silly audit report       url: 'https://github.com/advisories/GHSA-vrm6-8vpv-qv8q',
2465 silly audit report       title: 'Undici has Unbounded Memory Consumption in WebSocket permessage-deflate Decompression',
2465 silly audit report       severity: 'high',
2465 silly audit report       vulnerable_versions: '<6.24.0',
2465 silly audit report       cwe: [Array],
2465 silly audit report       cvss: [Object]
2465 silly audit report     },
2465 silly audit report     {
2465 silly audit report       id: 1114640,
2465 silly audit report       url: 'https://github.com/advisories/GHSA-v9p9-hfj2-hcw8',
2465 silly audit report       title: 'Undici has Unhandled Exception in WebSocket Client Due to Invalid server_max_window_bits Validation',
2465 silly audit report       severity: 'high',
2465 silly audit report       vulnerable_versions: '<6.24.0',
2465 silly audit report       cwe: [Array],
2465 silly audit report       cvss: [Object]
2465 silly audit report     },
2465 silly audit report     {
2465 silly audit report       id: 1114642,
2465 silly audit report       url: 'https://github.com/advisories/GHSA-4992-7rv2-5pvq',
2465 silly audit report       title: 'Undici has CRLF Injection in undici via `upgrade` option',
2465 silly audit report       severity: 'moderate',
2465 silly audit report       vulnerable_versions: '<6.24.0',
2465 silly audit report       cwe: [Array],
2465 silly audit report       cvss: [Object]
2465 silly audit report     }
2465 silly audit report   ],
2465 silly audit report   '@tootallnate/once': [
2465 silly audit report     {
2465 silly audit report       id: 1113977,
2465 silly audit report       url: 'https://github.com/advisories/GHSA-vpq2-c234-7xj6',
2465 silly audit report       title: '@tootallnate/once vulnerable to Incorrect Control Flow Scoping',
2465 silly audit report       severity: 'low',
2465 silly audit report       vulnerable_versions: '<3.0.1',
2465 silly audit report       cwe: [Array],
2465 silly audit report       cvss: [Object]
2465 silly audit report     }
2465 silly audit report   ],
2465 silly audit report   tar: [
2465 silly audit report     {
2465 silly audit report       id: 1113375,
2465 silly audit report       url: 'https://github.com/advisories/GHSA-83g3-92jg-28cx',
2465 silly audit report       title: 'Arbitrary File Read/Write via Hardlink Target Escape Through Symlink Chain in node-tar Extraction',
2465 silly audit report       severity: 'high',
2465 silly audit report       vulnerable_versions: '<7.5.8',
2465 silly audit report       cwe: [Array],
2465 silly audit report       cvss: [Object]
2465 silly audit report     },
2465 silly audit report     {
2465 silly audit report       id: 1114200,
2465 silly audit report       url: 'https://github.com/advisories/GHSA-qffp-2rhf-9h96',
2465 silly audit report       title: 'tar has Hardlink Path Traversal via Drive-Relative Linkpath',
2465 silly audit report       severity: 'high',
2465 silly audit report       vulnerable_versions: '<=7.5.9',
2465 silly audit report       cwe: [Array],
2465 silly audit report       cvss: [Object]
2465 silly audit report     },
2465 silly audit report     {
2465 silly audit report       id: 1114302,
2465 silly audit report       url: 'https://github.com/advisories/GHSA-9ppj-qmqm-q256',
2465 silly audit report       title: 'node-tar Symlink Path Traversal via Drive-Relative Linkpath',
2465 silly audit report       severity: 'high',
2465 silly audit report       vulnerable_versions: '<=7.5.10',
2465 silly audit report       cwe: [Array],
2465 silly audit report       cvss: [Object]
2465 silly audit report     }
2465 silly audit report   ],
2465 silly audit report   minimatch: [
2465 silly audit report     {
2465 silly audit report       id: 1113466,
2465 silly audit report       url: 'https://github.com/advisories/GHSA-3ppc-4f35-3m26',
2465 silly audit report       title: 'minimatch has a ReDoS via repeated wildcards with non-matching literal in pattern',
2465 silly audit report       severity: 'high',
2465 silly audit report       vulnerable_versions: '>=10.0.0 <10.2.1',
2465 silly audit report       cwe: [Array],
2465 silly audit report       cvss: [Object]
2465 silly audit report     },
2465 silly audit report     {
2465 silly audit report       id: 1113545,
2465 silly audit report       url: 'https://github.com/advisories/GHSA-7r86-cg39-jmmj',
2465 silly audit report       title: 'minimatch has ReDoS: matchOne() combinatorial backtracking via multiple non-adjacent GLOBSTAR segments',
2465 silly audit report       severity: 'high',
2465 silly audit report       vulnerable_versions: '>=10.0.0 <10.2.3',
2465 silly audit report       cwe: [Array],
2465 silly audit report       cvss: [Object]
2465 silly audit report     },
2465 silly audit report     {
2465 silly audit report       id: 1113553,
2465 silly audit report       url: 'https://github.com/advisories/GHSA-23c5-xmqv-rm74',
2465 silly audit report       title: 'minimatch ReDoS: nested *() extglobs generate catastrophically backtracking regular expressions',
2465 silly audit report       severity: 'high',
2465 silly audit report       vulnerable_versions: '>=10.0.0 <10.2.3',
2465 silly audit report       cwe: [Array],
2465 silly audit report       cvss: [Object]
2465 silly audit report     }
2465 silly audit report   ],
2465 silly audit report   ajv: [
2465 silly audit report     {
2465 silly audit report       id: 1113715,
2465 silly audit report       url: 'https://github.com/advisories/GHSA-2g4f-4pwh-qvx6',
2465 silly audit report       title: 'ajv has ReDoS when using `$data` option',
2465 silly audit report       severity: 'moderate',
2465 silly audit report       vulnerable_versions: '>=7.0.0-alpha.0 <8.18.0',
2465 silly audit report       cwe: [Array],
2465 silly audit report       cvss: [Object]
2465 silly audit report     }
2465 silly audit report   ]
2465 silly audit report }
2466 silly packumentCache corgi:https://registry.npmjs.org/smol-toml cache-miss
2467 silly packumentCache corgi:https://registry.npmjs.org/path-to-regexp cache-miss
2468 silly packumentCache corgi:https://registry.npmjs.org/srvx cache-miss
2469 silly packumentCache corgi:https://registry.npmjs.org/undici cache-miss
2470 silly packumentCache corgi:https://registry.npmjs.org/@tootallnate%2fonce cache-miss
2471 silly packumentCache corgi:https://registry.npmjs.org/tar cache-miss
2472 silly packumentCache corgi:https://registry.npmjs.org/minimatch cache-miss
2473 silly packumentCache corgi:https://registry.npmjs.org/ajv cache-miss
2474 http fetch GET 200 https://registry.npmjs.org/path-browserify/-/path-browserify-1.0.1.tgz 155ms (cache miss)
2475 http fetch GET 200 https://registry.npmjs.org/fd-slicer/-/fd-slicer-1.1.0.tgz 163ms (cache miss)
2476 http fetch GET 200 https://registry.npmjs.org/code-block-writer/-/code-block-writer-10.1.1.tgz 165ms (cache miss)
2477 http fetch GET 200 https://registry.npmjs.org/xdg-portable/-/xdg-portable-7.3.0.tgz 165ms (cache miss)
2478 http fetch GET 200 https://registry.npmjs.org/tr46/-/tr46-0.0.3.tgz 170ms (cache miss)
2479 http fetch GET 200 https://registry.npmjs.org/convert-hrtime/-/convert-hrtime-3.0.0.tgz 170ms (cache miss)
2480 http fetch GET 200 https://registry.npmjs.org/events-intercept/-/events-intercept-2.0.0.tgz 173ms (cache miss)
2481 http fetch GET 200 https://registry.npmjs.org/text-decoder/-/text-decoder-1.2.7.tgz 172ms (cache miss)
2482 http fetch GET 200 https://registry.npmjs.org/yauzl/-/yauzl-2.10.0.tgz 173ms (cache miss)
2483 http fetch GET 200 https://registry.npmjs.org/os-paths/-/os-paths-4.4.0.tgz 176ms (cache miss)
2484 http fetch GET 200 https://registry.npmjs.org/pend/-/pend-1.2.0.tgz 176ms (cache miss)
2485 http fetch GET 200 https://registry.npmjs.org/webidl-conversions/-/webidl-conversions-3.0.1.tgz 177ms (cache miss)
2486 http fetch GET 200 https://registry.npmjs.org/yauzl-clone/-/yauzl-clone-1.0.4.tgz 177ms (cache miss)
2487 http fetch GET 200 https://registry.npmjs.org/buffer-crc32/-/buffer-crc32-0.2.13.tgz 182ms (cache miss)
2488 http fetch GET 200 https://registry.npmjs.org/events-universal/-/events-universal-1.0.1.tgz 182ms (cache miss)
2489 http fetch GET 200 https://registry.npmjs.org/streamx/-/streamx-2.25.0.tgz 183ms (cache miss)
2490 http fetch GET 200 https://registry.npmjs.org/bare-events/-/bare-events-2.8.2.tgz 187ms (cache miss)
2491 http fetch GET 200 https://registry.npmjs.org/fast-fifo/-/fast-fifo-1.3.2.tgz 191ms (cache miss)
2492 http fetch GET 200 https://registry.npmjs.org/stream-to-array/-/stream-to-array-2.3.0.tgz 191ms (cache miss)
2493 http fetch GET 200 https://registry.npmjs.org/minizlib/-/minizlib-3.1.0.tgz 195ms (cache miss)
2494 http fetch GET 200 https://registry.npmjs.org/mkdirp/-/mkdirp-1.0.4.tgz 195ms (cache miss)
2495 http fetch GET 200 https://registry.npmjs.org/yallist/-/yallist-5.0.0.tgz 200ms (cache miss)
2496 http fetch GET 200 https://registry.npmjs.org/ip-address/-/ip-address-10.2.0.tgz 205ms (cache miss)
2497 http fetch GET 200 https://registry.npmjs.org/cookie-es/-/cookie-es-2.0.1.tgz 205ms (cache miss)
2498 http fetch GET 200 https://registry.npmjs.org/chownr/-/chownr-3.0.0.tgz 207ms (cache miss)
2499 http fetch GET 200 https://registry.npmjs.org/smart-buffer/-/smart-buffer-4.2.0.tgz 208ms (cache miss)
2500 http fetch GET 200 https://registry.npmjs.org/b4a/-/b4a-1.8.1.tgz 209ms (cache miss)
2501 http fetch GET 200 https://registry.npmjs.org/socks/-/socks-2.8.9.tgz 214ms (cache miss)
2502 http fetch GET 200 https://registry.npmjs.org/jsonlines/-/jsonlines-0.1.1.tgz 215ms (cache miss)
2503 http fetch GET 200 https://registry.npmjs.org/tar-stream/-/tar-stream-3.1.7.tgz 216ms (cache miss)
2504 http fetch GET 200 https://registry.npmjs.org/toidentifier/-/toidentifier-1.0.0.tgz 222ms (cache miss)
2505 http fetch GET 200 https://registry.npmjs.org/@isaacs/fs-minipass/-/fs-minipass-4.0.1.tgz 224ms (cache miss)
2506 http fetch GET 200 https://registry.npmjs.org/statuses/-/statuses-1.5.0.tgz 227ms (cache miss)
2507 http fetch GET 200 https://registry.npmjs.org/depd/-/depd-1.1.2.tgz 229ms (cache miss)
2508 http fetch GET 200 https://registry.npmjs.org/http-errors/-/http-errors-1.7.3.tgz 230ms (cache miss)
2509 http fetch GET 200 https://registry.npmjs.org/safer-buffer/-/safer-buffer-2.1.2.tgz 231ms (cache miss)
2510 http fetch GET 200 https://registry.npmjs.org/setprototypeof/-/setprototypeof-1.1.1.tgz 238ms (cache miss)
2511 http fetch GET 200 https://registry.npmjs.org/unpipe/-/unpipe-1.0.0.tgz 243ms (cache miss)
2512 http fetch GET 200 https://registry.npmjs.org/bytes/-/bytes-3.1.0.tgz 249ms (cache miss)
2513 http fetch GET 200 https://registry.npmjs.org/end-of-stream/-/end-of-stream-1.4.5.tgz 251ms (cache miss)
2514 http fetch GET 200 https://registry.npmjs.org/iconv-lite/-/iconv-lite-0.4.24.tgz 252ms (cache miss)
2515 http fetch GET 200 https://registry.npmjs.org/netmask/-/netmask-2.1.1.tgz 253ms (cache miss)
2516 http fetch GET 200 https://registry.npmjs.org/degenerator/-/degenerator-5.0.1.tgz 253ms (cache miss)
2517 http fetch GET 200 https://registry.npmjs.org/escodegen/-/escodegen-2.1.0.tgz 254ms (cache miss)
2518 http fetch GET 200 https://registry.npmjs.org/@fastify/busboy/-/busboy-2.1.1.tgz 264ms (cache miss)
2519 http fetch GET 200 https://registry.npmjs.org/ast-types/-/ast-types-0.13.4.tgz 274ms (cache miss)
2520 http fetch GET 200 https://registry.npmjs.org/basic-ftp/-/basic-ftp-5.3.1.tgz 277ms (cache miss)
2521 http fetch GET 200 https://registry.npmjs.org/proxy-from-env/-/proxy-from-env-1.1.0.tgz 278ms (cache miss)
2522 http fetch GET 200 https://registry.npmjs.org/data-uri-to-buffer/-/data-uri-to-buffer-6.0.2.tgz 278ms (cache miss)
2523 http fetch GET 200 https://registry.npmjs.org/parse-ms/-/parse-ms-2.1.0.tgz 279ms (cache miss)
2524 http fetch GET 200 https://registry.npmjs.org/get-uri/-/get-uri-6.0.5.tgz 281ms (cache miss)
2525 http fetch GET 200 https://registry.npmjs.org/pac-resolver/-/pac-resolver-7.0.1.tgz 288ms (cache miss)
2526 http fetch GET 200 https://registry.npmjs.org/socks-proxy-agent/-/socks-proxy-agent-8.0.5.tgz 292ms (cache miss)
2527 http fetch GET 200 https://registry.npmjs.org/source-map/-/source-map-0.6.1.tgz 293ms (cache miss)
2528 http fetch GET 200 https://registry.npmjs.org/http-proxy-agent/-/http-proxy-agent-7.0.2.tgz 297ms (cache miss)
2529 http fetch GET 200 https://registry.npmjs.org/pac-proxy-agent/-/pac-proxy-agent-7.2.0.tgz 297ms (cache miss)
2530 http fetch GET 200 https://registry.npmjs.org/@vercel/oidc/-/oidc-3.2.0.tgz 307ms (cache miss)
2531 http fetch GET 200 https://registry.npmjs.org/mimic-fn/-/mimic-fn-2.1.0.tgz 321ms (cache miss)
2532 http fetch GET 200 https://registry.npmjs.org/mime-db/-/mime-db-1.52.0.tgz 324ms (cache miss)
2533 http fetch GET 200 https://registry.npmjs.org/@emnapi/wasi-threads/-/wasi-threads-1.2.1.tgz 330ms (cache miss)
2534 http fetch GET 200 https://registry.npmjs.org/@emnapi/runtime/-/runtime-1.10.0.tgz 331ms (cache miss)
2535 http fetch GET 200 https://registry.npmjs.org/@isaacs/balanced-match/-/balanced-match-4.0.1.tgz 331ms (cache miss)
2536 http fetch GET 200 https://registry.npmjs.org/@rolldown/pluginutils/-/pluginutils-1.0.0-rc.1.tgz 340ms (cache miss)
2537 http fetch GET 200 https://registry.npmjs.org/abbrev/-/abbrev-3.0.1.tgz 338ms (cache miss)
2538 http fetch GET 200 https://registry.npmjs.org/arg/-/arg-4.1.0.tgz 344ms (cache miss)
2539 http fetch GET 200 https://registry.npmjs.org/content-type/-/content-type-1.0.4.tgz 346ms (cache miss)
2540 http fetch GET 200 https://registry.npmjs.org/whatwg-url/-/whatwg-url-5.0.0.tgz 346ms (cache miss)
2541 http fetch GET 200 https://registry.npmjs.org/raw-body/-/raw-body-2.4.1.tgz 350ms (cache miss)
2542 http fetch GET 200 https://registry.npmjs.org/sprintf-js/-/sprintf-js-1.0.3.tgz 356ms (cache miss)
2543 http fetch GET 200 https://registry.npmjs.org/@oxc-project/types/-/types-0.110.0.tgz 360ms (cache miss)
2544 http fetch GET 200 https://registry.npmjs.org/@ts-morph/common/-/common-0.11.1.tgz 368ms (cache miss)
2545 http fetch GET 200 https://registry.npmjs.org/agent-base/-/agent-base-7.1.4.tgz 365ms (cache miss)
2546 http fetch GET 200 https://registry.npmjs.org/pump/-/pump-3.0.4.tgz 366ms (cache miss)
2547 http fetch GET 200 https://registry.npmjs.org/ts-toolbelt/-/ts-toolbelt-6.15.5.tgz 367ms (cache miss)
2548 http fetch GET 200 https://registry.npmjs.org/@emnapi/core/-/core-1.10.0.tgz 369ms (cache miss)
2549 http fetch GET 200 https://registry.npmjs.org/esprima/-/esprima-4.0.1.tgz 375ms (cache miss)
2550 http fetch GET 200 https://registry.npmjs.org/@types/json-schema/-/json-schema-7.0.15.tgz 376ms (cache miss)
2551 http fetch GET 200 https://registry.npmjs.org/universalify/-/universalify-2.0.1.tgz 376ms (cache miss)
2552 http fetch GET 200 https://registry.npmjs.org/jsonfile/-/jsonfile-6.2.1.tgz 377ms (cache miss)
2553 http fetch GET 200 https://registry.npmjs.org/@tybys/wasm-util/-/wasm-util-0.10.2.tgz 382ms (cache miss)
2554 http fetch GET 200 https://registry.npmjs.org/argparse/-/argparse-1.0.10.tgz 380ms (cache miss)
2555 http fetch GET 200 https://registry.npmjs.org/delayed-stream/-/delayed-stream-1.0.0.tgz 383ms (cache miss)
2556 http fetch GET 200 https://registry.npmjs.org/combined-stream/-/combined-stream-1.0.8.tgz 384ms (cache miss)
2557 http fetch GET 200 https://registry.npmjs.org/path-scurry/-/path-scurry-2.0.2.tgz 387ms (cache miss)
2558 http fetch GET 200 https://registry.npmjs.org/is-stream/-/is-stream-2.0.1.tgz 391ms (cache miss)
2559 http fetch GET 200 https://registry.npmjs.org/p-finally/-/p-finally-2.0.1.tgz 392ms (cache miss)
2560 http fetch GET 200 https://registry.npmjs.org/asynckit/-/asynckit-0.4.0.tgz 392ms (cache miss)
2561 http fetch GET 200 https://registry.npmjs.org/strip-final-newline/-/strip-final-newline-2.0.0.tgz 392ms (cache miss)
2562 http fetch GET 200 https://registry.npmjs.org/get-stream/-/get-stream-5.2.0.tgz 392ms (cache miss)
2563 http fetch GET 200 https://registry.npmjs.org/npm-run-path/-/npm-run-path-4.0.1.tgz 393ms (cache miss)
2564 http fetch GET 200 https://registry.npmjs.org/onetime/-/onetime-5.1.2.tgz 397ms (cache miss)
2565 http fetch GET 200 https://registry.npmjs.org/merge-stream/-/merge-stream-2.0.0.tgz 400ms (cache miss)
2566 http fetch GET 200 https://registry.npmjs.org/@napi-rs/wasm-runtime/-/wasm-runtime-1.1.4.tgz 409ms (cache miss)
2567 http fetch GET 200 https://registry.npmjs.org/@vercel/sandbox/-/sandbox-1.9.0.tgz 413ms (cache miss)
2568 http fetch GET 200 https://registry.npmjs.org/lru-cache/-/lru-cache-11.3.6.tgz 414ms (cache miss)
2569 http fetch GET 200 https://registry.npmjs.org/@tootallnate/quickjs-emscripten/-/quickjs-emscripten-0.23.0.tgz 420ms (cache miss)
2570 http fetch GET 200 https://registry.npmjs.org/mri/-/mri-1.2.0.tgz 418ms (cache miss)
2571 http fetch GET 200 https://registry.npmjs.org/retry/-/retry-0.13.1.tgz 419ms (cache miss)
2572 http fetch GET 200 https://registry.npmjs.org/human-signals/-/human-signals-1.1.1.tgz 419ms (cache miss)
2573 http fetch GET 200 https://registry.npmjs.org/pretty-ms/-/pretty-ms-7.0.1.tgz 419ms (cache miss)
2574 http fetch GET 200 https://registry.npmjs.org/readdirp/-/readdirp-4.1.2.tgz 419ms (cache miss)
2575 http fetch GET 200 https://registry.npmjs.org/json-schema-traverse/-/json-schema-traverse-1.0.0.tgz 424ms (cache miss)
2576 http fetch GET 200 https://registry.npmjs.org/picocolors/-/picocolors-1.0.0.tgz 426ms (cache miss)
2577 http fetch GET 200 https://registry.npmjs.org/signal-exit/-/signal-exit-4.0.2.tgz 425ms (cache miss)
2578 http fetch GET 200 https://registry.npmjs.org/file-uri-to-path/-/file-uri-to-path-1.0.0.tgz 440ms (cache miss)
2579 http fetch GET 200 https://registry.npmjs.org/time-span/-/time-span-4.0.0.tgz 454ms (cache miss)
2580 http fetch GET 200 https://registry.npmjs.org/require-from-string/-/require-from-string-2.0.2.tgz 459ms (cache miss)
2581 http fetch GET 200 https://registry.npmjs.org/web-vitals/-/web-vitals-0.2.4.tgz 472ms (cache miss)
2582 http fetch GET 200 https://registry.npmjs.org/etag/-/etag-1.8.1.tgz 476ms (cache miss)
2583 http fetch GET 200 https://registry.npmjs.org/undici-types/-/undici-types-5.26.5.tgz 478ms (cache miss)
2584 http fetch GET 200 https://registry.npmjs.org/@oxc-transform/binding-darwin-arm64/-/binding-darwin-arm64-0.111.0.tgz 486ms (cache miss)
2585 http fetch GET 200 https://registry.npmjs.org/path-to-regexp/-/path-to-regexp-6.3.0.tgz 483ms (cache miss)
2586 http fetch GET 200 https://registry.npmjs.org/json-schema-to-ts/-/json-schema-to-ts-1.6.4.tgz 488ms (cache miss)
2587 http fetch GET 200 https://registry.npmjs.org/minimatch/-/minimatch-10.1.1.tgz 490ms (cache miss)
2588 http fetch GET 200 https://registry.npmjs.org/@rolldown/binding-darwin-arm64/-/binding-darwin-arm64-1.0.0-rc.1.tgz 499ms (cache miss)
2589 http fetch GET 200 https://registry.npmjs.org/mime-types/-/mime-types-2.1.35.tgz 492ms (cache miss)
2590 http fetch GET 200 https://registry.npmjs.org/nopt/-/nopt-8.1.0.tgz 495ms (cache miss)
2591 http fetch GET 200 https://registry.npmjs.org/edge-runtime/-/edge-runtime-2.5.9.tgz 496ms (cache miss)
2592 http fetch GET 200 https://registry.npmjs.org/@edge-runtime/format/-/format-2.2.1.tgz 501ms (cache miss)
2593 http fetch GET 200 https://registry.npmjs.org/resolve-from/-/resolve-from-5.0.0.tgz 517ms (cache miss)
2594 http fetch GET 200 https://registry.npmjs.org/detect-libc/-/detect-libc-2.1.2.tgz 524ms (cache miss)
2595 http fetch GET 200 https://registry.npmjs.org/@edge-runtime/ponyfill/-/ponyfill-2.4.2.tgz 543ms (cache miss)
2596 http fetch GET 200 https://registry.npmjs.org/@renovatebot/pep440/-/pep440-4.2.1.tgz 550ms (cache miss)
2597 http fetch GET 200 https://registry.npmjs.org/@vercel/gatsby-plugin-vercel-builder/-/gatsby-plugin-vercel-builder-2.2.2.tgz 557ms (cache miss)
2598 http fetch GET 200 https://registry.npmjs.org/consola/-/consola-3.4.2.tgz 555ms (cache miss)
2599 http fetch GET 200 https://registry.npmjs.org/ajv/-/ajv-8.6.3.tgz 559ms (cache miss)
2600 http fetch GET 200 https://registry.npmjs.org/@vercel/gatsby-plugin-vercel-analytics/-/gatsby-plugin-vercel-analytics-1.0.11.tgz 571ms (cache miss)
2601 http fetch GET 200 https://registry.npmjs.org/async-sema/-/async-sema-3.1.1.tgz 573ms (cache miss)
2602 http fetch GET 200 https://registry.npmjs.org/node-gyp-build/-/node-gyp-build-4.8.4.tgz 575ms (cache miss)
2603 http fetch GET 200 https://registry.npmjs.org/estree-walker/-/estree-walker-2.0.2.tgz 588ms (cache miss)
2604 http fetch GET 200 https://registry.npmjs.org/@sinclair/typebox/-/typebox-0.25.24.tgz 590ms (cache miss)
2605 http fetch GET 200 https://registry.npmjs.org/https-proxy-agent/-/https-proxy-agent-7.0.6.tgz 592ms (cache miss)
2606 http fetch GET 200 https://registry.npmjs.org/glob/-/glob-13.0.6.tgz 594ms (cache miss)
2607 http fetch GET 200 https://registry.npmjs.org/uid-promise/-/uid-promise-1.0.0.tgz 594ms (cache miss)
2608 http fetch GET 200 https://registry.npmjs.org/@edge-runtime/vm/-/vm-3.2.0.tgz 597ms (cache miss)
2609 http fetch GET 200 https://registry.npmjs.org/@vercel/error-utils/-/error-utils-2.1.0.tgz 607ms (cache miss)
2610 http fetch GET 200 https://registry.npmjs.org/@rollup/pluginutils/-/pluginutils-5.3.0.tgz 608ms (cache miss)
2611 http fetch GET 200 https://registry.npmjs.org/stat-mode/-/stat-mode-0.3.0.tgz 611ms (cache miss)
2612 http fetch GET 200 https://registry.npmjs.org/bindings/-/bindings-1.5.0.tgz 613ms (cache miss)
2613 http fetch GET 200 https://registry.npmjs.org/@isaacs/brace-expansion/-/brace-expansion-5.0.1.tgz 622ms (cache miss)
2614 http fetch GET 200 https://registry.npmjs.org/tree-kill/-/tree-kill-1.2.2.tgz 615ms (cache miss)
2615 http fetch GET 200 https://registry.npmjs.org/stream-to-promise/-/stream-to-promise-2.2.0.tgz 618ms (cache miss)
2616 http fetch GET 200 https://registry.npmjs.org/acorn-import-attributes/-/acorn-import-attributes-1.9.5.tgz 619ms (cache miss)
2617 http fetch GET 200 https://registry.npmjs.org/yauzl-promise/-/yauzl-promise-2.1.3.tgz 624ms (cache miss)
2618 http fetch GET 200 https://registry.npmjs.org/@bytecodealliance/preview2-shim/-/preview2-shim-0.17.6.tgz 633ms (cache miss)
2619 http fetch GET 200 https://registry.npmjs.org/@esbuild/darwin-arm64/-/darwin-arm64-0.27.0.tgz 636ms (cache miss)
2620 http fetch GET 200 https://registry.npmjs.org/tinyexec/-/tinyexec-0.3.2.tgz 632ms (cache miss)
2621 http fetch GET 200 https://registry.npmjs.org/micro/-/micro-9.3.5-canary.3.tgz 634ms (cache miss)
2622 http fetch GET 200 https://registry.npmjs.org/node-fetch/-/node-fetch-2.6.7.tgz 635ms (cache miss)
2623 http fetch GET 200 https://registry.npmjs.org/ms/-/ms-2.1.1.tgz 636ms (cache miss)
2624 http fetch GET 200 https://registry.npmjs.org/@edge-runtime/primitives/-/primitives-4.1.0.tgz 638ms (cache miss)
2625 http fetch GET 200 https://registry.npmjs.org/semver/-/semver-7.5.4.tgz 640ms (cache miss)
2626 http fetch GET 200 https://registry.npmjs.org/debug/-/debug-4.3.4.tgz 640ms (cache miss)
2627 http fetch GET 200 https://registry.npmjs.org/async-listen/-/async-listen-1.2.0.tgz 640ms (cache miss)
2628 http fetch GET 200 https://registry.npmjs.org/generic-pool/-/generic-pool-3.4.2.tgz 644ms (cache miss)
2629 http fetch GET 200 https://registry.npmjs.org/es-module-lexer/-/es-module-lexer-1.5.0.tgz 644ms (cache miss)
2630 http fetch GET 200 https://registry.npmjs.org/@edge-runtime/node-utils/-/node-utils-2.3.0.tgz 646ms (cache miss)
2631 http fetch GET 200 https://registry.npmjs.org/@types/node/-/node-20.11.0.tgz 649ms (cache miss)
2632 http fetch GET 200 https://registry.npmjs.org/ts-morph/-/ts-morph-12.0.0.tgz 647ms (cache miss)
2633 http fetch GET 200 https://registry.npmjs.org/throttleit/-/throttleit-2.1.0.tgz 647ms (cache miss)
2634 http fetch GET 200 https://registry.npmjs.org/xdg-app-paths/-/xdg-app-paths-5.5.1.tgz 650ms (cache miss)
2635 http fetch GET 200 https://registry.npmjs.org/cjs-module-lexer/-/cjs-module-lexer-1.2.3.tgz 652ms (cache miss)
2636 http fetch GET 200 https://registry.npmjs.org/promisepipe/-/promisepipe-3.0.0.tgz 656ms (cache miss)
2637 http fetch GET 200 https://registry.npmjs.org/@tootallnate/once/-/once-2.0.0.tgz 661ms (cache miss)
2638 http fetch GET 200 https://registry.npmjs.org/is-buffer/-/is-buffer-2.0.5.tgz 660ms (cache miss)
2639 http fetch GET 200 https://registry.npmjs.org/is-node-process/-/is-node-process-1.2.0.tgz 661ms (cache miss)
2640 http fetch GET 200 https://registry.npmjs.org/async-retry/-/async-retry-1.3.3.tgz 664ms (cache miss)
2641 http fetch GET 200 https://registry.npmjs.org/path-to-regexp/-/path-to-regexp-8.3.0.tgz 672ms (cache miss)
2642 http fetch GET 200 https://registry.npmjs.org/srvx/-/srvx-0.8.9.tgz 675ms (cache miss)
2643 http fetch GET 200 https://registry.npmjs.org/oxc-transform/-/oxc-transform-0.111.0.tgz 686ms (cache miss)
2644 http fetch GET 200 https://registry.npmjs.org/@mapbox/node-pre-gyp/-/node-pre-gyp-2.0.3.tgz 690ms (cache miss)
2645 http fetch GET 200 https://registry.npmjs.org/tsx/-/tsx-4.21.0.tgz 687ms (cache miss)
2646 http fetch GET 200 https://registry.npmjs.org/resolve.exports/-/resolve.exports-2.0.3.tgz 687ms (cache miss)
2647 http fetch GET 200 https://registry.npmjs.org/execa/-/execa-3.2.0.tgz 687ms (cache miss)
2648 http fetch GET 200 https://registry.npmjs.org/proxy-agent/-/proxy-agent-6.4.0.tgz 692ms (cache miss)
2649 http fetch GET 200 https://registry.npmjs.org/form-data/-/form-data-4.0.5.tgz 693ms (cache miss)
2650 http fetch GET 200 https://registry.npmjs.org/fs-extra/-/fs-extra-11.1.0.tgz 694ms (cache miss)
2651 http fetch GET 200 https://registry.npmjs.org/smol-toml/-/smol-toml-1.5.2.tgz 695ms (cache miss)
2652 http fetch GET 200 https://registry.npmjs.org/rolldown/-/rolldown-1.0.0-rc.1.tgz 698ms (cache miss)
2653 http fetch GET 200 https://registry.npmjs.org/js-yaml/-/js-yaml-3.14.2.tgz 700ms (cache miss)
2654 http fetch GET 200 https://registry.npmjs.org/esbuild/-/esbuild-0.27.0.tgz 703ms (cache miss)
2655 http fetch GET 200 https://registry.npmjs.org/chokidar/-/chokidar-4.0.0.tgz 707ms (cache miss)
2656 http fetch GET 200 https://registry.npmjs.org/luxon/-/luxon-3.7.2.tgz 731ms (cache miss)
2657 http fetch GET 200 https://registry.npmjs.org/tar/-/tar-7.5.7.tgz 748ms (cache miss)
2658 warn deprecated tar@7.5.7: Old versions of tar are not supported, and contain widely publicized security vulnerabilities, which have been fixed in the current version. Please update. Support for old versions may be purchased (at exorbitant rates) by contacting i@izs.me
2659 http fetch GET 200 https://registry.npmjs.org/undici/-/undici-6.25.0.tgz 751ms (cache miss)
2660 http fetch GET 200 https://registry.npmjs.org/@vercel/cervel/-/cervel-0.1.2.tgz 752ms (cache miss)
2661 http fetch GET 200 https://registry.npmjs.org/@vercel/static-config/-/static-config-3.3.0.tgz 753ms (cache miss)
2662 http fetch GET 200 https://registry.npmjs.org/@vercel/python-analysis/-/python-analysis-0.11.1.tgz 777ms (cache miss)
2663 http fetch GET 200 https://registry.npmjs.org/@vercel/static-build/-/static-build-2.9.24.tgz 777ms (cache miss)
2664 http fetch GET 200 https://registry.npmjs.org/sandbox/-/sandbox-2.5.6.tgz 779ms (cache miss)
2665 http fetch GET 200 https://registry.npmjs.org/@vercel/nft/-/nft-1.5.0.tgz 792ms (cache miss)
2666 http fetch GET 200 https://registry.npmjs.org/@vercel/ruby/-/ruby-2.3.2.tgz 812ms (cache miss)
2667 http fetch GET 200 https://registry.npmjs.org/@vercel/redwood/-/redwood-2.4.13.tgz 815ms (cache miss)
2668 http fetch GET 200 https://registry.npmjs.org/jose/-/jose-5.9.6.tgz 816ms (cache miss)
2669 http fetch GET 200 https://registry.npmjs.org/@vercel/remix-builder/-/remix-builder-5.8.1.tgz 836ms (cache miss)
2670 http fetch GET 200 https://registry.npmjs.org/@vercel/node/-/node-5.7.17.tgz 836ms (cache miss)
2671 http fetch GET 200 https://registry.npmjs.org/@yarnpkg/parsers/-/parsers-3.0.3.tgz 843ms (cache miss)
2672 http fetch GET 200 https://registry.npmjs.org/@vercel/express/-/express-0.1.85.tgz 853ms (cache miss)
2673 http fetch GET 200 https://registry.npmjs.org/@vercel/prepare-flags-definitions/-/prepare-flags-definitions-0.2.1.tgz 853ms (cache miss)
2674 http fetch GET 200 https://registry.npmjs.org/@vercel/nestjs/-/nestjs-0.2.79.tgz 857ms (cache miss)
2675 http fetch GET 200 https://registry.npmjs.org/@vercel/rust/-/rust-1.2.0.tgz 859ms (cache miss)
2676 http fetch GET 200 https://registry.npmjs.org/@vercel/next/-/next-4.17.1.tgz 860ms (cache miss)
2677 http fetch GET 200 https://registry.npmjs.org/zod/-/zod-4.1.11.tgz 866ms (cache miss)
2678 http fetch GET 200 https://registry.npmjs.org/@vercel/hydrogen/-/hydrogen-1.3.7.tgz 877ms (cache miss)
2679 http fetch GET 200 https://registry.npmjs.org/@vercel/hono/-/hono-0.2.78.tgz 886ms (cache miss)
2680 http fetch GET 200 https://registry.npmjs.org/@vercel/python/-/python-6.39.0.tgz 904ms (cache miss)
2681 http fetch GET 200 https://registry.npmjs.org/zod/-/zod-3.24.4.tgz 909ms (cache miss)
2682 http fetch GET 200 https://registry.npmjs.org/xdg-app-paths/-/xdg-app-paths-5.1.0.tgz 909ms (cache miss)
2683 http fetch GET 200 https://registry.npmjs.org/@vercel/fastify/-/fastify-0.1.78.tgz 918ms (cache miss)
2684 http fetch GET 200 https://registry.npmjs.org/@vercel/koa/-/koa-0.1.58.tgz 920ms (cache miss)
2685 http fetch GET 200 https://registry.npmjs.org/vercel/-/vercel-53.3.2.tgz 926ms (cache miss)
2686 http fetch GET 200 https://registry.npmjs.org/@vercel/elysia/-/elysia-0.1.75.tgz 932ms (cache miss)
2687 http fetch GET 200 https://registry.npmjs.org/async-listen/-/async-listen-3.0.1.tgz 937ms (cache miss)
2688 http fetch GET 200 https://registry.npmjs.org/lru-cache/-/lru-cache-6.0.0.tgz 937ms (cache miss)
2689 http fetch GET 200 https://registry.npmjs.org/once/-/once-1.3.3.tgz 938ms (cache miss)
2690 http fetch GET 200 https://registry.npmjs.org/end-of-stream/-/end-of-stream-1.1.0.tgz 941ms (cache miss)
2691 http fetch GET 200 https://registry.npmjs.org/@vercel/h3/-/h3-0.1.84.tgz 943ms (cache miss)
2692 http fetch GET 200 https://registry.npmjs.org/@vercel/go/-/go-3.6.0.tgz 948ms (cache miss)
2693 http fetch GET 200 https://registry.npmjs.org/ms/-/ms-2.1.2.tgz 948ms (cache miss)
2694 http fetch GET 200 https://registry.npmjs.org/zod/-/zod-3.22.4.tgz 949ms (cache miss)
2695 http fetch GET 200 https://registry.npmjs.org/yallist/-/yallist-4.0.0.tgz 956ms (cache miss)
2696 http fetch GET 200 https://registry.npmjs.org/@vercel/detect-agent/-/detect-agent-1.2.3.tgz 958ms (cache miss)
2697 http fetch GET 200 https://registry.npmjs.org/signal-exit/-/signal-exit-3.0.7.tgz 958ms (cache miss)
2698 http fetch GET 200 https://registry.npmjs.org/human-signals/-/human-signals-2.1.0.tgz 960ms (cache miss)
2699 http fetch GET 200 https://registry.npmjs.org/get-stream/-/get-stream-6.0.1.tgz 963ms (cache miss)
2700 http fetch GET 200 https://registry.npmjs.org/lru-cache/-/lru-cache-7.18.3.tgz 965ms (cache miss)
2701 http fetch GET 200 https://registry.npmjs.org/fs-extra/-/fs-extra-11.1.1.tgz 967ms (cache miss)
2702 http fetch GET 200 https://registry.npmjs.org/execa/-/execa-5.1.1.tgz 967ms (cache miss)
2703 http fetch GET 200 https://registry.npmjs.org/signal-exit/-/signal-exit-3.0.7.tgz 970ms (cache miss)
2704 http fetch GET 200 https://registry.npmjs.org/undici/-/undici-7.25.0.tgz 973ms (cache miss)
2705 http fetch GET 200 https://registry.npmjs.org/node-fetch/-/node-fetch-2.6.9.tgz 971ms (cache miss)
2706 http fetch GET 200 https://registry.npmjs.org/async-listen/-/async-listen-3.0.0.tgz 983ms (cache miss)
2707 http fetch GET 200 https://registry.npmjs.org/path-to-regexp/-/path-to-regexp-8.2.0.tgz 983ms (cache miss)
2708 http fetch GET 200 https://registry.npmjs.org/es-module-lexer/-/es-module-lexer-1.4.1.tgz 984ms (cache miss)
2709 http fetch GET 200 https://registry.npmjs.org/xdg-app-paths/-/xdg-app-paths-5.1.0.tgz 988ms (cache miss)
2710 http fetch GET 200 https://registry.npmjs.org/path-to-regexp/-/path-to-regexp-6.1.0.tgz 992ms (cache miss)
2711 http fetch GET 200 https://registry.npmjs.org/path-to-regexp/-/path-to-regexp-6.1.0.tgz 992ms (cache miss)
2712 http fetch GET 200 https://registry.npmjs.org/@vercel/blob/-/blob-2.3.0.tgz 998ms (cache miss)
2713 http fetch GET 200 https://registry.npmjs.org/@vercel/backends/-/backends-0.4.1.tgz 1004ms (cache miss)
2714 http fetch GET 200 https://registry.npmjs.org/undici 904ms (cache miss)
2715 silly packumentCache corgi:https://registry.npmjs.org/undici set size:undefined disposed:false
2716 http fetch GET 200 https://registry.npmjs.org/@vercel/fun/-/fun-1.3.0.tgz 1021ms (cache miss)
2717 http fetch GET 200 https://registry.npmjs.org/smol-toml 919ms (cache miss)
2718 silly packumentCache corgi:https://registry.npmjs.org/smol-toml set size:undefined disposed:false
2719 http fetch GET 200 https://registry.npmjs.org/srvx 919ms (cache miss)
2720 silly packumentCache corgi:https://registry.npmjs.org/srvx set size:undefined disposed:false
2721 http fetch GET 200 https://registry.npmjs.org/@vercel/cli-config/-/cli-config-0.1.1.tgz 1025ms (cache miss)
2722 http fetch GET 200 https://registry.npmjs.org/@tootallnate%2fonce 921ms (cache miss)
2723 silly packumentCache corgi:https://registry.npmjs.org/@tootallnate%2fonce set size:undefined disposed:false
2724 http fetch GET 200 https://registry.npmjs.org/path-to-regexp 921ms (cache miss)
2725 silly packumentCache corgi:https://registry.npmjs.org/path-to-regexp set size:undefined disposed:false
2726 http fetch GET 200 https://registry.npmjs.org/minimatch 924ms (cache miss)
2727 silly packumentCache corgi:https://registry.npmjs.org/minimatch set size:undefined disposed:false
2728 http fetch GET 200 https://registry.npmjs.org/tar 926ms (cache miss)
2729 silly packumentCache corgi:https://registry.npmjs.org/tar set size:undefined disposed:false
2730 http fetch GET 200 https://registry.npmjs.org/zod/-/zod-3.22.4.tgz 1028ms (cache miss)
2731 http fetch GET 200 https://registry.npmjs.org/ajv 929ms (cache miss)
2732 silly packumentCache corgi:https://registry.npmjs.org/ajv set size:undefined disposed:false
2733 silly packumentCache corgi:https://registry.npmjs.org/vercel cache-miss
2734 silly packumentCache corgi:https://registry.npmjs.org/@vercel%2frust cache-miss
2735 silly packumentCache corgi:https://registry.npmjs.org/@vercel%2fpython-analysis cache-miss
2736 http cache https://registry.npmjs.org/vercel 5ms (cache hit)
2737 silly packumentCache corgi:https://registry.npmjs.org/vercel set size:4199336 disposed:false
2738 http fetch GET 200 https://registry.npmjs.org/zod/-/zod-3.22.4.tgz 1056ms (cache miss)
2739 http fetch GET 200 https://registry.npmjs.org/zod/-/zod-3.22.4.tgz 1060ms (cache miss)
2740 http fetch GET 200 https://registry.npmjs.org/undici/-/undici-5.28.4.tgz 1073ms (cache miss)
2741 http fetch GET 200 https://registry.npmjs.org/@vercel%2frust 38ms (cache miss)
2742 silly packumentCache corgi:https://registry.npmjs.org/@vercel%2frust set size:undefined disposed:false
2743 http fetch GET 200 https://registry.npmjs.org/@vercel/build-utils/-/build-utils-13.22.1.tgz 1078ms (cache miss)
2744 info run fsevents@2.3.3 install node_modules/fsevents node-gyp rebuild
2745 http fetch GET 200 https://registry.npmjs.org/@vercel%2fpython-analysis 50ms (cache miss)
2746 silly packumentCache corgi:https://registry.npmjs.org/@vercel%2fpython-analysis set size:undefined disposed:false
2747 silly packumentCache corgi:https://registry.npmjs.org/@vercel%2fnode cache-miss
2748 silly packumentCache corgi:https://registry.npmjs.org/@vercel%2fremix-builder cache-miss
2749 http fetch GET 200 https://registry.npmjs.org/@vercel%2fremix-builder 35ms (cache miss)
2750 silly packumentCache corgi:https://registry.npmjs.org/@vercel%2fremix-builder set size:undefined disposed:false
2751 http fetch GET 200 https://registry.npmjs.org/@vercel%2fnode 95ms (cache miss)
2752 silly packumentCache corgi:https://registry.npmjs.org/@vercel%2fnode set size:undefined disposed:false
2753 silly packumentCache corgi:https://registry.npmjs.org/@vercel%2fbackends cache-miss
2754 silly packumentCache corgi:https://registry.npmjs.org/@vercel%2fexpress cache-miss
2755 silly packumentCache corgi:https://registry.npmjs.org/@vercel%2fhono cache-miss
2756 silly packumentCache corgi:https://registry.npmjs.org/@vercel%2ffun cache-miss
2757 http fetch GET 200 https://registry.npmjs.org/@vercel%2fexpress 37ms (cache miss)
2758 silly packumentCache corgi:https://registry.npmjs.org/@vercel%2fexpress set size:undefined disposed:false
2759 http fetch GET 200 https://registry.npmjs.org/@vercel%2ffun 40ms (cache miss)
2760 silly packumentCache corgi:https://registry.npmjs.org/@vercel%2ffun set size:undefined disposed:false
2761 http fetch GET 200 https://registry.npmjs.org/@vercel%2fbackends 41ms (cache miss)
2762 silly packumentCache corgi:https://registry.npmjs.org/@vercel%2fbackends set size:undefined disposed:false
2763 info run fsevents@2.3.3 install { code: 1, signal: null }
2764 verbose reify failed optional dependency /Users/miguelfribeiro/Documents/SecLayer/.npm-cache/_npx/69f9afb961c37556/node_modules/fsevents
2765 silly reify mark deleted [
2765 silly reify   '/Users/miguelfribeiro/Documents/SecLayer/.npm-cache/_npx/69f9afb961c37556/node_modules/fsevents'
2765 silly reify ]
2766 info run esbuild@0.27.0 postinstall node_modules/esbuild node install.js
2767 http fetch GET 200 https://registry.npmjs.org/@vercel%2fhono 129ms (cache miss)
2768 silly packumentCache corgi:https://registry.npmjs.org/@vercel%2fhono set size:undefined disposed:false
2769 silly packumentCache corgi:https://registry.npmjs.org/@mapbox%2fnode-pre-gyp cache-miss
2770 http fetch GET 200 https://registry.npmjs.org/@mapbox%2fnode-pre-gyp 44ms (cache miss)
2771 silly packumentCache corgi:https://registry.npmjs.org/@mapbox%2fnode-pre-gyp set size:undefined disposed:false
2772 silly packumentCache corgi:https://registry.npmjs.org/@vercel%2fstatic-config cache-miss
2773 http fetch GET 200 https://registry.npmjs.org/@vercel%2fstatic-config 33ms (cache miss)
2774 silly packumentCache corgi:https://registry.npmjs.org/@vercel%2fstatic-config set size:undefined disposed:false
2775 silly packumentCache corgi:https://registry.npmjs.org/@vercel%2fbuild-utils cache-miss
2776 silly packumentCache corgi:https://registry.npmjs.org/@vercel%2fpython cache-miss
2777 http fetch GET 200 https://registry.npmjs.org/@vercel%2fpython 46ms (cache miss)
2778 silly packumentCache corgi:https://registry.npmjs.org/@vercel%2fpython set size:undefined disposed:false
2779 http fetch GET 200 https://registry.npmjs.org/@vercel%2fbuild-utils 58ms (cache miss)
2780 silly packumentCache corgi:https://registry.npmjs.org/@vercel%2fbuild-utils set size:undefined disposed:false
2781 silly packumentCache corgi:https://registry.npmjs.org/@vercel%2felysia cache-miss
2782 silly packumentCache corgi:https://registry.npmjs.org/@vercel%2ffastify cache-miss
2783 silly packumentCache corgi:https://registry.npmjs.org/@vercel%2fh3 cache-miss
2784 silly packumentCache corgi:https://registry.npmjs.org/@vercel%2fkoa cache-miss
2785 silly packumentCache corgi:https://registry.npmjs.org/@vercel%2fnestjs cache-miss
2786 info run esbuild@0.27.0 postinstall { code: 0, signal: null }
2787 http fetch GET 200 https://registry.npmjs.org/@vercel%2fkoa 216ms (cache miss)
2788 silly packumentCache corgi:https://registry.npmjs.org/@vercel%2fkoa set size:undefined disposed:false
2789 http fetch GET 200 https://registry.npmjs.org/@vercel%2fh3 217ms (cache miss)
2790 silly packumentCache corgi:https://registry.npmjs.org/@vercel%2fh3 set size:undefined disposed:false
2791 http fetch GET 200 https://registry.npmjs.org/@vercel%2felysia 291ms (cache miss)
2792 silly packumentCache corgi:https://registry.npmjs.org/@vercel%2felysia set size:undefined disposed:false
2793 http fetch GET 200 https://registry.npmjs.org/@vercel%2fnestjs 313ms (cache miss)
2794 silly packumentCache corgi:https://registry.npmjs.org/@vercel%2fnestjs set size:undefined disposed:false
2795 http fetch GET 200 https://registry.npmjs.org/@vercel%2ffastify 403ms (cache miss)
2796 silly packumentCache corgi:https://registry.npmjs.org/@vercel%2ffastify set size:undefined disposed:false
2797 silly packumentCache corgi:https://registry.npmjs.org/@vercel%2fcervel cache-miss
2798 http fetch GET 200 https://registry.npmjs.org/@vercel%2fcervel 135ms (cache miss)
2799 silly packumentCache corgi:https://registry.npmjs.org/@vercel%2fcervel set size:undefined disposed:false
2800 silly packumentCache corgi:https://registry.npmjs.org/@vercel%2fhydrogen cache-miss
2801 silly packumentCache corgi:https://registry.npmjs.org/@vercel%2fredwood cache-miss
2802 silly packumentCache corgi:https://registry.npmjs.org/@vercel%2fstatic-build cache-miss
2803 http fetch GET 200 https://registry.npmjs.org/@vercel%2fhydrogen 54ms (cache miss)
2804 silly packumentCache corgi:https://registry.npmjs.org/@vercel%2fhydrogen set size:undefined disposed:false
2805 http fetch GET 200 https://registry.npmjs.org/@vercel%2fredwood 145ms (cache miss)
2806 silly packumentCache corgi:https://registry.npmjs.org/@vercel%2fredwood set size:undefined disposed:false
2807 http fetch GET 200 https://registry.npmjs.org/@vercel%2fstatic-build 155ms (cache miss)
2808 silly packumentCache corgi:https://registry.npmjs.org/@vercel%2fstatic-build set size:undefined disposed:false
2809 silly packumentCache corgi:https://registry.npmjs.org/@vercel%2fgatsby-plugin-vercel-builder cache-miss
2810 http fetch GET 200 https://registry.npmjs.org/@vercel%2fgatsby-plugin-vercel-builder 123ms (cache miss)
2811 silly packumentCache corgi:https://registry.npmjs.org/@vercel%2fgatsby-plugin-vercel-builder set size:undefined disposed:false
2812 verbose cwd /Users/miguelfribeiro/Documents/SecLayer
2813 verbose os Darwin 25.4.0
2814 verbose node v22.17.0
2815 verbose npm  v11.8.0
2816 verbose exit 0
2817 info ok
