0 verbose cli /usr/local/bin/node /usr/local/bin/npm
1 info using npm@11.8.0
2 info using node@v22.17.0
3 silly config load:file:/usr/local/lib/node_modules/npm/npmrc
4 silly config load:file:/Users/miguelfribeiro/.npmrc
5 silly config load:file:/Users/miguelfribeiro/.npm-global/etc/npmrc
6 verbose title npm install vercel
7 verbose argv "install" "--cache" "./.npm-cache" "--global" "vercel"
8 verbose logfile logs-max:10 dir:/Users/miguelfribeiro/Documents/SecLayer/.npm-cache/_logs/2026-05-10T23_36_17_942Z-
9 verbose logfile /Users/miguelfribeiro/Documents/SecLayer/.npm-cache/_logs/2026-05-10T23_36_17_942Z-debug-0.log
10 silly packumentCache heap:4345298944 maxSize:1086324736 maxEntrySize:543162368
11 silly logfile done cleaning log files
12 silly idealTree buildDeps
13 silly fetch manifest vercel@*
14 silly packumentCache full:https://registry.npmjs.org/vercel cache-miss
15 http fetch GET 200 https://registry.npmjs.org/vercel 243ms (cache miss)
16 silly packumentCache full:https://registry.npmjs.org/vercel set size:undefined disposed:false
17 silly placeDep ROOT vercel@53.3.2 OK for:  want: *
18 silly fetch manifest @vercel/blob@2.3.0
19 silly packumentCache full:https://registry.npmjs.org/@vercel%2fblob cache-miss
20 silly fetch manifest @vercel/fun@1.3.0
21 silly packumentCache full:https://registry.npmjs.org/@vercel%2ffun cache-miss
22 silly fetch manifest chokidar@4.0.0
23 silly packumentCache full:https://registry.npmjs.org/chokidar cache-miss
24 silly fetch manifest smol-toml@1.5.2
25 silly packumentCache full:https://registry.npmjs.org/smol-toml cache-miss
26 silly fetch manifest esbuild@0.27.0
27 silly packumentCache full:https://registry.npmjs.org/esbuild cache-miss
28 silly fetch manifest form-data@^4.0.0
29 silly packumentCache full:https://registry.npmjs.org/form-data cache-miss
30 silly fetch manifest jose@5.9.6
31 silly packumentCache full:https://registry.npmjs.org/jose cache-miss
32 silly fetch manifest luxon@^3.4.0
33 silly packumentCache full:https://registry.npmjs.org/luxon cache-miss
34 silly fetch manifest proxy-agent@6.4.0
35 silly packumentCache full:https://registry.npmjs.org/proxy-agent cache-miss
36 silly fetch manifest sandbox@2.5.6
37 silly packumentCache full:https://registry.npmjs.org/sandbox cache-miss
38 silly fetch manifest zod@4.1.11
39 silly packumentCache full:https://registry.npmjs.org/zod cache-miss
40 silly fetch manifest @vercel/prepare-flags-definitions@0.2.1
41 silly packumentCache full:https://registry.npmjs.org/@vercel%2fprepare-flags-definitions cache-miss
42 silly fetch manifest @vercel/cli-config@0.1.1
43 silly packumentCache full:https://registry.npmjs.org/@vercel%2fcli-config cache-miss
44 silly fetch manifest @vercel/build-utils@13.22.1
45 silly packumentCache full:https://registry.npmjs.org/@vercel%2fbuild-utils cache-miss
46 silly fetch manifest @vercel/backends@0.4.1
47 silly packumentCache full:https://registry.npmjs.org/@vercel%2fbackends cache-miss
48 http fetch GET 200 https://registry.npmjs.org/proxy-agent 62ms (cache miss)
49 silly packumentCache full:https://registry.npmjs.org/proxy-agent set size:undefined disposed:false
50 silly fetch manifest @vercel/detect-agent@1.2.3
51 silly packumentCache full:https://registry.npmjs.org/@vercel%2fdetect-agent cache-miss
52 http fetch GET 200 https://registry.npmjs.org/form-data 66ms (cache miss)
53 silly packumentCache full:https://registry.npmjs.org/form-data set size:undefined disposed:false
54 silly fetch manifest @vercel/elysia@0.1.75
55 silly packumentCache full:https://registry.npmjs.org/@vercel%2felysia cache-miss
56 http fetch GET 200 https://registry.npmjs.org/luxon 68ms (cache miss)
57 silly packumentCache full:https://registry.npmjs.org/luxon set size:undefined disposed:false
58 silly fetch manifest @vercel/express@0.1.85
59 silly packumentCache full:https://registry.npmjs.org/@vercel%2fexpress cache-miss
60 http fetch GET 200 https://registry.npmjs.org/jose 88ms (cache miss)
61 silly packumentCache full:https://registry.npmjs.org/jose set size:undefined disposed:false
62 silly fetch manifest @vercel/fastify@0.1.78
63 silly packumentCache full:https://registry.npmjs.org/@vercel%2ffastify cache-miss
64 http fetch GET 200 https://registry.npmjs.org/@vercel%2fblob 104ms (cache miss)
65 silly packumentCache full:https://registry.npmjs.org/@vercel%2fblob set size:undefined disposed:false
66 silly fetch manifest @vercel/go@3.6.0
67 silly packumentCache full:https://registry.npmjs.org/@vercel%2fgo cache-miss
68 http fetch GET 200 https://registry.npmjs.org/@vercel%2fprepare-flags-definitions 109ms (cache miss)
69 silly packumentCache full:https://registry.npmjs.org/@vercel%2fprepare-flags-definitions set size:undefined disposed:false
70 silly fetch manifest @vercel/h3@0.1.84
71 silly packumentCache full:https://registry.npmjs.org/@vercel%2fh3 cache-miss
72 http fetch GET 200 https://registry.npmjs.org/esbuild 127ms (cache miss)
73 silly packumentCache full:https://registry.npmjs.org/esbuild set size:undefined disposed:false
74 silly fetch manifest @vercel/hydrogen@1.3.7
75 silly packumentCache full:https://registry.npmjs.org/@vercel%2fhydrogen cache-miss
76 http fetch GET 200 https://registry.npmjs.org/@vercel%2ffun 137ms (cache miss)
77 silly packumentCache full:https://registry.npmjs.org/@vercel%2ffun set size:undefined disposed:false
78 silly fetch manifest @vercel/nestjs@0.2.79
79 silly packumentCache full:https://registry.npmjs.org/@vercel%2fnestjs cache-miss
80 http fetch GET 200 https://registry.npmjs.org/zod 151ms (cache miss)
81 silly packumentCache full:https://registry.npmjs.org/zod set size:undefined disposed:false
82 silly fetch manifest @vercel/hono@0.2.78
83 silly packumentCache full:https://registry.npmjs.org/@vercel%2fhono cache-miss
84 http fetch GET 200 https://registry.npmjs.org/smol-toml 163ms (cache miss)
85 silly packumentCache full:https://registry.npmjs.org/smol-toml set size:undefined disposed:false
86 silly fetch manifest @vercel/koa@0.1.58
87 silly packumentCache full:https://registry.npmjs.org/@vercel%2fkoa cache-miss
88 http fetch GET 200 https://registry.npmjs.org/sandbox 163ms (cache miss)
89 silly packumentCache full:https://registry.npmjs.org/sandbox set size:undefined disposed:false
90 silly fetch manifest @vercel/next@4.17.1
91 silly packumentCache full:https://registry.npmjs.org/@vercel%2fnext cache-miss
92 http fetch GET 200 https://registry.npmjs.org/@vercel%2fexpress 129ms (cache miss)
93 silly packumentCache full:https://registry.npmjs.org/@vercel%2fexpress set size:undefined disposed:false
94 silly fetch manifest @vercel/node@5.7.17
95 silly packumentCache full:https://registry.npmjs.org/@vercel%2fnode cache-miss
96 http fetch GET 200 https://registry.npmjs.org/@vercel%2fbuild-utils 230ms (cache miss)
97 silly packumentCache full:https://registry.npmjs.org/@vercel%2fbuild-utils set size:undefined disposed:false
98 silly fetch manifest @vercel/python@6.39.0
99 silly packumentCache full:https://registry.npmjs.org/@vercel%2fpython cache-miss
100 http fetch GET 200 https://registry.npmjs.org/@vercel%2ffastify 147ms (cache miss)
101 silly packumentCache full:https://registry.npmjs.org/@vercel%2ffastify set size:undefined disposed:false
102 silly fetch manifest @vercel/redwood@2.4.13
103 silly packumentCache full:https://registry.npmjs.org/@vercel%2fredwood cache-miss
104 http fetch GET 200 https://registry.npmjs.org/@vercel%2felysia 175ms (cache miss)
105 silly packumentCache full:https://registry.npmjs.org/@vercel%2felysia set size:undefined disposed:false
106 silly fetch manifest @vercel/remix-builder@5.8.1
107 silly packumentCache full:https://registry.npmjs.org/@vercel%2fremix-builder cache-miss
108 http fetch GET 200 https://registry.npmjs.org/@vercel%2fhydrogen 116ms (cache miss)
109 silly packumentCache full:https://registry.npmjs.org/@vercel%2fhydrogen set size:undefined disposed:false
110 silly fetch manifest @vercel/ruby@2.3.2
111 silly packumentCache full:https://registry.npmjs.org/@vercel%2fruby cache-miss
112 http fetch GET 200 https://registry.npmjs.org/@vercel%2fcli-config 256ms (cache miss)
113 silly packumentCache full:https://registry.npmjs.org/@vercel%2fcli-config set size:undefined disposed:false
114 silly fetch manifest @vercel/static-build@2.9.24
115 silly packumentCache full:https://registry.npmjs.org/@vercel%2fstatic-build cache-miss
116 http fetch GET 200 https://registry.npmjs.org/chokidar 259ms (cache revalidated)
117 silly packumentCache full:https://registry.npmjs.org/chokidar set size:255902 disposed:false
118 silly fetch manifest @vercel/rust@1.2.0
119 silly packumentCache full:https://registry.npmjs.org/@vercel%2frust cache-miss
120 http fetch GET 200 https://registry.npmjs.org/@vercel%2fbackends 301ms (cache miss)
121 silly packumentCache full:https://registry.npmjs.org/@vercel%2fbackends set size:undefined disposed:false
122 http fetch GET 200 https://registry.npmjs.org/@vercel%2fnext 143ms (cache miss)
123 silly packumentCache full:https://registry.npmjs.org/@vercel%2fnext set size:undefined disposed:false
124 http fetch GET 200 https://registry.npmjs.org/@vercel%2fh3 203ms (cache miss)
125 silly packumentCache full:https://registry.npmjs.org/@vercel%2fh3 set size:undefined disposed:false
126 http fetch GET 200 https://registry.npmjs.org/@vercel%2fnestjs 178ms (cache miss)
127 silly packumentCache full:https://registry.npmjs.org/@vercel%2fnestjs set size:undefined disposed:false
128 http fetch GET 200 https://registry.npmjs.org/@vercel%2fdetect-agent 270ms (cache miss)
129 silly packumentCache full:https://registry.npmjs.org/@vercel%2fdetect-agent set size:undefined disposed:false
130 http fetch GET 200 https://registry.npmjs.org/@vercel%2fhono 174ms (cache miss)
131 silly packumentCache full:https://registry.npmjs.org/@vercel%2fhono set size:undefined disposed:false
132 http fetch GET 200 https://registry.npmjs.org/@vercel%2fredwood 106ms (cache miss)
133 silly packumentCache full:https://registry.npmjs.org/@vercel%2fredwood set size:undefined disposed:false
134 http fetch GET 200 https://registry.npmjs.org/@vercel%2fgo 243ms (cache miss)
135 silly packumentCache full:https://registry.npmjs.org/@vercel%2fgo set size:undefined disposed:false
136 http fetch GET 200 https://registry.npmjs.org/@vercel%2fpython 153ms (cache miss)
137 silly packumentCache full:https://registry.npmjs.org/@vercel%2fpython set size:undefined disposed:false
138 http fetch GET 200 https://registry.npmjs.org/@vercel%2fremix-builder 215ms (cache miss)
139 silly packumentCache full:https://registry.npmjs.org/@vercel%2fremix-builder set size:undefined disposed:false
140 http fetch GET 200 https://registry.npmjs.org/@vercel%2fkoa 297ms (cache miss)
141 silly packumentCache full:https://registry.npmjs.org/@vercel%2fkoa set size:undefined disposed:false
142 http fetch GET 200 https://registry.npmjs.org/@vercel%2fnode 281ms (cache miss)
143 silly packumentCache full:https://registry.npmjs.org/@vercel%2fnode set size:undefined disposed:false
144 http fetch GET 200 https://registry.npmjs.org/@vercel%2fstatic-build 231ms (cache miss)
145 silly packumentCache full:https://registry.npmjs.org/@vercel%2fstatic-build set size:undefined disposed:false
146 http fetch GET 200 https://registry.npmjs.org/@vercel%2fruby 251ms (cache miss)
147 silly packumentCache full:https://registry.npmjs.org/@vercel%2fruby set size:undefined disposed:false
148 http fetch GET 200 https://registry.npmjs.org/@vercel%2frust 266ms (cache miss)
149 silly packumentCache full:https://registry.npmjs.org/@vercel%2frust set size:undefined disposed:false
150 silly placeDep node_modules/vercel @vercel/backends@0.4.1 OK for: vercel@53.3.2 want: 0.4.1
151 silly placeDep node_modules/vercel @vercel/blob@2.3.0 OK for: vercel@53.3.2 want: 2.3.0
152 silly placeDep node_modules/vercel @vercel/build-utils@13.22.1 OK for: vercel@53.3.2 want: 13.22.1
153 silly placeDep node_modules/vercel @vercel/cli-config@0.1.1 OK for: vercel@53.3.2 want: 0.1.1
154 silly placeDep node_modules/vercel @vercel/detect-agent@1.2.3 OK for: vercel@53.3.2 want: 1.2.3
155 silly placeDep node_modules/vercel @vercel/elysia@0.1.75 OK for: vercel@53.3.2 want: 0.1.75
156 silly placeDep node_modules/vercel @vercel/express@0.1.85 OK for: vercel@53.3.2 want: 0.1.85
157 silly placeDep node_modules/vercel @vercel/fastify@0.1.78 OK for: vercel@53.3.2 want: 0.1.78
158 silly placeDep node_modules/vercel @vercel/fun@1.3.0 OK for: vercel@53.3.2 want: 1.3.0
159 silly placeDep node_modules/vercel @vercel/go@3.6.0 OK for: vercel@53.3.2 want: 3.6.0
160 silly placeDep node_modules/vercel @vercel/h3@0.1.84 OK for: vercel@53.3.2 want: 0.1.84
161 silly placeDep node_modules/vercel @vercel/hono@0.2.78 OK for: vercel@53.3.2 want: 0.2.78
162 silly placeDep node_modules/vercel @vercel/hydrogen@1.3.7 OK for: vercel@53.3.2 want: 1.3.7
163 silly placeDep node_modules/vercel @vercel/koa@0.1.58 OK for: vercel@53.3.2 want: 0.1.58
164 silly placeDep node_modules/vercel @vercel/nestjs@0.2.79 OK for: vercel@53.3.2 want: 0.2.79
165 silly placeDep node_modules/vercel @vercel/next@4.17.1 OK for: vercel@53.3.2 want: 4.17.1
166 silly placeDep node_modules/vercel @vercel/node@5.7.17 OK for: vercel@53.3.2 want: 5.7.17
167 silly placeDep node_modules/vercel @vercel/prepare-flags-definitions@0.2.1 OK for: vercel@53.3.2 want: 0.2.1
168 silly placeDep node_modules/vercel @vercel/python@6.39.0 OK for: vercel@53.3.2 want: 6.39.0
169 silly placeDep node_modules/vercel @vercel/redwood@2.4.13 OK for: vercel@53.3.2 want: 2.4.13
170 silly placeDep node_modules/vercel @vercel/remix-builder@5.8.1 OK for: vercel@53.3.2 want: 5.8.1
171 silly placeDep node_modules/vercel @vercel/ruby@2.3.2 OK for: vercel@53.3.2 want: 2.3.2
172 silly placeDep node_modules/vercel @vercel/rust@1.2.0 OK for: vercel@53.3.2 want: 1.2.0
173 silly placeDep node_modules/vercel @vercel/static-build@2.9.24 OK for: vercel@53.3.2 want: 2.9.24
174 silly placeDep node_modules/vercel chokidar@4.0.0 OK for: vercel@53.3.2 want: 4.0.0
175 silly placeDep node_modules/vercel esbuild@0.27.0 OK for: vercel@53.3.2 want: 0.27.0
176 silly placeDep node_modules/vercel form-data@4.0.5 OK for: vercel@53.3.2 want: ^4.0.0
177 silly placeDep node_modules/vercel jose@5.9.6 OK for: vercel@53.3.2 want: 5.9.6
178 silly placeDep node_modules/vercel luxon@3.7.2 OK for: vercel@53.3.2 want: ^3.4.0
179 silly placeDep node_modules/vercel proxy-agent@6.4.0 OK for: vercel@53.3.2 want: 6.4.0
180 silly placeDep node_modules/vercel sandbox@2.5.6 OK for: vercel@53.3.2 want: 2.5.6
181 silly placeDep node_modules/vercel smol-toml@1.5.2 OK for: vercel@53.3.2 want: 1.5.2
182 silly placeDep node_modules/vercel zod@4.1.11 OK for: vercel@53.3.2 want: 4.1.11
183 silly fetch manifest @yarnpkg/parsers@^3.0.0
184 silly packumentCache full:https://registry.npmjs.org/@yarnpkg%2fparsers cache-miss
185 silly fetch manifest js-yaml@^3.13.1
186 silly packumentCache full:https://registry.npmjs.org/js-yaml cache-miss
187 silly fetch manifest @vercel/nft@1.5.0
188 silly packumentCache full:https://registry.npmjs.org/@vercel%2fnft cache-miss
189 silly fetch manifest execa@3.2.0
190 silly packumentCache full:https://registry.npmjs.org/execa cache-miss
191 silly fetch manifest fs-extra@11.1.0
192 silly packumentCache full:https://registry.npmjs.org/fs-extra cache-miss
193 silly fetch manifest oxc-transform@0.111.0
194 silly packumentCache full:https://registry.npmjs.org/oxc-transform cache-miss
195 silly fetch manifest path-to-regexp@8.3.0
196 silly packumentCache full:https://registry.npmjs.org/path-to-regexp cache-miss
197 silly fetch manifest resolve.exports@2.0.3
198 silly packumentCache full:https://registry.npmjs.org/resolve.exports cache-miss
199 silly fetch manifest rolldown@1.0.0-rc.1
200 silly packumentCache full:https://registry.npmjs.org/rolldown cache-miss
201 silly fetch manifest srvx@0.8.9
202 silly packumentCache full:https://registry.npmjs.org/srvx cache-miss
203 silly fetch manifest tsx@4.21.0
204 silly packumentCache full:https://registry.npmjs.org/tsx cache-miss
205 silly fetch manifest zod@3.22.4
206 silly packumentCache full:https://registry.npmjs.org/zod cache-miss
207 silly fetch manifest undici@^6.23.0
208 silly packumentCache full:https://registry.npmjs.org/undici cache-miss
209 silly fetch manifest is-buffer@^2.0.5
210 silly packumentCache full:https://registry.npmjs.org/is-buffer cache-miss
211 silly fetch manifest throttleit@^2.1.0
212 silly packumentCache full:https://registry.npmjs.org/throttleit cache-miss
213 http cache https://registry.npmjs.org/zod 8ms (cache hit)
214 silly packumentCache full:https://registry.npmjs.org/zod set size:3552562 disposed:false
215 silly fetch manifest async-retry@^1.3.3
216 silly packumentCache full:https://registry.npmjs.org/async-retry cache-miss
217 http fetch GET 200 https://registry.npmjs.org/throttleit 26ms (cache miss)
218 silly packumentCache full:https://registry.npmjs.org/throttleit set size:undefined disposed:false
219 silly fetch manifest is-node-process@^1.2.0
220 silly packumentCache full:https://registry.npmjs.org/is-node-process cache-miss
221 http fetch GET 200 https://registry.npmjs.org/is-buffer 34ms (cache miss)
222 silly packumentCache full:https://registry.npmjs.org/is-buffer set size:undefined disposed:false
223 silly fetch manifest cjs-module-lexer@1.2.3
224 silly packumentCache full:https://registry.npmjs.org/cjs-module-lexer cache-miss
225 http fetch GET 200 https://registry.npmjs.org/path-to-regexp 36ms (cache miss)
226 silly packumentCache full:https://registry.npmjs.org/path-to-regexp set size:undefined disposed:false
227 silly fetch manifest es-module-lexer@1.5.0
228 silly packumentCache full:https://registry.npmjs.org/es-module-lexer cache-miss
229 http fetch GET 200 https://registry.npmjs.org/execa 37ms (cache miss)
230 silly packumentCache full:https://registry.npmjs.org/execa set size:undefined disposed:false
231 silly fetch manifest @vercel/python-analysis@0.11.1
232 silly packumentCache full:https://registry.npmjs.org/@vercel%2fpython-analysis cache-miss
233 http fetch GET 200 https://registry.npmjs.org/oxc-transform 39ms (cache miss)
234 silly packumentCache full:https://registry.npmjs.org/oxc-transform set size:undefined disposed:false
235 silly fetch manifest xdg-app-paths@5
236 silly packumentCache full:https://registry.npmjs.org/xdg-app-paths cache-miss
237 http fetch GET 200 https://registry.npmjs.org/fs-extra 41ms (cache miss)
238 silly packumentCache full:https://registry.npmjs.org/fs-extra set size:undefined disposed:false
239 silly fetch manifest @vercel/static-config@3.3.0
240 silly packumentCache full:https://registry.npmjs.org/@vercel%2fstatic-config cache-miss
241 http fetch GET 200 https://registry.npmjs.org/js-yaml 44ms (cache revalidated)
242 silly packumentCache full:https://registry.npmjs.org/js-yaml set size:152232 disposed:false
243 silly fetch manifest @vercel/nft@1.5.0
244 silly packumentCache full:https://registry.npmjs.org/@vercel%2fnft cache-miss
245 http fetch GET 200 https://registry.npmjs.org/resolve.exports 46ms (cache miss)
246 silly packumentCache full:https://registry.npmjs.org/resolve.exports set size:undefined disposed:false
247 silly fetch manifest ts-morph@12.0.0
248 silly packumentCache full:https://registry.npmjs.org/ts-morph cache-miss
249 http fetch GET 200 https://registry.npmjs.org/tsx 48ms (cache revalidated)
250 silly packumentCache full:https://registry.npmjs.org/tsx set size:289592 disposed:false
251 silly fetch manifest @vercel/static-config@3.3.0
252 silly packumentCache full:https://registry.npmjs.org/@vercel%2fstatic-config cache-miss
253 http fetch GET 200 https://registry.npmjs.org/is-node-process 21ms (cache miss)
254 silly packumentCache full:https://registry.npmjs.org/is-node-process set size:undefined disposed:false
255 silly fetch manifest @vercel/cervel@0.1.2
256 silly packumentCache full:https://registry.npmjs.org/@vercel%2fcervel cache-miss
257 http fetch GET 200 https://registry.npmjs.org/undici 57ms (cache miss)
258 silly packumentCache full:https://registry.npmjs.org/undici set size:undefined disposed:false
259 silly fetch manifest @vercel/static-config@3.3.0
260 silly packumentCache full:https://registry.npmjs.org/@vercel%2fstatic-config cache-miss
261 http fetch GET 200 https://registry.npmjs.org/cjs-module-lexer 33ms (cache miss)
262 silly packumentCache full:https://registry.npmjs.org/cjs-module-lexer set size:undefined disposed:false
263 silly fetch manifest ms@2.1.1
264 silly packumentCache full:https://registry.npmjs.org/ms cache-miss
265 http fetch GET 200 https://registry.npmjs.org/es-module-lexer 32ms (cache miss)
266 silly packumentCache full:https://registry.npmjs.org/es-module-lexer set size:undefined disposed:false
267 silly fetch manifest tar@7.5.7
268 silly packumentCache full:https://registry.npmjs.org/tar cache-miss
269 http fetch GET 200 https://registry.npmjs.org/xdg-app-paths 30ms (cache miss)
270 silly packumentCache full:https://registry.npmjs.org/xdg-app-paths set size:undefined disposed:false
271 silly fetch manifest debug@4.3.4
272 silly packumentCache full:https://registry.npmjs.org/debug cache-miss
273 http fetch GET 200 https://registry.npmjs.org/ts-morph 32ms (cache miss)
274 silly packumentCache full:https://registry.npmjs.org/ts-morph set size:undefined disposed:false
275 silly fetch manifest micro@9.3.5-canary.3
276 silly packumentCache full:https://registry.npmjs.org/micro cache-miss
277 http fetch GET 200 https://registry.npmjs.org/rolldown 82ms (cache miss)
278 silly packumentCache full:https://registry.npmjs.org/rolldown set size:undefined disposed:false
279 silly fetch manifest semver@7.5.4
280 silly packumentCache full:https://registry.npmjs.org/semver cache-miss
281 http fetch GET 200 https://registry.npmjs.org/ms 25ms (cache revalidated)
282 silly packumentCache full:https://registry.npmjs.org/ms set size:92208 disposed:false
283 silly fetch manifest tinyexec@0.3.2
284 silly packumentCache full:https://registry.npmjs.org/tinyexec cache-miss
285 http fetch GET 200 https://registry.npmjs.org/micro 29ms (cache miss)
286 silly packumentCache full:https://registry.npmjs.org/micro set size:undefined disposed:false
287 silly fetch manifest stat-mode@0.3.0
288 silly packumentCache full:https://registry.npmjs.org/stat-mode cache-miss
289 http fetch GET 200 https://registry.npmjs.org/tar 43ms (cache miss)
290 silly packumentCache full:https://registry.npmjs.org/tar set size:undefined disposed:false
291 silly fetch manifest tree-kill@1.2.2
292 silly packumentCache full:https://registry.npmjs.org/tree-kill cache-miss
293 http fetch GET 200 https://registry.npmjs.org/srvx 115ms (cache miss)
294 silly packumentCache full:https://registry.npmjs.org/srvx set size:undefined disposed:false
295 silly fetch manifest node-fetch@2.6.7
296 silly packumentCache full:https://registry.npmjs.org/node-fetch cache-miss
297 http fetch GET 200 https://registry.npmjs.org/tinyexec 26ms (cache miss)
298 silly packumentCache full:https://registry.npmjs.org/tinyexec set size:undefined disposed:false
299 silly fetch manifest promisepipe@3.0.0
300 silly packumentCache full:https://registry.npmjs.org/promisepipe cache-miss
301 http fetch GET 200 https://registry.npmjs.org/async-retry 104ms (cache miss)
302 silly packumentCache full:https://registry.npmjs.org/async-retry set size:undefined disposed:false
303 silly fetch manifest uid-promise@1.0.0
304 silly packumentCache full:https://registry.npmjs.org/uid-promise cache-miss
305 http fetch GET 200 https://registry.npmjs.org/stat-mode 24ms (cache miss)
306 silly packumentCache full:https://registry.npmjs.org/stat-mode set size:undefined disposed:false
307 silly fetch manifest async-listen@1.2.0
308 silly packumentCache full:https://registry.npmjs.org/async-listen cache-miss
309 http fetch GET 200 https://registry.npmjs.org/semver 43ms (cache revalidated)
310 silly packumentCache full:https://registry.npmjs.org/semver set size:233058 disposed:false
311 silly fetch manifest generic-pool@3.4.2
312 silly packumentCache full:https://registry.npmjs.org/generic-pool cache-miss
313 http fetch GET 200 https://registry.npmjs.org/promisepipe 23ms (cache miss)
314 silly packumentCache full:https://registry.npmjs.org/promisepipe set size:undefined disposed:false
315 silly fetch manifest xdg-app-paths@5.1.0
316 silly packumentCache full:https://registry.npmjs.org/xdg-app-paths cache-miss
317 http cache https://registry.npmjs.org/xdg-app-paths 1ms (cache hit)
318 silly packumentCache full:https://registry.npmjs.org/xdg-app-paths set size:295911 disposed:false
319 silly fetch manifest yauzl-promise@2.1.3
320 silly packumentCache full:https://registry.npmjs.org/yauzl-promise cache-miss
321 http fetch GET 200 https://registry.npmjs.org/uid-promise 25ms (cache miss)
322 silly packumentCache full:https://registry.npmjs.org/uid-promise set size:undefined disposed:false
323 silly fetch manifest path-to-regexp@8.2.0
324 silly packumentCache full:https://registry.npmjs.org/path-to-regexp cache-miss
325 http cache https://registry.npmjs.org/path-to-regexp 1ms (cache hit)
326 silly packumentCache full:https://registry.npmjs.org/path-to-regexp set size:216334 disposed:false
327 silly fetch manifest @tootallnate/once@2.0.0
328 silly packumentCache full:https://registry.npmjs.org/@tootallnate%2fonce cache-miss
329 http fetch GET 200 https://registry.npmjs.org/@vercel%2fnft 154ms (cache miss)
330 silly packumentCache full:https://registry.npmjs.org/@vercel%2fnft set size:undefined disposed:false
331 silly fetch manifest stream-to-promise@2.2.0
332 silly packumentCache full:https://registry.npmjs.org/stream-to-promise cache-miss
333 http fetch GET 200 https://registry.npmjs.org/async-listen 23ms (cache miss)
334 silly packumentCache full:https://registry.npmjs.org/async-listen set size:undefined disposed:false
335 silly fetch manifest @vercel/static-config@3.3.0
336 silly packumentCache full:https://registry.npmjs.org/@vercel%2fstatic-config cache-miss
337 http fetch GET 200 https://registry.npmjs.org/@vercel%2fnft 113ms (cache miss)
338 silly packumentCache full:https://registry.npmjs.org/@vercel%2fnft set size:undefined disposed:false
339 silly fetch manifest @vercel/static-config@3.3.0
340 silly packumentCache full:https://registry.npmjs.org/@vercel%2fstatic-config cache-miss
341 http fetch GET 200 https://registry.npmjs.org/generic-pool 29ms (cache miss)
342 silly packumentCache full:https://registry.npmjs.org/generic-pool set size:undefined disposed:false
343 silly fetch manifest @vercel/static-config@3.3.0
344 silly packumentCache full:https://registry.npmjs.org/@vercel%2fstatic-config cache-miss
345 http fetch GET 200 https://registry.npmjs.org/node-fetch 57ms (cache miss)
346 silly packumentCache full:https://registry.npmjs.org/node-fetch set size:undefined disposed:false
347 silly fetch manifest @vercel/static-config@3.3.0
348 silly packumentCache full:https://registry.npmjs.org/@vercel%2fstatic-config cache-miss
349 http fetch GET 200 https://registry.npmjs.org/@yarnpkg%2fparsers 181ms (cache miss)
350 silly packumentCache full:https://registry.npmjs.org/@yarnpkg%2fparsers set size:undefined disposed:false
351 silly fetch manifest @vercel/static-config@3.3.0
352 silly packumentCache full:https://registry.npmjs.org/@vercel%2fstatic-config cache-miss
353 http fetch GET 200 https://registry.npmjs.org/stream-to-promise 26ms (cache miss)
354 silly packumentCache full:https://registry.npmjs.org/stream-to-promise set size:undefined disposed:false
355 silly fetch manifest @edge-runtime/node-utils@2.3.0
356 silly packumentCache full:https://registry.npmjs.org/@edge-runtime%2fnode-utils cache-miss
357 http fetch GET 200 https://registry.npmjs.org/@vercel%2fpython-analysis 146ms (cache miss)
358 silly packumentCache full:https://registry.npmjs.org/@vercel%2fpython-analysis set size:undefined disposed:false
359 silly fetch manifest @edge-runtime/primitives@4.1.0
360 silly packumentCache full:https://registry.npmjs.org/@edge-runtime%2fprimitives cache-miss
361 http fetch GET 200 https://registry.npmjs.org/debug 139ms (cache revalidated)
362 silly packumentCache full:https://registry.npmjs.org/debug set size:195840 disposed:false
363 silly fetch manifest @edge-runtime/vm@3.2.0
364 silly packumentCache full:https://registry.npmjs.org/@edge-runtime%2fvm cache-miss
365 http fetch GET 200 https://registry.npmjs.org/tree-kill 120ms (cache miss)
366 silly packumentCache full:https://registry.npmjs.org/tree-kill set size:undefined disposed:false
367 silly fetch manifest @types/node@20.11.0
368 silly packumentCache full:https://registry.npmjs.org/@types%2fnode cache-miss
369 http fetch GET 200 https://registry.npmjs.org/@vercel%2fstatic-config 60ms (cache miss)
370 silly packumentCache full:https://registry.npmjs.org/@vercel%2fstatic-config set size:undefined disposed:false
371 silly fetch manifest async-listen@3.0.0
372 silly packumentCache full:https://registry.npmjs.org/async-listen cache-miss
373 http fetch GET 200 https://registry.npmjs.org/@vercel%2fstatic-config 78ms (cache miss)
374 silly packumentCache full:https://registry.npmjs.org/@vercel%2fstatic-config set size:undefined disposed:false
375 silly fetch manifest edge-runtime@2.5.9
376 silly packumentCache full:https://registry.npmjs.org/edge-runtime cache-miss
377 http fetch GET 200 https://registry.npmjs.org/@vercel%2fstatic-config 188ms (cache miss)
378 silly packumentCache full:https://registry.npmjs.org/@vercel%2fstatic-config set size:undefined disposed:false
379 silly fetch manifest es-module-lexer@1.4.1
380 silly packumentCache full:https://registry.npmjs.org/es-module-lexer cache-miss
381 http fetch GET 200 https://registry.npmjs.org/@vercel%2fstatic-config 71ms (cache miss)
382 silly packumentCache full:https://registry.npmjs.org/@vercel%2fstatic-config set size:undefined disposed:false
383 silly fetch manifest etag@1.8.1
384 silly packumentCache full:https://registry.npmjs.org/etag cache-miss
385 http fetch GET 200 https://registry.npmjs.org/@vercel%2fstatic-config 79ms (cache miss)
386 silly packumentCache full:https://registry.npmjs.org/@vercel%2fstatic-config set size:undefined disposed:false
387 silly fetch manifest mime-types@2.1.35
388 silly packumentCache full:https://registry.npmjs.org/mime-types cache-miss
389 http fetch GET 200 https://registry.npmjs.org/@vercel%2fstatic-config 177ms (cache miss)
390 silly packumentCache full:https://registry.npmjs.org/@vercel%2fstatic-config set size:undefined disposed:false
391 silly fetch manifest node-fetch@2.6.9
392 silly packumentCache full:https://registry.npmjs.org/node-fetch cache-miss
393 http fetch GET 200 https://registry.npmjs.org/@vercel%2fstatic-config 58ms (cache miss)
394 silly packumentCache full:https://registry.npmjs.org/@vercel%2fstatic-config set size:undefined disposed:false
395 silly fetch manifest path-to-regexp-updated@npm:path-to-regexp@6.3.0
396 silly packumentCache full:https://registry.npmjs.org/path-to-regexp cache-hit
397 silly fetch manifest path-to-regexp@6.1.0
398 silly packumentCache full:https://registry.npmjs.org/path-to-regexp cache-hit
399 silly fetch manifest typescript@npm:typescript@5.9.3
400 silly packumentCache full:https://registry.npmjs.org/typescript cache-miss
401 http fetch GET 200 https://registry.npmjs.org/@vercel%2fstatic-config 199ms (cache miss)
402 silly packumentCache full:https://registry.npmjs.org/@vercel%2fstatic-config set size:undefined disposed:false
403 silly fetch manifest undici@5.28.4
404 silly packumentCache full:https://registry.npmjs.org/undici cache-miss
405 http cache https://registry.npmjs.org/async-listen 7ms (cache hit)
406 silly packumentCache full:https://registry.npmjs.org/async-listen set size:27933 disposed:false
407 silly fetch manifest @vercel/error-utils@2.1.0
408 silly packumentCache full:https://registry.npmjs.org/@vercel%2ferror-utils cache-miss
409 http cache https://registry.npmjs.org/node-fetch 5ms (cache hit)
410 silly packumentCache full:https://registry.npmjs.org/node-fetch set size:896010 disposed:false
411 silly fetch manifest semver@6.3.1
412 silly packumentCache full:https://registry.npmjs.org/semver cache-hit
413 silly fetch manifest @vercel/error-utils@2.1.0
414 silly packumentCache full:https://registry.npmjs.org/@vercel%2ferror-utils cache-miss
415 http cache https://registry.npmjs.org/es-module-lexer 10ms (cache hit)
416 silly packumentCache full:https://registry.npmjs.org/es-module-lexer set size:205389 disposed:false
417 silly fetch manifest execa@5
418 silly packumentCache full:https://registry.npmjs.org/execa cache-miss
419 http fetch GET 200 https://registry.npmjs.org/yauzl-promise 104ms (cache miss)
420 silly packumentCache full:https://registry.npmjs.org/yauzl-promise set size:undefined disposed:false
421 silly fetch manifest @vercel/gatsby-plugin-vercel-analytics@1.0.11
422 silly packumentCache full:https://registry.npmjs.org/@vercel%2fgatsby-plugin-vercel-analytics cache-miss
423 http cache https://registry.npmjs.org/undici 8ms (cache hit)
424 silly packumentCache full:https://registry.npmjs.org/undici set size:1406126 disposed:false
425 silly fetch manifest @vercel/gatsby-plugin-vercel-builder@2.2.2
426 silly packumentCache full:https://registry.npmjs.org/@vercel%2fgatsby-plugin-vercel-builder cache-miss
427 http cache https://registry.npmjs.org/execa 5ms (cache hit)
428 silly packumentCache full:https://registry.npmjs.org/execa set size:181234 disposed:false
429 silly fetch manifest readdirp@^4.0.1
430 silly packumentCache full:https://registry.npmjs.org/readdirp cache-miss
431 http fetch GET 200 https://registry.npmjs.org/etag 27ms (cache miss)
432 silly packumentCache full:https://registry.npmjs.org/etag set size:undefined disposed:false
433 silly fetch manifest @esbuild/aix-ppc64@0.27.0
434 silly packumentCache full:https://registry.npmjs.org/@esbuild%2faix-ppc64 cache-miss
435 http fetch GET 200 https://registry.npmjs.org/mime-types 34ms (cache miss)
436 silly packumentCache full:https://registry.npmjs.org/mime-types set size:undefined disposed:false
437 silly fetch manifest @esbuild/linux-arm@0.27.0
438 silly packumentCache full:https://registry.npmjs.org/@esbuild%2flinux-arm cache-miss
439 http fetch GET 200 https://registry.npmjs.org/@edge-runtime%2fvm 67ms (cache miss)
440 silly packumentCache full:https://registry.npmjs.org/@edge-runtime%2fvm set size:undefined disposed:false
441 silly fetch manifest @esbuild/linux-x64@0.27.0
442 silly packumentCache full:https://registry.npmjs.org/@esbuild%2flinux-x64 cache-miss
443 http fetch GET 200 https://registry.npmjs.org/@vercel%2fcervel 234ms (cache miss)
444 silly packumentCache full:https://registry.npmjs.org/@vercel%2fcervel set size:undefined disposed:false
445 silly fetch manifest @esbuild/sunos-x64@0.27.0
446 silly packumentCache full:https://registry.npmjs.org/@esbuild%2fsunos-x64 cache-miss
447 http fetch GET 200 https://registry.npmjs.org/@esbuild%2faix-ppc64 38ms (cache miss)
448 silly packumentCache full:https://registry.npmjs.org/@esbuild%2faix-ppc64 set size:undefined disposed:false
449 silly fetch manifest @esbuild/win32-x64@0.27.0
450 silly packumentCache full:https://registry.npmjs.org/@esbuild%2fwin32-x64 cache-miss
451 http fetch GET 200 https://registry.npmjs.org/@esbuild%2flinux-arm 37ms (cache miss)
452 silly packumentCache full:https://registry.npmjs.org/@esbuild%2flinux-arm set size:undefined disposed:false
453 silly fetch manifest @esbuild/darwin-x64@0.27.0
454 silly packumentCache full:https://registry.npmjs.org/@esbuild%2fdarwin-x64 cache-miss
455 http fetch GET 200 https://registry.npmjs.org/@esbuild%2flinux-x64 37ms (cache miss)
456 silly packumentCache full:https://registry.npmjs.org/@esbuild%2flinux-x64 set size:undefined disposed:false
457 silly fetch manifest @esbuild/linux-ia32@0.27.0
458 silly packumentCache full:https://registry.npmjs.org/@esbuild%2flinux-ia32 cache-miss
459 http fetch GET 200 https://registry.npmjs.org/@esbuild%2fsunos-x64 39ms (cache miss)
460 silly packumentCache full:https://registry.npmjs.org/@esbuild%2fsunos-x64 set size:undefined disposed:false
461 silly fetch manifest @esbuild/netbsd-x64@0.27.0
462 silly packumentCache full:https://registry.npmjs.org/@esbuild%2fnetbsd-x64 cache-miss
463 http fetch GET 200 https://registry.npmjs.org/@vercel%2ferror-utils 92ms (cache miss)
464 silly packumentCache full:https://registry.npmjs.org/@vercel%2ferror-utils set size:undefined disposed:false
465 silly fetch manifest @esbuild/win32-ia32@0.27.0
466 silly packumentCache full:https://registry.npmjs.org/@esbuild%2fwin32-ia32 cache-miss
467 http fetch GET 200 https://registry.npmjs.org/@vercel%2ferror-utils 95ms (cache miss)
468 silly packumentCache full:https://registry.npmjs.org/@vercel%2ferror-utils set size:undefined disposed:false
469 silly fetch manifest @esbuild/android-arm@0.27.0
470 silly packumentCache full:https://registry.npmjs.org/@esbuild%2fandroid-arm cache-miss
471 http fetch GET 200 https://registry.npmjs.org/@esbuild%2fwin32-x64 45ms (cache miss)
472 silly packumentCache full:https://registry.npmjs.org/@esbuild%2fwin32-x64 set size:undefined disposed:false
473 silly fetch manifest @esbuild/android-x64@0.27.0
474 silly packumentCache full:https://registry.npmjs.org/@esbuild%2fandroid-x64 cache-miss
475 http fetch GET 200 https://registry.npmjs.org/@esbuild%2fdarwin-x64 38ms (cache miss)
476 silly packumentCache full:https://registry.npmjs.org/@esbuild%2fdarwin-x64 set size:undefined disposed:false
477 silly fetch manifest @esbuild/freebsd-x64@0.27.0
478 silly packumentCache full:https://registry.npmjs.org/@esbuild%2ffreebsd-x64 cache-miss
479 http fetch GET 200 https://registry.npmjs.org/@esbuild%2flinux-ia32 41ms (cache miss)
480 silly packumentCache full:https://registry.npmjs.org/@esbuild%2flinux-ia32 set size:undefined disposed:false
481 silly fetch manifest @esbuild/linux-arm64@0.27.0
482 silly packumentCache full:https://registry.npmjs.org/@esbuild%2flinux-arm64 cache-miss
483 http fetch GET 200 https://registry.npmjs.org/@esbuild%2fnetbsd-x64 37ms (cache miss)
484 silly packumentCache full:https://registry.npmjs.org/@esbuild%2fnetbsd-x64 set size:undefined disposed:false
485 silly fetch manifest @esbuild/linux-ppc64@0.27.0
486 silly packumentCache full:https://registry.npmjs.org/@esbuild%2flinux-ppc64 cache-miss
487 http fetch GET 200 https://registry.npmjs.org/edge-runtime 128ms (cache miss)
488 silly packumentCache full:https://registry.npmjs.org/edge-runtime set size:undefined disposed:false
489 silly fetch manifest @esbuild/linux-s390x@0.27.0
490 silly packumentCache full:https://registry.npmjs.org/@esbuild%2flinux-s390x cache-miss
491 http fetch GET 200 https://registry.npmjs.org/@tootallnate%2fonce 221ms (cache miss)
492 silly packumentCache full:https://registry.npmjs.org/@tootallnate%2fonce set size:undefined disposed:false
493 silly fetch manifest @esbuild/openbsd-x64@0.27.0
494 silly packumentCache full:https://registry.npmjs.org/@esbuild%2fopenbsd-x64 cache-miss
495 http fetch GET 200 https://registry.npmjs.org/readdirp 121ms (cache revalidated)
496 silly packumentCache full:https://registry.npmjs.org/readdirp set size:107589 disposed:false
497 silly fetch manifest @esbuild/win32-arm64@0.27.0
498 silly packumentCache full:https://registry.npmjs.org/@esbuild%2fwin32-arm64 cache-miss
499 http fetch GET 200 https://registry.npmjs.org/@esbuild%2fwin32-ia32 39ms (cache miss)
500 silly packumentCache full:https://registry.npmjs.org/@esbuild%2fwin32-ia32 set size:undefined disposed:false
501 silly fetch manifest @esbuild/darwin-arm64@0.27.0
502 silly packumentCache full:https://registry.npmjs.org/@esbuild%2fdarwin-arm64 cache-miss
503 http fetch GET 200 https://registry.npmjs.org/@esbuild%2fandroid-arm 40ms (cache miss)
504 silly packumentCache full:https://registry.npmjs.org/@esbuild%2fandroid-arm set size:undefined disposed:false
505 silly fetch manifest @esbuild/netbsd-arm64@0.27.0
506 silly packumentCache full:https://registry.npmjs.org/@esbuild%2fnetbsd-arm64 cache-miss
507 http fetch GET 200 https://registry.npmjs.org/@esbuild%2ffreebsd-x64 41ms (cache miss)
508 silly packumentCache full:https://registry.npmjs.org/@esbuild%2ffreebsd-x64 set size:undefined disposed:false
509 silly fetch manifest @esbuild/android-arm64@0.27.0
510 silly packumentCache full:https://registry.npmjs.org/@esbuild%2fandroid-arm64 cache-miss
511 http fetch GET 200 https://registry.npmjs.org/@edge-runtime%2fnode-utils 221ms (cache miss)
512 silly packumentCache full:https://registry.npmjs.org/@edge-runtime%2fnode-utils set size:undefined disposed:false
513 silly fetch manifest @esbuild/freebsd-arm64@0.27.0
514 silly packumentCache full:https://registry.npmjs.org/@esbuild%2ffreebsd-arm64 cache-miss
515 http fetch GET 200 https://registry.npmjs.org/@esbuild%2flinux-arm64 45ms (cache miss)
516 silly packumentCache full:https://registry.npmjs.org/@esbuild%2flinux-arm64 set size:undefined disposed:false
517 silly fetch manifest @esbuild/linux-loong64@0.27.0
518 silly packumentCache full:https://registry.npmjs.org/@esbuild%2flinux-loong64 cache-miss
519 http fetch GET 200 https://registry.npmjs.org/@esbuild%2flinux-ppc64 44ms (cache miss)
520 silly packumentCache full:https://registry.npmjs.org/@esbuild%2flinux-ppc64 set size:undefined disposed:false
521 silly fetch manifest @esbuild/linux-riscv64@0.27.0
522 silly packumentCache full:https://registry.npmjs.org/@esbuild%2flinux-riscv64 cache-miss
523 http fetch GET 200 https://registry.npmjs.org/@esbuild%2flinux-s390x 41ms (cache miss)
524 silly packumentCache full:https://registry.npmjs.org/@esbuild%2flinux-s390x set size:undefined disposed:false
525 silly fetch manifest @esbuild/openbsd-arm64@0.27.0
526 silly packumentCache full:https://registry.npmjs.org/@esbuild%2fopenbsd-arm64 cache-miss
527 http fetch GET 200 https://registry.npmjs.org/@esbuild%2fwin32-arm64 34ms (cache miss)
528 silly packumentCache full:https://registry.npmjs.org/@esbuild%2fwin32-arm64 set size:undefined disposed:false
529 silly fetch manifest @esbuild/linux-mips64el@0.27.0
530 silly packumentCache full:https://registry.npmjs.org/@esbuild%2flinux-mips64el cache-miss
531 http fetch GET 200 https://registry.npmjs.org/@esbuild%2fopenbsd-x64 44ms (cache miss)
532 silly packumentCache full:https://registry.npmjs.org/@esbuild%2fopenbsd-x64 set size:undefined disposed:false
533 silly fetch manifest @esbuild/openharmony-arm64@0.27.0
534 silly packumentCache full:https://registry.npmjs.org/@esbuild%2fopenharmony-arm64 cache-miss
535 http fetch GET 200 https://registry.npmjs.org/@esbuild%2fdarwin-arm64 38ms (cache miss)
536 silly packumentCache full:https://registry.npmjs.org/@esbuild%2fdarwin-arm64 set size:undefined disposed:false
537 silly fetch manifest asynckit@^0.4.0
538 silly packumentCache full:https://registry.npmjs.org/asynckit cache-miss
539 http fetch GET 200 https://registry.npmjs.org/@esbuild%2fnetbsd-arm64 41ms (cache miss)
540 silly packumentCache full:https://registry.npmjs.org/@esbuild%2fnetbsd-arm64 set size:undefined disposed:false
541 silly fetch manifest combined-stream@^1.0.8
542 silly packumentCache full:https://registry.npmjs.org/combined-stream cache-miss
543 http fetch GET 200 https://registry.npmjs.org/@types%2fnode 198ms (cache revalidated)
544 silly packumentCache full:https://registry.npmjs.org/@types%2fnode set size:10990115 disposed:false
545 silly fetch manifest es-set-tostringtag@^2.1.0
546 silly packumentCache full:https://registry.npmjs.org/es-set-tostringtag cache-miss
547 http fetch GET 200 https://registry.npmjs.org/asynckit 55ms (cache miss)
548 silly packumentCache full:https://registry.npmjs.org/asynckit set size:undefined disposed:false
549 silly fetch manifest hasown@^2.0.2
550 silly packumentCache full:https://registry.npmjs.org/hasown cache-miss
551 http fetch GET 200 https://registry.npmjs.org/combined-stream 50ms (cache miss)
552 silly packumentCache full:https://registry.npmjs.org/combined-stream set size:undefined disposed:false
553 silly fetch manifest mime-types@^2.1.12
554 silly packumentCache full:https://registry.npmjs.org/mime-types cache-miss
555 http fetch GET 200 https://registry.npmjs.org/@vercel%2fgatsby-plugin-vercel-analytics 223ms (cache miss)
556 silly packumentCache full:https://registry.npmjs.org/@vercel%2fgatsby-plugin-vercel-analytics set size:undefined disposed:false
557 silly fetch manifest debug@^4.3.4
558 silly packumentCache full:https://registry.npmjs.org/debug cache-hit
559 silly fetch manifest lru-cache@^7.14.1
560 silly packumentCache full:https://registry.npmjs.org/lru-cache cache-miss
561 http fetch GET 200 https://registry.npmjs.org/@esbuild%2fopenharmony-arm64 58ms (cache miss)
562 silly packumentCache full:https://registry.npmjs.org/@esbuild%2fopenharmony-arm64 set size:undefined disposed:false
563 silly fetch manifest agent-base@^7.0.2
564 silly packumentCache full:https://registry.npmjs.org/agent-base cache-miss
565 http fetch GET 200 https://registry.npmjs.org/@esbuild%2fopenbsd-arm64 64ms (cache miss)
566 silly packumentCache full:https://registry.npmjs.org/@esbuild%2fopenbsd-arm64 set size:undefined disposed:false
567 silly fetch manifest proxy-from-env@^1.1.0
568 silly packumentCache full:https://registry.npmjs.org/proxy-from-env cache-miss
569 http fetch GET 200 https://registry.npmjs.org/@esbuild%2fandroid-arm64 80ms (cache miss)
570 silly packumentCache full:https://registry.npmjs.org/@esbuild%2fandroid-arm64 set size:undefined disposed:false
571 silly fetch manifest pac-proxy-agent@^7.0.1
572 silly packumentCache full:https://registry.npmjs.org/pac-proxy-agent cache-miss
573 http fetch GET 200 https://registry.npmjs.org/@esbuild%2ffreebsd-arm64 71ms (cache miss)
574 silly packumentCache full:https://registry.npmjs.org/@esbuild%2ffreebsd-arm64 set size:undefined disposed:false
575 silly fetch manifest http-proxy-agent@^7.0.1
576 silly packumentCache full:https://registry.npmjs.org/http-proxy-agent cache-miss
577 http fetch GET 200 https://registry.npmjs.org/@esbuild%2flinux-mips64el 64ms (cache miss)
578 silly packumentCache full:https://registry.npmjs.org/@esbuild%2flinux-mips64el set size:undefined disposed:false
579 silly fetch manifest https-proxy-agent@^7.0.3
580 silly packumentCache full:https://registry.npmjs.org/https-proxy-agent cache-miss
581 http fetch GET 200 https://registry.npmjs.org/@esbuild%2flinux-riscv64 69ms (cache miss)
582 silly packumentCache full:https://registry.npmjs.org/@esbuild%2flinux-riscv64 set size:undefined disposed:false
583 silly fetch manifest socks-proxy-agent@^8.0.2
584 silly packumentCache full:https://registry.npmjs.org/socks-proxy-agent cache-miss
585 http fetch GET 200 https://registry.npmjs.org/@edge-runtime%2fprimitives 292ms (cache miss)
586 silly packumentCache full:https://registry.npmjs.org/@edge-runtime%2fprimitives set size:undefined disposed:false
587 silly fetch manifest zod@^4.1.1
588 silly packumentCache full:https://registry.npmjs.org/zod cache-miss
589 http cache https://registry.npmjs.org/mime-types 7ms (cache hit)
590 silly packumentCache full:https://registry.npmjs.org/mime-types set size:139110 disposed:false
591 silly fetch manifest debug@^4.4.1
592 silly packumentCache full:https://registry.npmjs.org/debug cache-hit
593 silly fetch manifest @vercel/sandbox@1.9.0
594 silly packumentCache full:https://registry.npmjs.org/@vercel%2fsandbox cache-miss
595 http fetch GET 200 https://registry.npmjs.org/@esbuild%2flinux-loong64 75ms (cache miss)
596 silly packumentCache full:https://registry.npmjs.org/@esbuild%2flinux-loong64 set size:undefined disposed:false
597 http cache https://registry.npmjs.org/zod 5ms (cache hit)
598 silly packumentCache full:https://registry.npmjs.org/zod set size:3552562 disposed:false
599 http fetch GET 200 https://registry.npmjs.org/@esbuild%2fandroid-x64 142ms (cache miss)
600 silly packumentCache full:https://registry.npmjs.org/@esbuild%2fandroid-x64 set size:undefined disposed:false
601 http fetch GET 200 https://registry.npmjs.org/typescript 266ms (cache revalidated)
602 silly packumentCache full:https://registry.npmjs.org/typescript set size:15409943 disposed:false
603 http fetch GET 200 https://registry.npmjs.org/proxy-from-env 69ms (cache miss)
604 silly packumentCache full:https://registry.npmjs.org/proxy-from-env set size:undefined disposed:false
605 http fetch GET 200 https://registry.npmjs.org/pac-proxy-agent 68ms (cache miss)
606 silly packumentCache full:https://registry.npmjs.org/pac-proxy-agent set size:undefined disposed:false
607 http fetch GET 200 https://registry.npmjs.org/http-proxy-agent 67ms (cache miss)
608 silly packumentCache full:https://registry.npmjs.org/http-proxy-agent set size:undefined disposed:false
609 http fetch GET 200 https://registry.npmjs.org/https-proxy-agent 68ms (cache miss)
610 silly packumentCache full:https://registry.npmjs.org/https-proxy-agent set size:undefined disposed:false
611 http fetch GET 200 https://registry.npmjs.org/agent-base 71ms (cache miss)
612 silly packumentCache full:https://registry.npmjs.org/agent-base set size:undefined disposed:false
613 http fetch GET 200 https://registry.npmjs.org/socks-proxy-agent 68ms (cache miss)
614 silly packumentCache full:https://registry.npmjs.org/socks-proxy-agent set size:undefined disposed:false
615 http fetch GET 200 https://registry.npmjs.org/@vercel%2fgatsby-plugin-vercel-builder 294ms (cache miss)
616 silly packumentCache full:https://registry.npmjs.org/@vercel%2fgatsby-plugin-vercel-builder set size:undefined disposed:false
617 http fetch GET 200 https://registry.npmjs.org/es-set-tostringtag 148ms (cache revalidated)
618 silly packumentCache full:https://registry.npmjs.org/es-set-tostringtag set size:22094 disposed:false
619 http fetch GET 200 https://registry.npmjs.org/@vercel%2fsandbox 218ms (cache miss)
620 silly packumentCache full:https://registry.npmjs.org/@vercel%2fsandbox set size:undefined disposed:false
621 http fetch GET 200 https://registry.npmjs.org/hasown 257ms (cache revalidated)
622 silly packumentCache full:https://registry.npmjs.org/hasown set size:15429 disposed:false
623 http fetch GET 200 https://registry.npmjs.org/lru-cache 288ms (cache revalidated)
624 silly packumentCache full:https://registry.npmjs.org/lru-cache set size:443567 disposed:false
625 silly placeDep node_modules/vercel @vercel/nft@1.5.0 OK for: @vercel/backends@0.4.1 want: 1.5.0
626 silly placeDep node_modules/vercel @yarnpkg/parsers@3.0.3 OK for: @vercel/backends@0.4.1 want: ^3.0.0
627 silly placeDep node_modules/vercel execa@3.2.0 OK for: @vercel/backends@0.4.1 want: 3.2.0
628 silly placeDep node_modules/vercel fs-extra@11.1.0 OK for: @vercel/backends@0.4.1 want: 11.1.0
629 silly placeDep node_modules/vercel js-yaml@3.14.2 OK for: @vercel/backends@0.4.1 want: ^3.13.1
630 silly placeDep node_modules/vercel oxc-transform@0.111.0 OK for: @vercel/backends@0.4.1 want: 0.111.0
631 silly placeDep node_modules/vercel path-to-regexp@8.3.0 OK for: @vercel/backends@0.4.1 want: 8.3.0
632 silly placeDep node_modules/vercel resolve.exports@2.0.3 OK for: @vercel/backends@0.4.1 want: 2.0.3
633 silly placeDep node_modules/vercel rolldown@1.0.0-rc.1 OK for: @vercel/backends@0.4.1 want: 1.0.0-rc.1
634 silly placeDep node_modules/vercel srvx@0.8.9 OK for: @vercel/backends@0.4.1 want: 0.8.9
635 silly placeDep node_modules/vercel tsx@4.21.0 OK for: @vercel/backends@0.4.1 want: 4.21.0
636 silly placeDep node_modules/vercel/node_modules/@vercel/backends zod@3.22.4 OK for: @vercel/backends@0.4.1 want: 3.22.4
637 silly fetch manifest glob@^13.0.0
638 silly packumentCache full:https://registry.npmjs.org/glob cache-miss
639 silly fetch manifest acorn@^8.6.0
640 silly packumentCache full:https://registry.npmjs.org/acorn cache-miss
641 silly fetch manifest bindings@^1.4.0
642 silly packumentCache full:https://registry.npmjs.org/bindings cache-miss
643 silly fetch manifest picomatch@^4.0.2
644 silly packumentCache full:https://registry.npmjs.org/picomatch cache-miss
645 silly fetch manifest async-sema@^3.1.1
646 silly packumentCache full:https://registry.npmjs.org/async-sema cache-miss
647 silly fetch manifest graceful-fs@^4.2.9
648 silly packumentCache full:https://registry.npmjs.org/graceful-fs cache-miss
649 silly fetch manifest resolve-from@^5.0.0
650 silly packumentCache full:https://registry.npmjs.org/resolve-from cache-miss
651 silly fetch manifest estree-walker@2.0.2
652 silly packumentCache full:https://registry.npmjs.org/estree-walker cache-miss
653 silly fetch manifest node-gyp-build@^4.2.2
654 silly packumentCache full:https://registry.npmjs.org/node-gyp-build cache-miss
655 silly fetch manifest @rollup/pluginutils@^5.1.3
656 silly packumentCache full:https://registry.npmjs.org/@rollup%2fpluginutils cache-miss
657 silly fetch manifest @mapbox/node-pre-gyp@^2.0.0
658 silly packumentCache full:https://registry.npmjs.org/@mapbox%2fnode-pre-gyp cache-miss
659 silly fetch manifest acorn-import-attributes@^1.9.5
660 silly packumentCache full:https://registry.npmjs.org/acorn-import-attributes cache-miss
661 silly fetch manifest tslib@^2.4.0
662 silly packumentCache full:https://registry.npmjs.org/tslib cache-miss
663 silly fetch manifest js-yaml@^3.10.0
664 silly packumentCache full:https://registry.npmjs.org/js-yaml cache-hit
665 silly fetch manifest onetime@^5.1.0
666 silly packumentCache full:https://registry.npmjs.org/onetime cache-miss
667 silly fetch manifest is-stream@^2.0.0
668 silly packumentCache full:https://registry.npmjs.org/is-stream cache-miss
669 http fetch GET 200 https://registry.npmjs.org/glob 235ms (cache revalidated)
670 silly packumentCache full:https://registry.npmjs.org/glob set size:469465 disposed:false
671 silly fetch manifest p-finally@^2.0.0
672 silly packumentCache full:https://registry.npmjs.org/p-finally cache-miss
673 http fetch GET 200 https://registry.npmjs.org/bindings 238ms (cache miss)
674 silly packumentCache full:https://registry.npmjs.org/bindings set size:undefined disposed:false
675 silly fetch manifest get-stream@^5.0.0
676 silly packumentCache full:https://registry.npmjs.org/get-stream cache-miss
677 http fetch GET 200 https://registry.npmjs.org/acorn-import-attributes 238ms (cache miss)
678 silly packumentCache full:https://registry.npmjs.org/acorn-import-attributes set size:undefined disposed:false
679 silly fetch manifest cross-spawn@^7.0.0
680 silly packumentCache full:https://registry.npmjs.org/cross-spawn cache-miss
681 http fetch GET 200 https://registry.npmjs.org/onetime 238ms (cache miss)
682 silly packumentCache full:https://registry.npmjs.org/onetime set size:undefined disposed:false
683 silly fetch manifest signal-exit@^3.0.2
684 silly packumentCache full:https://registry.npmjs.org/signal-exit cache-miss
685 http fetch GET 200 https://registry.npmjs.org/is-stream 238ms (cache miss)
686 silly packumentCache full:https://registry.npmjs.org/is-stream set size:undefined disposed:false
687 silly fetch manifest merge-stream@^2.0.0
688 silly packumentCache full:https://registry.npmjs.org/merge-stream cache-miss
689 http fetch GET 200 https://registry.npmjs.org/async-sema 241ms (cache miss)
690 silly packumentCache full:https://registry.npmjs.org/async-sema set size:undefined disposed:false
691 silly fetch manifest npm-run-path@^4.0.0
692 silly packumentCache full:https://registry.npmjs.org/npm-run-path cache-miss
693 http fetch GET 200 https://registry.npmjs.org/node-gyp-build 242ms (cache miss)
694 silly packumentCache full:https://registry.npmjs.org/node-gyp-build set size:undefined disposed:false
695 silly fetch manifest human-signals@^1.1.1
696 silly packumentCache full:https://registry.npmjs.org/human-signals cache-miss
697 http fetch GET 200 https://registry.npmjs.org/@rollup%2fpluginutils 243ms (cache miss)
698 silly packumentCache full:https://registry.npmjs.org/@rollup%2fpluginutils set size:undefined disposed:false
699 silly fetch manifest strip-final-newline@^2.0.0
700 silly packumentCache full:https://registry.npmjs.org/strip-final-newline cache-miss
701 http fetch GET 200 https://registry.npmjs.org/@mapbox%2fnode-pre-gyp 244ms (cache miss)
702 silly packumentCache full:https://registry.npmjs.org/@mapbox%2fnode-pre-gyp set size:undefined disposed:false
703 silly fetch manifest jsonfile@^6.0.1
704 silly packumentCache full:https://registry.npmjs.org/jsonfile cache-miss
705 http fetch GET 200 https://registry.npmjs.org/resolve-from 257ms (cache revalidated)
706 silly packumentCache full:https://registry.npmjs.org/resolve-from set size:12911 disposed:false
707 silly fetch manifest graceful-fs@^4.2.0
708 silly packumentCache full:https://registry.npmjs.org/graceful-fs cache-miss
709 http fetch GET 200 https://registry.npmjs.org/acorn 259ms (cache revalidated)
710 silly packumentCache full:https://registry.npmjs.org/acorn set size:379626 disposed:false
711 silly fetch manifest universalify@^2.0.0
712 silly packumentCache full:https://registry.npmjs.org/universalify cache-miss
713 http fetch GET 200 https://registry.npmjs.org/estree-walker 260ms (cache revalidated)
714 silly packumentCache full:https://registry.npmjs.org/estree-walker set size:60887 disposed:false
715 silly fetch manifest esprima@^4.0.0
716 silly packumentCache full:https://registry.npmjs.org/esprima cache-miss
717 http fetch GET 200 https://registry.npmjs.org/p-finally 28ms (cache miss)
718 silly packumentCache full:https://registry.npmjs.org/p-finally set size:undefined disposed:false
719 silly fetch manifest argparse@^1.0.7
720 silly packumentCache full:https://registry.npmjs.org/argparse cache-miss
721 http fetch GET 200 https://registry.npmjs.org/merge-stream 25ms (cache miss)
722 silly packumentCache full:https://registry.npmjs.org/merge-stream set size:undefined disposed:false
723 silly fetch manifest @oxc-transform/binding-darwin-x64@0.111.0
724 silly packumentCache full:https://registry.npmjs.org/@oxc-transform%2fbinding-darwin-x64 cache-miss
725 http fetch GET 200 https://registry.npmjs.org/human-signals 22ms (cache miss)
726 silly packumentCache full:https://registry.npmjs.org/human-signals set size:undefined disposed:false
727 silly fetch manifest @oxc-transform/binding-freebsd-x64@0.111.0
728 silly packumentCache full:https://registry.npmjs.org/@oxc-transform%2fbinding-freebsd-x64 cache-miss
729 http fetch GET 200 https://registry.npmjs.org/npm-run-path 23ms (cache miss)
730 silly packumentCache full:https://registry.npmjs.org/npm-run-path set size:undefined disposed:false
731 silly fetch manifest @oxc-transform/binding-wasm32-wasi@0.111.0
732 silly packumentCache full:https://registry.npmjs.org/@oxc-transform%2fbinding-wasm32-wasi cache-miss
733 http fetch GET 200 https://registry.npmjs.org/graceful-fs 287ms (cache revalidated)
734 silly packumentCache full:https://registry.npmjs.org/graceful-fs set size:124285 disposed:false
735 silly fetch manifest @oxc-transform/binding-darwin-arm64@0.111.0
736 silly packumentCache full:https://registry.npmjs.org/@oxc-transform%2fbinding-darwin-arm64 cache-miss
737 http fetch GET 200 https://registry.npmjs.org/tslib 288ms (cache revalidated)
738 silly packumentCache full:https://registry.npmjs.org/tslib set size:108760 disposed:false
739 silly fetch manifest @oxc-transform/binding-android-arm64@0.111.0
740 silly packumentCache full:https://registry.npmjs.org/@oxc-transform%2fbinding-android-arm64 cache-miss
741 http fetch GET 200 https://registry.npmjs.org/graceful-fs 30ms (cache revalidated)
742 silly packumentCache full:https://registry.npmjs.org/graceful-fs set size:124285 disposed:false
743 silly packumentCache full:https://registry.npmjs.org/graceful-fs dispose
744 silly fetch manifest @oxc-transform/binding-linux-x64-gnu@0.111.0
745 silly packumentCache full:https://registry.npmjs.org/@oxc-transform%2fbinding-linux-x64-gnu cache-miss
746 http fetch GET 200 https://registry.npmjs.org/strip-final-newline 46ms (cache miss)
747 silly packumentCache full:https://registry.npmjs.org/strip-final-newline set size:undefined disposed:false
748 silly fetch manifest @oxc-transform/binding-linux-x64-musl@0.111.0
749 silly packumentCache full:https://registry.npmjs.org/@oxc-transform%2fbinding-linux-x64-musl cache-miss
750 http fetch GET 200 https://registry.npmjs.org/universalify 31ms (cache miss)
751 silly packumentCache full:https://registry.npmjs.org/universalify set size:undefined disposed:false
752 silly fetch manifest @oxc-transform/binding-win32-x64-msvc@0.111.0
753 silly packumentCache full:https://registry.npmjs.org/@oxc-transform%2fbinding-win32-x64-msvc cache-miss
754 http fetch GET 200 https://registry.npmjs.org/get-stream 53ms (cache miss)
755 silly packumentCache full:https://registry.npmjs.org/get-stream set size:undefined disposed:false
756 silly fetch manifest @oxc-transform/binding-linux-arm64-gnu@0.111.0
757 silly packumentCache full:https://registry.npmjs.org/@oxc-transform%2fbinding-linux-arm64-gnu cache-miss
758 http fetch GET 200 https://registry.npmjs.org/jsonfile 47ms (cache miss)
759 silly packumentCache full:https://registry.npmjs.org/jsonfile set size:undefined disposed:false
760 silly fetch manifest @oxc-transform/binding-linux-ppc64-gnu@0.111.0
761 silly packumentCache full:https://registry.npmjs.org/@oxc-transform%2fbinding-linux-ppc64-gnu cache-miss
762 http fetch GET 200 https://registry.npmjs.org/esprima 31ms (cache miss)
763 silly packumentCache full:https://registry.npmjs.org/esprima set size:undefined disposed:false
764 silly fetch manifest @oxc-transform/binding-linux-s390x-gnu@0.111.0
765 silly packumentCache full:https://registry.npmjs.org/@oxc-transform%2fbinding-linux-s390x-gnu cache-miss
766 http fetch GET 200 https://registry.npmjs.org/@oxc-transform%2fbinding-android-arm64 65ms (cache miss)
767 silly packumentCache full:https://registry.npmjs.org/@oxc-transform%2fbinding-android-arm64 set size:undefined disposed:false
768 silly fetch manifest @oxc-transform/binding-win32-ia32-msvc@0.111.0
769 silly packumentCache full:https://registry.npmjs.org/@oxc-transform%2fbinding-win32-ia32-msvc cache-miss
770 http fetch GET 200 https://registry.npmjs.org/@oxc-transform%2fbinding-linux-x64-gnu 87ms (cache miss)
771 silly packumentCache full:https://registry.npmjs.org/@oxc-transform%2fbinding-linux-x64-gnu set size:undefined disposed:false
772 silly fetch manifest @oxc-transform/binding-android-arm-eabi@0.111.0
773 silly packumentCache full:https://registry.npmjs.org/@oxc-transform%2fbinding-android-arm-eabi cache-miss
774 http fetch GET 200 https://registry.npmjs.org/picomatch 388ms (cache revalidated)
775 silly packumentCache full:https://registry.npmjs.org/picomatch set size:126376 disposed:false
776 silly fetch manifest @oxc-transform/binding-linux-arm64-musl@0.111.0
777 silly packumentCache full:https://registry.npmjs.org/@oxc-transform%2fbinding-linux-arm64-musl cache-miss
778 http fetch GET 200 https://registry.npmjs.org/@oxc-transform%2fbinding-wasm32-wasi 131ms (cache miss)
779 silly packumentCache full:https://registry.npmjs.org/@oxc-transform%2fbinding-wasm32-wasi set size:undefined disposed:false
780 silly fetch manifest @oxc-transform/binding-win32-arm64-msvc@0.111.0
781 silly packumentCache full:https://registry.npmjs.org/@oxc-transform%2fbinding-win32-arm64-msvc cache-miss
782 http fetch GET 200 https://registry.npmjs.org/signal-exit 200ms (cache revalidated)
783 silly packumentCache full:https://registry.npmjs.org/signal-exit set size:53489 disposed:false
784 silly fetch manifest @oxc-transform/binding-linux-riscv64-gnu@0.111.0
785 silly packumentCache full:https://registry.npmjs.org/@oxc-transform%2fbinding-linux-riscv64-gnu cache-miss
786 http fetch GET 200 https://registry.npmjs.org/cross-spawn 202ms (cache revalidated)
787 silly packumentCache full:https://registry.npmjs.org/cross-spawn set size:109066 disposed:false
788 silly fetch manifest @oxc-transform/binding-openharmony-arm64@0.111.0
789 silly packumentCache full:https://registry.npmjs.org/@oxc-transform%2fbinding-openharmony-arm64 cache-miss
790 http fetch GET 200 https://registry.npmjs.org/@oxc-transform%2fbinding-linux-s390x-gnu 148ms (cache miss)
791 silly packumentCache full:https://registry.npmjs.org/@oxc-transform%2fbinding-linux-s390x-gnu set size:undefined disposed:false
792 silly fetch manifest @oxc-transform/binding-linux-riscv64-musl@0.111.0
793 silly packumentCache full:https://registry.npmjs.org/@oxc-transform%2fbinding-linux-riscv64-musl cache-miss
794 http fetch GET 200 https://registry.npmjs.org/@oxc-transform%2fbinding-darwin-x64 177ms (cache miss)
795 silly packumentCache full:https://registry.npmjs.org/@oxc-transform%2fbinding-darwin-x64 set size:undefined disposed:false
796 silly fetch manifest @oxc-transform/binding-linux-arm-gnueabihf@0.111.0
797 silly packumentCache full:https://registry.npmjs.org/@oxc-transform%2fbinding-linux-arm-gnueabihf cache-miss
798 http fetch GET 200 https://registry.npmjs.org/@oxc-transform%2fbinding-linux-x64-musl 153ms (cache miss)
799 silly packumentCache full:https://registry.npmjs.org/@oxc-transform%2fbinding-linux-x64-musl set size:undefined disposed:false
800 silly fetch manifest @oxc-transform/binding-linux-arm-musleabihf@0.111.0
801 silly packumentCache full:https://registry.npmjs.org/@oxc-transform%2fbinding-linux-arm-musleabihf cache-miss
802 http fetch GET 200 https://registry.npmjs.org/@oxc-transform%2fbinding-win32-x64-msvc 153ms (cache miss)
803 silly packumentCache full:https://registry.npmjs.org/@oxc-transform%2fbinding-win32-x64-msvc set size:undefined disposed:false
804 silly fetch manifest @oxc-project/types@=0.110.0
805 silly packumentCache full:https://registry.npmjs.org/@oxc-project%2ftypes cache-miss
806 http fetch GET 200 https://registry.npmjs.org/@oxc-transform%2fbinding-linux-ppc64-gnu 176ms (cache miss)
807 silly packumentCache full:https://registry.npmjs.org/@oxc-transform%2fbinding-linux-ppc64-gnu set size:undefined disposed:false
808 silly fetch manifest @rolldown/pluginutils@1.0.0-rc.1
809 silly packumentCache full:https://registry.npmjs.org/@rolldown%2fpluginutils cache-miss
810 http fetch GET 200 https://registry.npmjs.org/argparse 218ms (cache revalidated)
811 silly packumentCache full:https://registry.npmjs.org/argparse set size:49266 disposed:false
812 silly fetch manifest @rolldown/binding-darwin-x64@1.0.0-rc.1
813 silly packumentCache full:https://registry.npmjs.org/@rolldown%2fbinding-darwin-x64 cache-miss
814 http fetch GET 200 https://registry.npmjs.org/@oxc-transform%2fbinding-freebsd-x64 232ms (cache miss)
815 silly packumentCache full:https://registry.npmjs.org/@oxc-transform%2fbinding-freebsd-x64 set size:undefined disposed:false
816 silly fetch manifest @rolldown/binding-freebsd-x64@1.0.0-rc.1
817 silly packumentCache full:https://registry.npmjs.org/@rolldown%2fbinding-freebsd-x64 cache-miss
818 http fetch GET 200 https://registry.npmjs.org/@oxc-transform%2fbinding-linux-riscv64-musl 59ms (cache miss)
819 silly packumentCache full:https://registry.npmjs.org/@oxc-transform%2fbinding-linux-riscv64-musl set size:undefined disposed:false
820 silly fetch manifest @rolldown/binding-wasm32-wasi@1.0.0-rc.1
821 silly packumentCache full:https://registry.npmjs.org/@rolldown%2fbinding-wasm32-wasi cache-miss
822 http fetch GET 200 https://registry.npmjs.org/@rolldown%2fpluginutils 37ms (cache miss)
823 silly packumentCache full:https://registry.npmjs.org/@rolldown%2fpluginutils set size:undefined disposed:false
824 silly fetch manifest @rolldown/binding-darwin-arm64@1.0.0-rc.1
825 silly packumentCache full:https://registry.npmjs.org/@rolldown%2fbinding-darwin-arm64 cache-miss
826 http fetch GET 200 https://registry.npmjs.org/@oxc-transform%2fbinding-win32-ia32-msvc 183ms (cache miss)
827 silly packumentCache full:https://registry.npmjs.org/@oxc-transform%2fbinding-win32-ia32-msvc set size:undefined disposed:false
828 silly fetch manifest @rolldown/binding-android-arm64@1.0.0-rc.1
829 silly packumentCache full:https://registry.npmjs.org/@rolldown%2fbinding-android-arm64 cache-miss
830 http fetch GET 200 https://registry.npmjs.org/@rolldown%2fbinding-freebsd-x64 49ms (cache miss)
831 silly packumentCache full:https://registry.npmjs.org/@rolldown%2fbinding-freebsd-x64 set size:undefined disposed:false
832 silly fetch manifest @rolldown/binding-linux-x64-gnu@1.0.0-rc.1
833 silly packumentCache full:https://registry.npmjs.org/@rolldown%2fbinding-linux-x64-gnu cache-miss
834 http fetch GET 200 https://registry.npmjs.org/@oxc-transform%2fbinding-darwin-arm64 264ms (cache miss)
835 silly packumentCache full:https://registry.npmjs.org/@oxc-transform%2fbinding-darwin-arm64 set size:undefined disposed:false
836 silly fetch manifest @rolldown/binding-linux-x64-musl@1.0.0-rc.1
837 silly packumentCache full:https://registry.npmjs.org/@rolldown%2fbinding-linux-x64-musl cache-miss
838 http fetch GET 200 https://registry.npmjs.org/@rolldown%2fbinding-darwin-arm64 54ms (cache miss)
839 silly packumentCache full:https://registry.npmjs.org/@rolldown%2fbinding-darwin-arm64 set size:undefined disposed:false
840 silly fetch manifest @rolldown/binding-win32-x64-msvc@1.0.0-rc.1
841 silly packumentCache full:https://registry.npmjs.org/@rolldown%2fbinding-win32-x64-msvc cache-miss
842 http fetch GET 200 https://registry.npmjs.org/@oxc-project%2ftypes 128ms (cache miss)
843 silly packumentCache full:https://registry.npmjs.org/@oxc-project%2ftypes set size:undefined disposed:false
844 silly fetch manifest @rolldown/binding-linux-arm64-gnu@1.0.0-rc.1
845 silly packumentCache full:https://registry.npmjs.org/@rolldown%2fbinding-linux-arm64-gnu cache-miss
846 http fetch GET 200 https://registry.npmjs.org/@rolldown%2fbinding-android-arm64 37ms (cache miss)
847 silly packumentCache full:https://registry.npmjs.org/@rolldown%2fbinding-android-arm64 set size:undefined disposed:false
848 silly fetch manifest @rolldown/binding-linux-arm64-musl@1.0.0-rc.1
849 silly packumentCache full:https://registry.npmjs.org/@rolldown%2fbinding-linux-arm64-musl cache-miss
850 http fetch GET 200 https://registry.npmjs.org/@oxc-transform%2fbinding-linux-riscv64-gnu 149ms (cache miss)
851 silly packumentCache full:https://registry.npmjs.org/@oxc-transform%2fbinding-linux-riscv64-gnu set size:undefined disposed:false
852 silly fetch manifest @rolldown/binding-win32-arm64-msvc@1.0.0-rc.1
853 silly packumentCache full:https://registry.npmjs.org/@rolldown%2fbinding-win32-arm64-msvc cache-miss
854 http fetch GET 200 https://registry.npmjs.org/@rolldown%2fbinding-wasm32-wasi 88ms (cache miss)
855 silly packumentCache full:https://registry.npmjs.org/@rolldown%2fbinding-wasm32-wasi set size:undefined disposed:false
856 silly fetch manifest @rolldown/binding-openharmony-arm64@1.0.0-rc.1
857 silly packumentCache full:https://registry.npmjs.org/@rolldown%2fbinding-openharmony-arm64 cache-miss
858 http fetch GET 200 https://registry.npmjs.org/@oxc-transform%2fbinding-linux-arm-gnueabihf 152ms (cache miss)
859 silly packumentCache full:https://registry.npmjs.org/@oxc-transform%2fbinding-linux-arm-gnueabihf set size:undefined disposed:false
860 silly fetch manifest @rolldown/binding-linux-arm-gnueabihf@1.0.0-rc.1
861 silly packumentCache full:https://registry.npmjs.org/@rolldown%2fbinding-linux-arm-gnueabihf cache-miss
862 http fetch GET 200 https://registry.npmjs.org/@rolldown%2fbinding-linux-x64-musl 66ms (cache miss)
863 silly packumentCache full:https://registry.npmjs.org/@rolldown%2fbinding-linux-x64-musl set size:undefined disposed:false
864 silly fetch manifest cookie-es@^2.0.0
865 silly packumentCache full:https://registry.npmjs.org/cookie-es cache-miss
866 http fetch GET 200 https://registry.npmjs.org/@rolldown%2fbinding-darwin-x64 147ms (cache miss)
867 silly packumentCache full:https://registry.npmjs.org/@rolldown%2fbinding-darwin-x64 set size:undefined disposed:false
868 silly fetch manifest get-tsconfig@^4.7.5
869 silly packumentCache full:https://registry.npmjs.org/get-tsconfig cache-miss
870 http fetch GET 200 https://registry.npmjs.org/@rolldown%2fbinding-linux-arm64-musl 61ms (cache miss)
871 silly packumentCache full:https://registry.npmjs.org/@rolldown%2fbinding-linux-arm64-musl set size:undefined disposed:false
872 silly fetch manifest fsevents@~2.3.3
873 silly packumentCache full:https://registry.npmjs.org/fsevents cache-miss
874 http fetch GET 200 https://registry.npmjs.org/@rolldown%2fbinding-linux-arm64-gnu 68ms (cache miss)
875 silly packumentCache full:https://registry.npmjs.org/@rolldown%2fbinding-linux-arm64-gnu set size:undefined disposed:false
876 http fetch GET 200 https://registry.npmjs.org/@rolldown%2fbinding-win32-x64-msvc 83ms (cache miss)
877 silly packumentCache full:https://registry.npmjs.org/@rolldown%2fbinding-win32-x64-msvc set size:undefined disposed:false
878 http fetch GET 200 https://registry.npmjs.org/@oxc-transform%2fbinding-android-arm-eabi 273ms (cache miss)
879 silly packumentCache full:https://registry.npmjs.org/@oxc-transform%2fbinding-android-arm-eabi set size:undefined disposed:false
880 http fetch GET 200 https://registry.npmjs.org/@rolldown%2fbinding-linux-arm-gnueabihf 60ms (cache miss)
881 silly packumentCache full:https://registry.npmjs.org/@rolldown%2fbinding-linux-arm-gnueabihf set size:undefined disposed:false
882 http fetch GET 200 https://registry.npmjs.org/@oxc-transform%2fbinding-linux-arm64-musl 270ms (cache miss)
883 silly packumentCache full:https://registry.npmjs.org/@oxc-transform%2fbinding-linux-arm64-musl set size:undefined disposed:false
884 http fetch GET 200 https://registry.npmjs.org/@rolldown%2fbinding-win32-arm64-msvc 78ms (cache miss)
885 silly packumentCache full:https://registry.npmjs.org/@rolldown%2fbinding-win32-arm64-msvc set size:undefined disposed:false
886 http fetch GET 200 https://registry.npmjs.org/@oxc-transform%2fbinding-openharmony-arm64 234ms (cache miss)
887 silly packumentCache full:https://registry.npmjs.org/@oxc-transform%2fbinding-openharmony-arm64 set size:undefined disposed:false
888 http fetch GET 200 https://registry.npmjs.org/@rolldown%2fbinding-linux-x64-gnu 149ms (cache miss)
889 silly packumentCache full:https://registry.npmjs.org/@rolldown%2fbinding-linux-x64-gnu set size:undefined disposed:false
890 http fetch GET 200 https://registry.npmjs.org/@rolldown%2fbinding-openharmony-arm64 126ms (cache miss)
891 silly packumentCache full:https://registry.npmjs.org/@rolldown%2fbinding-openharmony-arm64 set size:undefined disposed:false
892 http fetch GET 200 https://registry.npmjs.org/fsevents 96ms (cache revalidated)
893 silly packumentCache full:https://registry.npmjs.org/fsevents set size:182472 disposed:false
894 http fetch GET 200 https://registry.npmjs.org/cookie-es 116ms (cache miss)
895 silly packumentCache full:https://registry.npmjs.org/cookie-es set size:undefined disposed:false
896 http fetch GET 200 https://registry.npmjs.org/@oxc-transform%2fbinding-linux-arm-musleabihf 303ms (cache miss)
897 silly packumentCache full:https://registry.npmjs.org/@oxc-transform%2fbinding-linux-arm-musleabihf set size:undefined disposed:false
898 http fetch GET 200 https://registry.npmjs.org/get-tsconfig 118ms (cache revalidated)
899 silly packumentCache full:https://registry.npmjs.org/get-tsconfig set size:128095 disposed:false
900 http fetch GET 200 https://registry.npmjs.org/@oxc-transform%2fbinding-win32-arm64-msvc 425ms (cache miss)
901 silly packumentCache full:https://registry.npmjs.org/@oxc-transform%2fbinding-win32-arm64-msvc set size:undefined disposed:false
902 http fetch GET 200 https://registry.npmjs.org/@oxc-transform%2fbinding-linux-arm64-gnu 541ms (cache miss)
903 silly packumentCache full:https://registry.npmjs.org/@oxc-transform%2fbinding-linux-arm64-gnu set size:undefined disposed:false
904 silly placeDep node_modules/vercel async-retry@1.3.3 OK for: @vercel/blob@2.3.0 want: ^1.3.3
905 silly placeDep node_modules/vercel is-buffer@2.0.5 OK for: @vercel/blob@2.3.0 want: ^2.0.5
906 silly placeDep node_modules/vercel is-node-process@1.2.0 OK for: @vercel/blob@2.3.0 want: ^1.2.0
907 silly placeDep node_modules/vercel throttleit@2.1.0 OK for: @vercel/blob@2.3.0 want: ^2.1.0
908 silly placeDep node_modules/vercel undici@6.25.0 OK for: @vercel/blob@2.3.0 want: ^6.23.0
909 silly fetch manifest retry@0.13.1
910 silly packumentCache full:https://registry.npmjs.org/retry cache-miss
911 http fetch GET 200 https://registry.npmjs.org/retry 22ms (cache miss)
912 silly packumentCache full:https://registry.npmjs.org/retry set size:undefined disposed:false
913 silly placeDep node_modules/vercel @vercel/python-analysis@0.11.1 OK for: @vercel/build-utils@13.22.1 want: 0.11.1
914 silly placeDep node_modules/vercel cjs-module-lexer@1.2.3 OK for: @vercel/build-utils@13.22.1 want: 1.2.3
915 silly placeDep node_modules/vercel es-module-lexer@1.5.0 OK for: @vercel/build-utils@13.22.1 want: 1.5.0
916 silly fetch manifest @bytecodealliance/preview2-shim@0.17.6
917 silly packumentCache full:https://registry.npmjs.org/@bytecodealliance%2fpreview2-shim cache-miss
918 silly fetch manifest @renovatebot/pep440@4.2.1
919 silly packumentCache full:https://registry.npmjs.org/@renovatebot%2fpep440 cache-miss
920 silly fetch manifest fs-extra@11.1.1
921 silly packumentCache full:https://registry.npmjs.org/fs-extra cache-miss
922 silly fetch manifest js-yaml@4.1.1
923 silly packumentCache full:https://registry.npmjs.org/js-yaml cache-hit
924 silly fetch manifest minimatch@10.1.1
925 silly packumentCache full:https://registry.npmjs.org/minimatch cache-miss
926 http cache https://registry.npmjs.org/fs-extra 2ms (cache hit)
927 silly packumentCache full:https://registry.npmjs.org/fs-extra set size:234923 disposed:false
928 http fetch GET 200 https://registry.npmjs.org/minimatch 75ms (cache revalidated)
929 silly packumentCache full:https://registry.npmjs.org/minimatch set size:375282 disposed:false
930 http fetch GET 200 https://registry.npmjs.org/@bytecodealliance%2fpreview2-shim 153ms (cache miss)
931 silly packumentCache full:https://registry.npmjs.org/@bytecodealliance%2fpreview2-shim set size:undefined disposed:false
932 http fetch GET 200 https://registry.npmjs.org/@renovatebot%2fpep440 179ms (cache miss)
933 silly packumentCache full:https://registry.npmjs.org/@renovatebot%2fpep440 set size:undefined disposed:false
934 silly placeDep node_modules/vercel xdg-app-paths@5.5.1 OK for: @vercel/cli-config@0.1.1 want: 5
935 silly fetch manifest os-paths@^4.0.1
936 silly packumentCache full:https://registry.npmjs.org/os-paths cache-miss
937 silly fetch manifest xdg-portable@^7.2.0
938 silly packumentCache full:https://registry.npmjs.org/xdg-portable cache-miss
939 http fetch GET 200 https://registry.npmjs.org/xdg-portable 28ms (cache miss)
940 silly packumentCache full:https://registry.npmjs.org/xdg-portable set size:undefined disposed:false
941 http fetch GET 200 https://registry.npmjs.org/os-paths 118ms (cache miss)
942 silly packumentCache full:https://registry.npmjs.org/os-paths set size:undefined disposed:false
943 silly placeDep node_modules/vercel @vercel/static-config@3.3.0 OK for: @vercel/elysia@0.1.75 want: 3.3.0
944 silly fetch manifest ajv@8.6.3
945 silly packumentCache full:https://registry.npmjs.org/ajv cache-miss
946 silly fetch manifest json-schema-to-ts@1.6.4
947 silly packumentCache full:https://registry.npmjs.org/json-schema-to-ts cache-miss
948 http fetch GET 200 https://registry.npmjs.org/json-schema-to-ts 35ms (cache miss)
949 silly packumentCache full:https://registry.npmjs.org/json-schema-to-ts set size:undefined disposed:false
950 http fetch GET 200 https://registry.npmjs.org/ajv 121ms (cache revalidated)
951 silly packumentCache full:https://registry.npmjs.org/ajv set size:1142658 disposed:false
952 silly placeDep node_modules/vercel @vercel/cervel@0.1.2 OK for: @vercel/express@0.1.85 want: 0.1.2
953 silly placeDep node_modules/vercel ts-morph@12.0.0 OK for: @vercel/express@0.1.85 want: 12.0.0
954 silly placeDep node_modules/vercel/node_modules/@vercel/express zod@3.22.4 OK for: @vercel/express@0.1.85 want: 3.22.4
955 silly fetch manifest @ts-morph/common@~0.11.0
956 silly packumentCache full:https://registry.npmjs.org/@ts-morph%2fcommon cache-miss
957 silly fetch manifest code-block-writer@^10.1.1
958 silly packumentCache full:https://registry.npmjs.org/code-block-writer cache-miss
959 http fetch GET 200 https://registry.npmjs.org/@ts-morph%2fcommon 60ms (cache miss)
960 silly packumentCache full:https://registry.npmjs.org/@ts-morph%2fcommon set size:undefined disposed:false
961 http fetch GET 200 https://registry.npmjs.org/code-block-writer 107ms (cache miss)
962 silly packumentCache full:https://registry.npmjs.org/code-block-writer set size:undefined disposed:false
963 silly fetch manifest encoding@^0.1.0
964 silly packumentCache full:https://registry.npmjs.org/encoding cache-miss
965 http fetch GET 200 https://registry.npmjs.org/encoding 24ms (cache miss)
966 silly packumentCache full:https://registry.npmjs.org/encoding set size:undefined disposed:false
967 silly placeDep node_modules/vercel @tootallnate/once@2.0.0 OK for: @vercel/fun@1.3.0 want: 2.0.0
968 silly placeDep node_modules/vercel async-listen@1.2.0 OK for: @vercel/fun@1.3.0 want: 1.2.0
969 silly placeDep node_modules/vercel debug@4.3.4 OK for: @vercel/fun@1.3.0 want: 4.3.4
970 silly placeDep node_modules/vercel generic-pool@3.4.2 OK for: @vercel/fun@1.3.0 want: 3.4.2
971 silly placeDep node_modules/vercel micro@9.3.5-canary.3 OK for: @vercel/fun@1.3.0 want: 9.3.5-canary.3
972 silly placeDep node_modules/vercel ms@2.1.1 OK for: @vercel/fun@1.3.0 want: 2.1.1
973 silly placeDep node_modules/vercel node-fetch@2.6.7 OK for: @vercel/fun@1.3.0 want: 2.6.7
974 silly placeDep node_modules/vercel/node_modules/@vercel/fun path-to-regexp@8.2.0 OK for: @vercel/fun@1.3.0 want: 8.2.0
975 silly placeDep node_modules/vercel promisepipe@3.0.0 OK for: @vercel/fun@1.3.0 want: 3.0.0
976 silly placeDep node_modules/vercel semver@7.5.4 OK for: @vercel/fun@1.3.0 want: 7.5.4
977 silly placeDep node_modules/vercel stat-mode@0.3.0 OK for: @vercel/fun@1.3.0 want: 0.3.0
978 silly placeDep node_modules/vercel stream-to-promise@2.2.0 OK for: @vercel/fun@1.3.0 want: 2.2.0
979 silly placeDep node_modules/vercel tar@7.5.7 OK for: @vercel/fun@1.3.0 want: 7.5.7
980 silly placeDep node_modules/vercel tinyexec@0.3.2 OK for: @vercel/fun@1.3.0 want: 0.3.2
981 silly placeDep node_modules/vercel tree-kill@1.2.2 OK for: @vercel/fun@1.3.0 want: 1.2.2
982 silly placeDep node_modules/vercel uid-promise@1.0.0 OK for: @vercel/fun@1.3.0 want: 1.0.0
983 silly placeDep node_modules/vercel/node_modules/@vercel/fun xdg-app-paths@5.1.0 OK for: @vercel/fun@1.3.0 want: 5.1.0
984 silly placeDep node_modules/vercel yauzl-promise@2.1.3 OK for: @vercel/fun@1.3.0 want: 2.1.3
985 silly fetch manifest ms@2.1.2
986 silly packumentCache full:https://registry.npmjs.org/ms cache-hit
987 silly fetch manifest arg@4.1.0
988 silly packumentCache full:https://registry.npmjs.org/arg cache-miss
989 silly fetch manifest raw-body@2.4.1
990 silly packumentCache full:https://registry.npmjs.org/raw-body cache-miss
991 silly fetch manifest content-type@1.0.4
992 silly packumentCache full:https://registry.npmjs.org/content-type cache-miss
993 silly fetch manifest whatwg-url@^5.0.0
994 silly packumentCache full:https://registry.npmjs.org/whatwg-url cache-miss
995 silly fetch manifest lru-cache@^6.0.0
996 silly packumentCache full:https://registry.npmjs.org/lru-cache cache-hit
997 silly fetch manifest any-promise@~1.3.0
998 silly packumentCache full:https://registry.npmjs.org/any-promise cache-miss
999 silly fetch manifest end-of-stream@~1.1.0
1000 silly packumentCache full:https://registry.npmjs.org/end-of-stream cache-miss
1001 silly fetch manifest stream-to-array@~2.3.0
1002 silly packumentCache full:https://registry.npmjs.org/stream-to-array cache-miss
1003 silly fetch manifest chownr@^3.0.0
1004 silly packumentCache full:https://registry.npmjs.org/chownr cache-miss
1005 silly fetch manifest yallist@^5.0.0
1006 silly packumentCache full:https://registry.npmjs.org/yallist cache-miss
1007 silly fetch manifest minipass@^7.1.2
1008 silly packumentCache full:https://registry.npmjs.org/minipass cache-miss
1009 silly fetch manifest minizlib@^3.1.0
1010 silly packumentCache full:https://registry.npmjs.org/minizlib cache-miss
1011 silly fetch manifest @isaacs/fs-minipass@^4.0.0
1012 silly packumentCache full:https://registry.npmjs.org/@isaacs%2ffs-minipass cache-miss
1013 silly fetch manifest xdg-portable@^7.0.0
1014 silly packumentCache full:https://registry.npmjs.org/xdg-portable cache-miss
1015 silly fetch manifest yauzl@^2.9.1
1016 silly packumentCache full:https://registry.npmjs.org/yauzl cache-miss
1017 silly fetch manifest yauzl-clone@^1.0.4
1018 silly packumentCache full:https://registry.npmjs.org/yauzl-clone cache-miss
1019 http cache https://registry.npmjs.org/xdg-portable 5ms (cache hit)
1020 silly packumentCache full:https://registry.npmjs.org/xdg-portable set size:329210 disposed:false
1021 http fetch GET 200 https://registry.npmjs.org/content-type 28ms (cache miss)
1022 silly packumentCache full:https://registry.npmjs.org/content-type set size:undefined disposed:false
1023 http fetch GET 200 https://registry.npmjs.org/end-of-stream 29ms (cache miss)
1024 silly packumentCache full:https://registry.npmjs.org/end-of-stream set size:undefined disposed:false
1025 http fetch GET 200 https://registry.npmjs.org/chownr 32ms (cache miss)
1026 silly packumentCache full:https://registry.npmjs.org/chownr set size:undefined disposed:false
1027 http fetch GET 200 https://registry.npmjs.org/yauzl-clone 30ms (cache miss)
1028 silly packumentCache full:https://registry.npmjs.org/yauzl-clone set size:undefined disposed:false
1029 http fetch GET 200 https://registry.npmjs.org/yallist 33ms (cache miss)
1030 silly packumentCache full:https://registry.npmjs.org/yallist set size:undefined disposed:false
1031 http fetch GET 200 https://registry.npmjs.org/minizlib 33ms (cache miss)
1032 silly packumentCache full:https://registry.npmjs.org/minizlib set size:undefined disposed:false
1033 http fetch GET 200 https://registry.npmjs.org/raw-body 34ms (cache miss)
1034 silly packumentCache full:https://registry.npmjs.org/raw-body set size:undefined disposed:false
1035 http fetch GET 200 https://registry.npmjs.org/yauzl 32ms (cache miss)
1036 silly packumentCache full:https://registry.npmjs.org/yauzl set size:undefined disposed:false
1037 http fetch GET 200 https://registry.npmjs.org/whatwg-url 35ms (cache miss)
1038 silly packumentCache full:https://registry.npmjs.org/whatwg-url set size:undefined disposed:false
1039 http fetch GET 200 https://registry.npmjs.org/@isaacs%2ffs-minipass 37ms (cache miss)
1040 silly packumentCache full:https://registry.npmjs.org/@isaacs%2ffs-minipass set size:undefined disposed:false
1041 http fetch GET 200 https://registry.npmjs.org/stream-to-array 117ms (cache miss)
1042 silly packumentCache full:https://registry.npmjs.org/stream-to-array set size:undefined disposed:false
1043 http fetch GET 200 https://registry.npmjs.org/minipass 197ms (cache revalidated)
1044 silly packumentCache full:https://registry.npmjs.org/minipass set size:276925 disposed:false
1045 http fetch GET 200 https://registry.npmjs.org/any-promise 221ms (cache revalidated)
1046 silly packumentCache full:https://registry.npmjs.org/any-promise set size:20233 disposed:false
1047 http fetch GET 200 https://registry.npmjs.org/arg 246ms (cache revalidated)
1048 silly packumentCache full:https://registry.npmjs.org/arg set size:67036 disposed:false
1049 silly placeDep node_modules/vercel/node_modules/@vercel/hono zod@3.22.4 OK for: @vercel/hono@0.2.78 want: 3.22.4
1050 silly fetch manifest rollup@^1.20.0||^2.0.0||^3.0.0||^4.0.0
1051 silly packumentCache full:https://registry.npmjs.org/rollup cache-miss
1052 http fetch GET 200 https://registry.npmjs.org/rollup 96ms (cache miss)
1053 silly packumentCache full:https://registry.npmjs.org/rollup set size:undefined disposed:false
1054 silly placeDep node_modules/vercel @mapbox/node-pre-gyp@2.0.3 OK for: @vercel/nft@1.5.0 want: ^2.0.0
1055 silly placeDep node_modules/vercel @rollup/pluginutils@5.3.0 OK for: @vercel/nft@1.5.0 want: ^5.1.3
1056 silly placeDep node_modules/vercel acorn@8.16.0 OK for: @vercel/nft@1.5.0 want: ^8.6.0
1057 silly placeDep node_modules/vercel acorn-import-attributes@1.9.5 OK for: @vercel/nft@1.5.0 want: ^1.9.5
1058 silly placeDep node_modules/vercel async-sema@3.1.1 OK for: @vercel/nft@1.5.0 want: ^3.1.1
1059 silly placeDep node_modules/vercel bindings@1.5.0 OK for: @vercel/nft@1.5.0 want: ^1.4.0
1060 silly placeDep node_modules/vercel estree-walker@2.0.2 OK for: @vercel/nft@1.5.0 want: 2.0.2
1061 silly placeDep node_modules/vercel glob@13.0.6 OK for: @vercel/nft@1.5.0 want: ^13.0.0
1062 silly placeDep node_modules/vercel graceful-fs@4.2.11 OK for: @vercel/nft@1.5.0 want: ^4.2.9
1063 silly placeDep node_modules/vercel node-gyp-build@4.8.4 OK for: @vercel/nft@1.5.0 want: ^4.2.2
1064 silly placeDep node_modules/vercel picomatch@4.0.4 OK for: @vercel/nft@1.5.0 want: ^4.0.2
1065 silly placeDep node_modules/vercel resolve-from@5.0.0 OK for: @vercel/nft@1.5.0 want: ^5.0.0
1066 silly fetch manifest nopt@^8.0.0
1067 silly packumentCache full:https://registry.npmjs.org/nopt cache-miss
1068 silly fetch manifest consola@^3.2.3
1069 silly packumentCache full:https://registry.npmjs.org/consola cache-miss
1070 silly fetch manifest detect-libc@^2.0.0
1071 silly packumentCache full:https://registry.npmjs.org/detect-libc cache-miss
1072 silly fetch manifest https-proxy-agent@^7.0.5
1073 silly packumentCache full:https://registry.npmjs.org/https-proxy-agent cache-miss
1074 silly fetch manifest @types/estree@^1.0.0
1075 silly packumentCache full:https://registry.npmjs.org/@types%2festree cache-miss
1076 silly fetch manifest estree-walker@^2.0.2
1077 silly packumentCache full:https://registry.npmjs.org/estree-walker cache-hit
1078 silly fetch manifest file-uri-to-path@1.0.0
1079 silly packumentCache full:https://registry.npmjs.org/file-uri-to-path cache-miss
1080 silly fetch manifest minimatch@^10.2.2
1081 silly packumentCache full:https://registry.npmjs.org/minimatch cache-hit
1082 silly fetch manifest minipass@^7.1.3
1083 silly packumentCache full:https://registry.npmjs.org/minipass cache-hit
1084 silly fetch manifest path-scurry@^2.0.2
1085 silly packumentCache full:https://registry.npmjs.org/path-scurry cache-miss
1086 http cache https://registry.npmjs.org/https-proxy-agent 2ms (cache hit)
1087 silly packumentCache full:https://registry.npmjs.org/https-proxy-agent set size:81258 disposed:false
1088 http fetch GET 200 https://registry.npmjs.org/detect-libc 25ms (cache miss)
1089 silly packumentCache full:https://registry.npmjs.org/detect-libc set size:undefined disposed:false
1090 http fetch GET 200 https://registry.npmjs.org/nopt 26ms (cache miss)
1091 silly packumentCache full:https://registry.npmjs.org/nopt set size:undefined disposed:false
1092 http fetch GET 200 https://registry.npmjs.org/file-uri-to-path 26ms (cache miss)
1093 silly packumentCache full:https://registry.npmjs.org/file-uri-to-path set size:undefined disposed:false
1094 http fetch GET 200 https://registry.npmjs.org/path-scurry 39ms (cache revalidated)
1095 silly packumentCache full:https://registry.npmjs.org/path-scurry set size:117612 disposed:false
1096 http fetch GET 200 https://registry.npmjs.org/@types%2festree 125ms (cache revalidated)
1097 silly packumentCache full:https://registry.npmjs.org/@types%2festree set size:76072 disposed:false
1098 http fetch GET 200 https://registry.npmjs.org/consola 139ms (cache miss)
1099 silly packumentCache full:https://registry.npmjs.org/consola set size:undefined disposed:false
1100 silly placeDep node_modules/vercel consola@3.4.2 OK for: @mapbox/node-pre-gyp@2.0.3 want: ^3.2.3
1101 silly placeDep node_modules/vercel detect-libc@2.1.2 OK for: @mapbox/node-pre-gyp@2.0.3 want: ^2.0.0
1102 silly placeDep node_modules/vercel https-proxy-agent@7.0.6 OK for: @mapbox/node-pre-gyp@2.0.3 want: ^7.0.5
1103 silly placeDep node_modules/vercel nopt@8.1.0 OK for: @mapbox/node-pre-gyp@2.0.3 want: ^8.0.0
1104 silly fetch manifest agent-base@^7.1.2
1105 silly packumentCache full:https://registry.npmjs.org/agent-base cache-miss
1106 silly fetch manifest abbrev@^3.0.0
1107 silly packumentCache full:https://registry.npmjs.org/abbrev cache-miss
1108 http cache https://registry.npmjs.org/agent-base 1ms (cache hit)
1109 silly packumentCache full:https://registry.npmjs.org/agent-base set size:72085 disposed:false
1110 http fetch GET 200 https://registry.npmjs.org/abbrev 119ms (cache miss)
1111 silly packumentCache full:https://registry.npmjs.org/abbrev set size:undefined disposed:false
1112 silly placeDep node_modules/vercel @types/estree@1.0.9 OK for: @rollup/pluginutils@5.3.0 want: ^1.0.0
1113 silly placeDep node_modules/vercel @edge-runtime/node-utils@2.3.0 OK for: @vercel/node@5.7.17 want: 2.3.0
1114 silly placeDep node_modules/vercel @edge-runtime/primitives@4.1.0 OK for: @vercel/node@5.7.17 want: 4.1.0
1115 silly placeDep node_modules/vercel @edge-runtime/vm@3.2.0 OK for: @vercel/node@5.7.17 want: 3.2.0
1116 silly placeDep node_modules/vercel @types/node@20.11.0 OK for: @vercel/node@5.7.17 want: 20.11.0
1117 silly placeDep node_modules/vercel @vercel/error-utils@2.1.0 OK for: @vercel/node@5.7.17 want: 2.1.0
1118 silly placeDep node_modules/vercel/node_modules/@vercel/node async-listen@3.0.0 OK for: @vercel/node@5.7.17 want: 3.0.0
1119 silly placeDep node_modules/vercel edge-runtime@2.5.9 OK for: @vercel/node@5.7.17 want: 2.5.9
1120 silly placeDep node_modules/vercel/node_modules/@vercel/node es-module-lexer@1.4.1 OK for: @vercel/node@5.7.17 want: 1.4.1
1121 silly placeDep node_modules/vercel etag@1.8.1 OK for: @vercel/node@5.7.17 want: 1.8.1
1122 silly placeDep node_modules/vercel mime-types@2.1.35 OK for: @vercel/node@5.7.17 want: 2.1.35
1123 silly placeDep node_modules/vercel/node_modules/@vercel/node node-fetch@2.6.9 OK for: @vercel/node@5.7.17 want: 2.6.9
1124 silly placeDep node_modules/vercel/node_modules/@vercel/node path-to-regexp@6.1.0 OK for: @vercel/node@5.7.17 want: 6.1.0
1125 silly placeDep node_modules/vercel path-to-regexp-updated@6.3.0 OK for: @vercel/node@5.7.17 want: npm:path-to-regexp@6.3.0
1126 silly placeDep node_modules/vercel typescript@5.9.3 OK for: @vercel/node@5.7.17 want: npm:typescript@5.9.3
1127 silly placeDep node_modules/vercel/node_modules/@vercel/node undici@5.28.4 OK for: @vercel/node@5.7.17 want: 5.28.4
1128 silly fetch manifest undici-types@~5.26.4
1129 silly packumentCache full:https://registry.npmjs.org/undici-types cache-miss
1130 silly fetch manifest mri@1.2.0
1131 silly packumentCache full:https://registry.npmjs.org/mri cache-miss
1132 silly fetch manifest pretty-ms@7.0.1
1133 silly packumentCache full:https://registry.npmjs.org/pretty-ms cache-miss
1134 silly fetch manifest time-span@4.0.0
1135 silly packumentCache full:https://registry.npmjs.org/time-span cache-miss
1136 silly fetch manifest picocolors@1.0.0
1137 silly packumentCache full:https://registry.npmjs.org/picocolors cache-miss
1138 silly fetch manifest signal-exit@4.0.2
1139 silly packumentCache full:https://registry.npmjs.org/signal-exit cache-hit
1140 silly fetch manifest async-listen@3.0.1
1141 silly packumentCache full:https://registry.npmjs.org/async-listen cache-hit
1142 silly fetch manifest @edge-runtime/format@2.2.1
1143 silly packumentCache full:https://registry.npmjs.org/@edge-runtime%2fformat cache-miss
1144 silly fetch manifest @edge-runtime/ponyfill@2.4.2
1145 silly packumentCache full:https://registry.npmjs.org/@edge-runtime%2fponyfill cache-miss
1146 silly fetch manifest mime-db@1.52.0
1147 silly packumentCache full:https://registry.npmjs.org/mime-db cache-miss
1148 silly fetch manifest @fastify/busboy@^2.0.0
1149 silly packumentCache full:https://registry.npmjs.org/@fastify%2fbusboy cache-miss
1150 http fetch GET 200 https://registry.npmjs.org/pretty-ms 28ms (cache miss)
1151 silly packumentCache full:https://registry.npmjs.org/pretty-ms set size:undefined disposed:false
1152 http fetch GET 200 https://registry.npmjs.org/mime-db 27ms (cache miss)
1153 silly packumentCache full:https://registry.npmjs.org/mime-db set size:undefined disposed:false
1154 http fetch GET 200 https://registry.npmjs.org/@fastify%2fbusboy 60ms (cache miss)
1155 silly packumentCache full:https://registry.npmjs.org/@fastify%2fbusboy set size:undefined disposed:false
1156 http fetch GET 200 https://registry.npmjs.org/@edge-runtime%2fponyfill 63ms (cache miss)
1157 silly packumentCache full:https://registry.npmjs.org/@edge-runtime%2fponyfill set size:undefined disposed:false
1158 http fetch GET 200 https://registry.npmjs.org/@edge-runtime%2fformat 66ms (cache miss)
1159 silly packumentCache full:https://registry.npmjs.org/@edge-runtime%2fformat set size:undefined disposed:false
1160 http fetch GET 200 https://registry.npmjs.org/mri 111ms (cache miss)
1161 silly packumentCache full:https://registry.npmjs.org/mri set size:undefined disposed:false
1162 http fetch GET 200 https://registry.npmjs.org/picocolors 129ms (cache revalidated)
1163 silly packumentCache full:https://registry.npmjs.org/picocolors set size:16648 disposed:false
1164 http fetch GET 200 https://registry.npmjs.org/time-span 129ms (cache miss)
1165 silly packumentCache full:https://registry.npmjs.org/time-span set size:undefined disposed:false
1166 http fetch GET 200 https://registry.npmjs.org/undici-types 138ms (cache revalidated)
1167 silly packumentCache full:https://registry.npmjs.org/undici-types set size:212662 disposed:false
1168 silly placeDep node_modules/vercel undici-types@5.26.5 OK for: @types/node@20.11.0 want: ~5.26.4
1169 silly placeDep node_modules/vercel @bytecodealliance/preview2-shim@0.17.6 OK for: @vercel/python-analysis@0.11.1 want: 0.17.6
1170 silly placeDep node_modules/vercel @renovatebot/pep440@4.2.1 OK for: @vercel/python-analysis@0.11.1 want: 4.2.1
1171 silly placeDep node_modules/vercel/node_modules/@vercel/python-analysis fs-extra@11.1.1 OK for: @vercel/python-analysis@0.11.1 want: 11.1.1
1172 silly placeDep node_modules/vercel/node_modules/@vercel/python-analysis js-yaml@4.1.1 OK for: @vercel/python-analysis@0.11.1 want: 4.1.1
1173 silly placeDep node_modules/vercel minimatch@10.1.1 OK for: @vercel/python-analysis@0.11.1 want: 10.1.1
1174 silly placeDep node_modules/vercel/node_modules/@vercel/python-analysis zod@3.22.4 OK for: @vercel/python-analysis@0.11.1 want: 3.22.4
1175 silly fetch manifest argparse@^2.0.1
1176 silly packumentCache full:https://registry.npmjs.org/argparse cache-hit
1177 silly fetch manifest @isaacs/brace-expansion@^5.0.0
1178 silly packumentCache full:https://registry.npmjs.org/@isaacs%2fbrace-expansion cache-miss
1179 http fetch GET 200 https://registry.npmjs.org/@isaacs%2fbrace-expansion 37ms (cache miss)
1180 silly packumentCache full:https://registry.npmjs.org/@isaacs%2fbrace-expansion set size:undefined disposed:false
1181 silly placeDep node_modules/vercel/node_modules/@vercel/redwood semver@6.3.1 OK for: @vercel/redwood@2.4.13 want: 6.3.1
1182 silly placeDep node_modules/vercel/node_modules/@vercel/remix-builder path-to-regexp@6.1.0 OK for: @vercel/remix-builder@5.8.1 want: 6.1.0
1183 silly placeDep node_modules/vercel/node_modules/@vercel/rust execa@5.1.1 OK for: @vercel/rust@1.2.0 want: 5
1184 silly fetch manifest onetime@^5.1.2
1185 silly packumentCache full:https://registry.npmjs.org/onetime cache-miss
1186 silly fetch manifest get-stream@^6.0.0
1187 silly packumentCache full:https://registry.npmjs.org/get-stream cache-miss
1188 silly fetch manifest cross-spawn@^7.0.3
1189 silly packumentCache full:https://registry.npmjs.org/cross-spawn cache-hit
1190 silly fetch manifest signal-exit@^3.0.3
1191 silly packumentCache full:https://registry.npmjs.org/signal-exit cache-hit
1192 silly fetch manifest npm-run-path@^4.0.1
1193 silly packumentCache full:https://registry.npmjs.org/npm-run-path cache-miss
1194 silly fetch manifest human-signals@^2.1.0
1195 silly packumentCache full:https://registry.npmjs.org/human-signals cache-miss
1196 http cache https://registry.npmjs.org/onetime 2ms (cache hit)
1197 silly packumentCache full:https://registry.npmjs.org/onetime set size:32314 disposed:false
1198 http cache https://registry.npmjs.org/get-stream 2ms (cache hit)
1199 silly packumentCache full:https://registry.npmjs.org/get-stream set size:57536 disposed:false
1200 http cache https://registry.npmjs.org/npm-run-path 2ms (cache hit)
1201 silly packumentCache full:https://registry.npmjs.org/npm-run-path set size:33596 disposed:false
1202 http cache https://registry.npmjs.org/human-signals 3ms (cache hit)
1203 silly packumentCache full:https://registry.npmjs.org/human-signals set size:47322 disposed:false
1204 silly placeDep node_modules/vercel @vercel/gatsby-plugin-vercel-analytics@1.0.11 OK for: @vercel/static-build@2.9.24 want: 1.0.11
1205 silly placeDep node_modules/vercel @vercel/gatsby-plugin-vercel-builder@2.2.2 OK for: @vercel/static-build@2.9.24 want: 2.2.2
1206 silly fetch manifest web-vitals@0.2.4
1207 silly packumentCache full:https://registry.npmjs.org/web-vitals cache-miss
1208 silly fetch manifest @sinclair/typebox@0.25.24
1209 silly packumentCache full:https://registry.npmjs.org/@sinclair%2ftypebox cache-miss
1210 http fetch GET 200 https://registry.npmjs.org/@sinclair%2ftypebox 59ms (cache miss)
1211 silly packumentCache full:https://registry.npmjs.org/@sinclair%2ftypebox set size:undefined disposed:false
1212 http fetch GET 200 https://registry.npmjs.org/web-vitals 124ms (cache miss)
1213 silly packumentCache full:https://registry.npmjs.org/web-vitals set size:undefined disposed:false
1214 silly placeDep node_modules/vercel web-vitals@0.2.4 OK for: @vercel/gatsby-plugin-vercel-analytics@1.0.11 want: 0.2.4
1215 silly placeDep node_modules/vercel @sinclair/typebox@0.25.24 OK for: @vercel/gatsby-plugin-vercel-builder@2.2.2 want: 0.25.24
1216 silly placeDep node_modules/vercel ajv@8.6.3 OK for: @vercel/static-config@3.3.0 want: 8.6.3
1217 silly placeDep node_modules/vercel json-schema-to-ts@1.6.4 OK for: @vercel/static-config@3.3.0 want: 1.6.4
1218 silly fetch manifest uri-js@^4.2.2
1219 silly packumentCache full:https://registry.npmjs.org/uri-js cache-miss
1220 silly fetch manifest fast-deep-equal@^3.1.1
1221 silly packumentCache full:https://registry.npmjs.org/fast-deep-equal cache-miss
1222 silly fetch manifest require-from-string@^2.0.2
1223 silly packumentCache full:https://registry.npmjs.org/require-from-string cache-miss
1224 silly fetch manifest json-schema-traverse@^1.0.0
1225 silly packumentCache full:https://registry.npmjs.org/json-schema-traverse cache-miss
1226 silly fetch manifest ts-toolbelt@^6.15.5
1227 silly packumentCache full:https://registry.npmjs.org/ts-toolbelt cache-miss
1228 silly fetch manifest @types/json-schema@^7.0.6
1229 silly packumentCache full:https://registry.npmjs.org/@types%2fjson-schema cache-miss
1230 http fetch GET 200 https://registry.npmjs.org/require-from-string 29ms (cache miss)
1231 silly packumentCache full:https://registry.npmjs.org/require-from-string set size:undefined disposed:false
1232 http fetch GET 200 https://registry.npmjs.org/@types%2fjson-schema 39ms (cache miss)
1233 silly packumentCache full:https://registry.npmjs.org/@types%2fjson-schema set size:undefined disposed:false
1234 http fetch GET 200 https://registry.npmjs.org/ts-toolbelt 126ms (cache miss)
1235 silly packumentCache full:https://registry.npmjs.org/ts-toolbelt set size:undefined disposed:false
1236 http fetch GET 200 https://registry.npmjs.org/uri-js 190ms (cache revalidated)
1237 silly packumentCache full:https://registry.npmjs.org/uri-js set size:42559 disposed:false
1238 http fetch GET 200 https://registry.npmjs.org/json-schema-traverse 192ms (cache revalidated)
1239 silly packumentCache full:https://registry.npmjs.org/json-schema-traverse set size:23537 disposed:false
1240 http fetch GET 200 https://registry.npmjs.org/fast-deep-equal 195ms (cache revalidated)
1241 silly packumentCache full:https://registry.npmjs.org/fast-deep-equal set size:48634 disposed:false
1242 silly placeDep node_modules/vercel tslib@2.8.1 OK for: @yarnpkg/parsers@3.0.3 want: ^2.4.0
1243 silly placeDep node_modules/vercel fast-deep-equal@3.1.3 OK for: ajv@8.6.3 want: ^3.1.1
1244 silly placeDep node_modules/vercel json-schema-traverse@1.0.0 OK for: ajv@8.6.3 want: ^1.0.0
1245 silly placeDep node_modules/vercel require-from-string@2.0.2 OK for: ajv@8.6.3 want: ^2.0.2
1246 silly placeDep node_modules/vercel uri-js@4.4.1 OK for: ajv@8.6.3 want: ^4.2.2
1247 silly fetch manifest punycode@^2.1.0
1248 silly packumentCache full:https://registry.npmjs.org/punycode cache-miss
1249 http fetch GET 200 https://registry.npmjs.org/punycode 26ms (cache revalidated)
1250 silly packumentCache full:https://registry.npmjs.org/punycode set size:61278 disposed:false
1251 silly placeDep node_modules/vercel retry@0.13.1 OK for: async-retry@1.3.3 want: 0.13.1
1252 silly placeDep node_modules/vercel file-uri-to-path@1.0.0 OK for: bindings@1.5.0 want: 1.0.0
1253 silly placeDep node_modules/vercel readdirp@4.1.2 OK for: chokidar@4.0.0 want: ^4.0.1
1254 silly placeDep node_modules/vercel/node_modules/debug ms@2.1.2 OK for: debug@4.3.4 want: 2.1.2
1255 silly placeDep node_modules/vercel @edge-runtime/format@2.2.1 OK for: edge-runtime@2.5.9 want: 2.2.1
1256 silly placeDep node_modules/vercel @edge-runtime/ponyfill@2.4.2 OK for: edge-runtime@2.5.9 want: 2.4.2
1257 silly placeDep node_modules/vercel/node_modules/edge-runtime async-listen@3.0.1 OK for: edge-runtime@2.5.9 want: 3.0.1
1258 silly placeDep node_modules/vercel mri@1.2.0 OK for: edge-runtime@2.5.9 want: 1.2.0
1259 silly placeDep node_modules/vercel picocolors@1.0.0 OK for: edge-runtime@2.5.9 want: 1.0.0
1260 silly placeDep node_modules/vercel pretty-ms@7.0.1 OK for: edge-runtime@2.5.9 want: 7.0.1
1261 silly placeDep node_modules/vercel signal-exit@4.0.2 OK for: edge-runtime@2.5.9 want: 4.0.2
1262 silly placeDep node_modules/vercel time-span@4.0.0 OK for: edge-runtime@2.5.9 want: 4.0.0
1263 silly fetch manifest parse-ms@^2.1.0
1264 silly packumentCache full:https://registry.npmjs.org/parse-ms cache-miss
1265 silly fetch manifest convert-hrtime@^3.0.0
1266 silly packumentCache full:https://registry.npmjs.org/convert-hrtime cache-miss
1267 http fetch GET 200 https://registry.npmjs.org/parse-ms 25ms (cache miss)
1268 silly packumentCache full:https://registry.npmjs.org/parse-ms set size:undefined disposed:false
1269 http fetch GET 200 https://registry.npmjs.org/convert-hrtime 132ms (cache miss)
1270 silly packumentCache full:https://registry.npmjs.org/convert-hrtime set size:undefined disposed:false
1271 silly placeDep node_modules/vercel @esbuild/aix-ppc64@0.27.0 OK for: esbuild@0.27.0 want: 0.27.0
1272 silly placeDep node_modules/vercel @esbuild/android-arm@0.27.0 OK for: esbuild@0.27.0 want: 0.27.0
1273 silly placeDep node_modules/vercel @esbuild/android-arm64@0.27.0 OK for: esbuild@0.27.0 want: 0.27.0
1274 silly placeDep node_modules/vercel @esbuild/android-x64@0.27.0 OK for: esbuild@0.27.0 want: 0.27.0
1275 silly placeDep node_modules/vercel @esbuild/darwin-arm64@0.27.0 OK for: esbuild@0.27.0 want: 0.27.0
1276 silly placeDep node_modules/vercel @esbuild/darwin-x64@0.27.0 OK for: esbuild@0.27.0 want: 0.27.0
1277 silly placeDep node_modules/vercel @esbuild/freebsd-arm64@0.27.0 OK for: esbuild@0.27.0 want: 0.27.0
1278 silly placeDep node_modules/vercel @esbuild/freebsd-x64@0.27.0 OK for: esbuild@0.27.0 want: 0.27.0
1279 silly placeDep node_modules/vercel @esbuild/linux-arm@0.27.0 OK for: esbuild@0.27.0 want: 0.27.0
1280 silly placeDep node_modules/vercel @esbuild/linux-arm64@0.27.0 OK for: esbuild@0.27.0 want: 0.27.0
1281 silly placeDep node_modules/vercel @esbuild/linux-ia32@0.27.0 OK for: esbuild@0.27.0 want: 0.27.0
1282 silly placeDep node_modules/vercel @esbuild/linux-loong64@0.27.0 OK for: esbuild@0.27.0 want: 0.27.0
1283 silly placeDep node_modules/vercel @esbuild/linux-mips64el@0.27.0 OK for: esbuild@0.27.0 want: 0.27.0
1284 silly placeDep node_modules/vercel @esbuild/linux-ppc64@0.27.0 OK for: esbuild@0.27.0 want: 0.27.0
1285 silly placeDep node_modules/vercel @esbuild/linux-riscv64@0.27.0 OK for: esbuild@0.27.0 want: 0.27.0
1286 silly placeDep node_modules/vercel @esbuild/linux-s390x@0.27.0 OK for: esbuild@0.27.0 want: 0.27.0
1287 silly placeDep node_modules/vercel @esbuild/linux-x64@0.27.0 OK for: esbuild@0.27.0 want: 0.27.0
1288 silly placeDep node_modules/vercel @esbuild/netbsd-arm64@0.27.0 OK for: esbuild@0.27.0 want: 0.27.0
1289 silly placeDep node_modules/vercel @esbuild/netbsd-x64@0.27.0 OK for: esbuild@0.27.0 want: 0.27.0
1290 silly placeDep node_modules/vercel @esbuild/openbsd-arm64@0.27.0 OK for: esbuild@0.27.0 want: 0.27.0
1291 silly placeDep node_modules/vercel @esbuild/openbsd-x64@0.27.0 OK for: esbuild@0.27.0 want: 0.27.0
1292 silly placeDep node_modules/vercel @esbuild/openharmony-arm64@0.27.0 OK for: esbuild@0.27.0 want: 0.27.0
1293 silly placeDep node_modules/vercel @esbuild/sunos-x64@0.27.0 OK for: esbuild@0.27.0 want: 0.27.0
1294 silly placeDep node_modules/vercel @esbuild/win32-arm64@0.27.0 OK for: esbuild@0.27.0 want: 0.27.0
1295 silly placeDep node_modules/vercel @esbuild/win32-ia32@0.27.0 OK for: esbuild@0.27.0 want: 0.27.0
1296 silly placeDep node_modules/vercel @esbuild/win32-x64@0.27.0 OK for: esbuild@0.27.0 want: 0.27.0
1297 silly placeDep node_modules/vercel cross-spawn@7.0.6 OK for: execa@3.2.0 want: ^7.0.0
1298 silly placeDep node_modules/vercel get-stream@5.2.0 OK for: execa@3.2.0 want: ^5.0.0
1299 silly placeDep node_modules/vercel human-signals@1.1.1 OK for: execa@3.2.0 want: ^1.1.1
1300 silly placeDep node_modules/vercel is-stream@2.0.1 OK for: execa@3.2.0 want: ^2.0.0
1301 silly placeDep node_modules/vercel merge-stream@2.0.0 OK for: execa@3.2.0 want: ^2.0.0
1302 silly placeDep node_modules/vercel npm-run-path@4.0.1 OK for: execa@3.2.0 want: ^4.0.0
1303 silly placeDep node_modules/vercel onetime@5.1.2 OK for: execa@3.2.0 want: ^5.1.0
1304 silly placeDep node_modules/vercel p-finally@2.0.1 OK for: execa@3.2.0 want: ^2.0.0
1305 silly placeDep node_modules/vercel/node_modules/execa signal-exit@3.0.7 OK for: execa@3.2.0 want: ^3.0.2
1306 silly placeDep node_modules/vercel strip-final-newline@2.0.0 OK for: execa@3.2.0 want: ^2.0.0
1307 silly fetch manifest which@^2.0.1
1308 silly packumentCache full:https://registry.npmjs.org/which cache-miss
1309 silly fetch manifest path-key@^3.1.0
1310 silly packumentCache full:https://registry.npmjs.org/path-key cache-miss
1311 silly fetch manifest shebang-command@^2.0.0
1312 silly packumentCache full:https://registry.npmjs.org/shebang-command cache-miss
1313 silly fetch manifest pump@^3.0.0
1314 silly packumentCache full:https://registry.npmjs.org/pump cache-miss
1315 silly fetch manifest path-key@^3.0.0
1316 silly packumentCache full:https://registry.npmjs.org/path-key cache-miss
1317 silly fetch manifest mimic-fn@^2.1.0
1318 silly packumentCache full:https://registry.npmjs.org/mimic-fn cache-miss
1319 http fetch GET 200 https://registry.npmjs.org/path-key 25ms (cache revalidated)
1320 silly packumentCache full:https://registry.npmjs.org/path-key set size:16975 disposed:false
1321 http fetch GET 200 https://registry.npmjs.org/mimic-fn 26ms (cache miss)
1322 silly packumentCache full:https://registry.npmjs.org/mimic-fn set size:undefined disposed:false
1323 http fetch GET 200 https://registry.npmjs.org/pump 27ms (cache miss)
1324 silly packumentCache full:https://registry.npmjs.org/pump set size:undefined disposed:false
1325 http fetch GET 200 https://registry.npmjs.org/shebang-command 44ms (cache revalidated)
1326 silly packumentCache full:https://registry.npmjs.org/shebang-command set size:8525 disposed:false
1327 http fetch GET 200 https://registry.npmjs.org/path-key 84ms (cache revalidated)
1328 silly packumentCache full:https://registry.npmjs.org/path-key set size:16975 disposed:false
1329 silly packumentCache full:https://registry.npmjs.org/path-key dispose
1330 http fetch GET 200 https://registry.npmjs.org/which 119ms (cache revalidated)
1331 silly packumentCache full:https://registry.npmjs.org/which set size:70143 disposed:false
1332 silly placeDep node_modules/vercel path-key@3.1.1 OK for: cross-spawn@7.0.6 want: ^3.1.0
1333 silly placeDep node_modules/vercel shebang-command@2.0.0 OK for: cross-spawn@7.0.6 want: ^2.0.0
1334 silly placeDep node_modules/vercel which@2.0.2 OK for: cross-spawn@7.0.6 want: ^2.0.1
1335 silly fetch manifest shebang-regex@^3.0.0
1336 silly packumentCache full:https://registry.npmjs.org/shebang-regex cache-miss
1337 silly fetch manifest isexe@^2.0.0
1338 silly packumentCache full:https://registry.npmjs.org/isexe cache-miss
1339 http fetch GET 200 https://registry.npmjs.org/shebang-regex 175ms (cache revalidated)
1340 silly packumentCache full:https://registry.npmjs.org/shebang-regex set size:9763 disposed:false
1341 http fetch GET 200 https://registry.npmjs.org/isexe 189ms (cache revalidated)
1342 silly packumentCache full:https://registry.npmjs.org/isexe set size:31756 disposed:false
1343 silly placeDep node_modules/vercel asynckit@0.4.0 OK for: form-data@4.0.5 want: ^0.4.0
1344 silly placeDep node_modules/vercel combined-stream@1.0.8 OK for: form-data@4.0.5 want: ^1.0.8
1345 silly placeDep node_modules/vercel es-set-tostringtag@2.1.0 OK for: form-data@4.0.5 want: ^2.1.0
1346 silly placeDep node_modules/vercel hasown@2.0.3 OK for: form-data@4.0.5 want: ^2.0.2
1347 silly fetch manifest delayed-stream@~1.0.0
1348 silly packumentCache full:https://registry.npmjs.org/delayed-stream cache-miss
1349 silly fetch manifest es-errors@^1.3.0
1350 silly packumentCache full:https://registry.npmjs.org/es-errors cache-miss
1351 silly fetch manifest get-intrinsic@^1.2.6
1352 silly packumentCache full:https://registry.npmjs.org/get-intrinsic cache-miss
1353 silly fetch manifest has-tostringtag@^1.0.2
1354 silly packumentCache full:https://registry.npmjs.org/has-tostringtag cache-miss
1355 silly fetch manifest function-bind@^1.1.2
1356 silly packumentCache full:https://registry.npmjs.org/function-bind cache-miss
1357 http fetch GET 200 https://registry.npmjs.org/delayed-stream 58ms (cache miss)
1358 silly packumentCache full:https://registry.npmjs.org/delayed-stream set size:undefined disposed:false
1359 http fetch GET 200 https://registry.npmjs.org/get-intrinsic 78ms (cache revalidated)
1360 silly packumentCache full:https://registry.npmjs.org/get-intrinsic set size:60985 disposed:false
1361 http fetch GET 200 https://registry.npmjs.org/has-tostringtag 128ms (cache revalidated)
1362 silly packumentCache full:https://registry.npmjs.org/has-tostringtag set size:13945 disposed:false
1363 http fetch GET 200 https://registry.npmjs.org/function-bind 255ms (cache revalidated)
1364 silly packumentCache full:https://registry.npmjs.org/function-bind set size:15733 disposed:false
1365 http fetch GET 200 https://registry.npmjs.org/es-errors 259ms (cache revalidated)
1366 silly packumentCache full:https://registry.npmjs.org/es-errors set size:16918 disposed:false
1367 silly placeDep node_modules/vercel delayed-stream@1.0.0 OK for: combined-stream@1.0.8 want: ~1.0.0
1368 silly placeDep node_modules/vercel es-errors@1.3.0 OK for: es-set-tostringtag@2.1.0 want: ^1.3.0
1369 silly placeDep node_modules/vercel get-intrinsic@1.3.0 OK for: es-set-tostringtag@2.1.0 want: ^1.2.6
1370 silly placeDep node_modules/vercel has-tostringtag@1.0.2 OK for: es-set-tostringtag@2.1.0 want: ^1.0.2
1371 silly fetch manifest gopd@^1.2.0
1372 silly packumentCache full:https://registry.npmjs.org/gopd cache-miss
1373 silly fetch manifest get-proto@^1.0.1
1374 silly packumentCache full:https://registry.npmjs.org/get-proto cache-miss
1375 silly fetch manifest has-symbols@^1.1.0
1376 silly packumentCache full:https://registry.npmjs.org/has-symbols cache-miss
1377 silly fetch manifest es-object-atoms@^1.1.1
1378 silly packumentCache full:https://registry.npmjs.org/es-object-atoms cache-miss
1379 silly fetch manifest math-intrinsics@^1.1.0
1380 silly packumentCache full:https://registry.npmjs.org/math-intrinsics cache-miss
1381 silly fetch manifest es-define-property@^1.0.1
1382 silly packumentCache full:https://registry.npmjs.org/es-define-property cache-miss
1383 silly fetch manifest call-bind-apply-helpers@^1.0.2
1384 silly packumentCache full:https://registry.npmjs.org/call-bind-apply-helpers cache-miss
1385 silly fetch manifest has-symbols@^1.0.3
1386 silly packumentCache full:https://registry.npmjs.org/has-symbols cache-miss
1387 http fetch GET 200 https://registry.npmjs.org/has-symbols 193ms (cache revalidated)
1388 silly packumentCache full:https://registry.npmjs.org/has-symbols set size:21550 disposed:false
1389 http fetch GET 200 https://registry.npmjs.org/has-symbols 193ms (cache revalidated)
1390 silly packumentCache full:https://registry.npmjs.org/has-symbols set size:21550 disposed:false
1391 silly packumentCache full:https://registry.npmjs.org/has-symbols dispose
1392 http fetch GET 200 https://registry.npmjs.org/math-intrinsics 194ms (cache revalidated)
1393 silly packumentCache full:https://registry.npmjs.org/math-intrinsics set size:9265 disposed:false
1394 http fetch GET 200 https://registry.npmjs.org/get-proto 195ms (cache revalidated)
1395 silly packumentCache full:https://registry.npmjs.org/get-proto set size:8300 disposed:false
1396 http fetch GET 200 https://registry.npmjs.org/gopd 216ms (cache revalidated)
1397 silly packumentCache full:https://registry.npmjs.org/gopd set size:11458 disposed:false
1398 http fetch GET 200 https://registry.npmjs.org/es-define-property 269ms (cache revalidated)
1399 silly packumentCache full:https://registry.npmjs.org/es-define-property set size:8542 disposed:false
1400 http fetch GET 200 https://registry.npmjs.org/call-bind-apply-helpers 287ms (cache revalidated)
1401 silly packumentCache full:https://registry.npmjs.org/call-bind-apply-helpers set size:12744 disposed:false
1402 http fetch GET 200 https://registry.npmjs.org/es-object-atoms 333ms (cache revalidated)
1403 silly packumentCache full:https://registry.npmjs.org/es-object-atoms set size:15304 disposed:false
1404 silly placeDep node_modules/vercel jsonfile@6.2.1 OK for: fs-extra@11.1.0 want: ^6.0.1
1405 silly placeDep node_modules/vercel universalify@2.0.1 OK for: fs-extra@11.1.0 want: ^2.0.0
1406 silly placeDep node_modules/vercel call-bind-apply-helpers@1.0.2 OK for: get-intrinsic@1.3.0 want: ^1.0.2
1407 silly placeDep node_modules/vercel es-define-property@1.0.1 OK for: get-intrinsic@1.3.0 want: ^1.0.1
1408 silly placeDep node_modules/vercel es-object-atoms@1.1.1 OK for: get-intrinsic@1.3.0 want: ^1.1.1
1409 silly placeDep node_modules/vercel function-bind@1.1.2 OK for: get-intrinsic@1.3.0 want: ^1.1.2
1410 silly placeDep node_modules/vercel get-proto@1.0.1 OK for: get-intrinsic@1.3.0 want: ^1.0.1
1411 silly placeDep node_modules/vercel gopd@1.2.0 OK for: get-intrinsic@1.3.0 want: ^1.2.0
1412 silly placeDep node_modules/vercel has-symbols@1.1.0 OK for: get-intrinsic@1.3.0 want: ^1.1.0
1413 silly placeDep node_modules/vercel math-intrinsics@1.1.0 OK for: get-intrinsic@1.3.0 want: ^1.1.0
1414 silly fetch manifest dunder-proto@^1.0.1
1415 silly packumentCache full:https://registry.npmjs.org/dunder-proto cache-miss
1416 http fetch GET 200 https://registry.npmjs.org/dunder-proto 96ms (cache revalidated)
1417 silly packumentCache full:https://registry.npmjs.org/dunder-proto set size:8256 disposed:false
1418 silly placeDep node_modules/vercel dunder-proto@1.0.1 OK for: get-proto@1.0.1 want: ^1.0.1
1419 silly placeDep node_modules/vercel pump@3.0.4 OK for: get-stream@5.2.0 want: ^3.0.0
1420 silly fetch manifest end-of-stream@^1.1.0
1421 silly packumentCache full:https://registry.npmjs.org/end-of-stream cache-miss
1422 silly fetch manifest once@^1.3.1
1423 silly packumentCache full:https://registry.npmjs.org/once cache-miss
1424 http cache https://registry.npmjs.org/end-of-stream 1ms (cache hit)
1425 silly packumentCache full:https://registry.npmjs.org/end-of-stream set size:27842 disposed:false
1426 http fetch GET 200 https://registry.npmjs.org/once 125ms (cache revalidated)
1427 silly packumentCache full:https://registry.npmjs.org/once set size:11752 disposed:false
1428 silly placeDep node_modules/vercel/node_modules/glob minimatch@10.2.5 OK for: glob@13.0.6 want: ^10.2.2
1429 silly placeDep node_modules/vercel minipass@7.1.3 OK for: glob@13.0.6 want: ^7.1.3
1430 silly placeDep node_modules/vercel path-scurry@2.0.2 OK for: glob@13.0.6 want: ^2.0.2
1431 silly fetch manifest brace-expansion@^5.0.5
1432 silly packumentCache full:https://registry.npmjs.org/brace-expansion cache-miss
1433 silly fetch manifest lru-cache@^11.0.0
1434 silly packumentCache full:https://registry.npmjs.org/lru-cache cache-hit
1435 http fetch GET 200 https://registry.npmjs.org/brace-expansion 26ms (cache revalidated)
1436 silly packumentCache full:https://registry.npmjs.org/brace-expansion set size:70654 disposed:false
1437 silly placeDep node_modules/vercel agent-base@7.1.4 OK for: https-proxy-agent@7.0.6 want: ^7.1.2
1438 silly placeDep node_modules/vercel argparse@1.0.10 OK for: js-yaml@3.14.2 want: ^1.0.7
1439 silly placeDep node_modules/vercel esprima@4.0.1 OK for: js-yaml@3.14.2 want: ^4.0.0
1440 silly fetch manifest sprintf-js@~1.0.2
1441 silly packumentCache full:https://registry.npmjs.org/sprintf-js cache-miss
1442 http fetch GET 200 https://registry.npmjs.org/sprintf-js 24ms (cache miss)
1443 silly packumentCache full:https://registry.npmjs.org/sprintf-js set size:undefined disposed:false
1444 silly placeDep node_modules/vercel sprintf-js@1.0.3 OK for: argparse@1.0.10 want: ~1.0.2
1445 silly placeDep node_modules/vercel @types/json-schema@7.0.15 OK for: json-schema-to-ts@1.6.4 want: ^7.0.6
1446 silly placeDep node_modules/vercel ts-toolbelt@6.15.5 OK for: json-schema-to-ts@1.6.4 want: ^6.15.5
1447 silly placeDep node_modules/vercel arg@4.1.0 OK for: micro@9.3.5-canary.3 want: 4.1.0
1448 silly placeDep node_modules/vercel content-type@1.0.4 OK for: micro@9.3.5-canary.3 want: 1.0.4
1449 silly placeDep node_modules/vercel raw-body@2.4.1 OK for: micro@9.3.5-canary.3 want: 2.4.1
1450 silly fetch manifest bytes@3.1.0
1451 silly packumentCache full:https://registry.npmjs.org/bytes cache-miss
1452 silly fetch manifest unpipe@1.0.0
1453 silly packumentCache full:https://registry.npmjs.org/unpipe cache-miss
1454 silly fetch manifest iconv-lite@0.4.24
1455 silly packumentCache full:https://registry.npmjs.org/iconv-lite cache-miss
1456 silly fetch manifest http-errors@1.7.3
1457 silly packumentCache full:https://registry.npmjs.org/http-errors cache-miss
1458 http fetch GET 200 https://registry.npmjs.org/unpipe 26ms (cache miss)
1459 silly packumentCache full:https://registry.npmjs.org/unpipe set size:undefined disposed:false
1460 http fetch GET 200 https://registry.npmjs.org/iconv-lite 26ms (cache miss)
1461 silly packumentCache full:https://registry.npmjs.org/iconv-lite set size:undefined disposed:false
1462 http fetch GET 200 https://registry.npmjs.org/bytes 28ms (cache miss)
1463 silly packumentCache full:https://registry.npmjs.org/bytes set size:undefined disposed:false
1464 http fetch GET 200 https://registry.npmjs.org/http-errors 28ms (cache miss)
1465 silly packumentCache full:https://registry.npmjs.org/http-errors set size:undefined disposed:false
1466 silly placeDep node_modules/vercel mime-db@1.52.0 OK for: mime-types@2.1.35 want: 1.52.0
1467 silly placeDep node_modules/vercel @isaacs/brace-expansion@5.0.1 OK for: minimatch@10.1.1 want: ^5.0.0
1468 silly fetch manifest @isaacs/balanced-match@^4.0.1
1469 silly packumentCache full:https://registry.npmjs.org/@isaacs%2fbalanced-match cache-miss
1470 http fetch GET 200 https://registry.npmjs.org/@isaacs%2fbalanced-match 247ms (cache miss)
1471 silly packumentCache full:https://registry.npmjs.org/@isaacs%2fbalanced-match set size:undefined disposed:false
1472 silly placeDep node_modules/vercel @isaacs/balanced-match@4.0.1 OK for: @isaacs/brace-expansion@5.0.1 want: ^4.0.1
1473 silly placeDep node_modules/vercel whatwg-url@5.0.0 OK for: node-fetch@2.6.7 want: ^5.0.0
1474 silly fetch manifest tr46@~0.0.3
1475 silly packumentCache full:https://registry.npmjs.org/tr46 cache-miss
1476 silly fetch manifest webidl-conversions@^3.0.0
1477 silly packumentCache full:https://registry.npmjs.org/webidl-conversions cache-miss
1478 http fetch GET 200 https://registry.npmjs.org/webidl-conversions 29ms (cache miss)
1479 silly packumentCache full:https://registry.npmjs.org/webidl-conversions set size:undefined disposed:false
1480 http fetch GET 200 https://registry.npmjs.org/tr46 29ms (cache miss)
1481 silly packumentCache full:https://registry.npmjs.org/tr46 set size:undefined disposed:false
1482 silly placeDep node_modules/vercel abbrev@3.0.1 OK for: nopt@8.1.0 want: ^3.0.0
1483 silly placeDep node_modules/vercel mimic-fn@2.1.0 OK for: onetime@5.1.2 want: ^2.1.0
1484 silly placeDep node_modules/vercel @oxc-transform/binding-android-arm-eabi@0.111.0 OK for: oxc-transform@0.111.0 want: 0.111.0
1485 silly placeDep node_modules/vercel @oxc-transform/binding-android-arm64@0.111.0 OK for: oxc-transform@0.111.0 want: 0.111.0
1486 silly placeDep node_modules/vercel @oxc-transform/binding-darwin-arm64@0.111.0 OK for: oxc-transform@0.111.0 want: 0.111.0
1487 silly placeDep node_modules/vercel @oxc-transform/binding-darwin-x64@0.111.0 OK for: oxc-transform@0.111.0 want: 0.111.0
1488 silly placeDep node_modules/vercel @oxc-transform/binding-freebsd-x64@0.111.0 OK for: oxc-transform@0.111.0 want: 0.111.0
1489 silly placeDep node_modules/vercel @oxc-transform/binding-linux-arm-gnueabihf@0.111.0 OK for: oxc-transform@0.111.0 want: 0.111.0
1490 silly placeDep node_modules/vercel @oxc-transform/binding-linux-arm-musleabihf@0.111.0 OK for: oxc-transform@0.111.0 want: 0.111.0
1491 silly placeDep node_modules/vercel @oxc-transform/binding-linux-arm64-gnu@0.111.0 OK for: oxc-transform@0.111.0 want: 0.111.0
1492 silly placeDep node_modules/vercel @oxc-transform/binding-linux-arm64-musl@0.111.0 OK for: oxc-transform@0.111.0 want: 0.111.0
1493 silly placeDep node_modules/vercel @oxc-transform/binding-linux-ppc64-gnu@0.111.0 OK for: oxc-transform@0.111.0 want: 0.111.0
1494 silly placeDep node_modules/vercel @oxc-transform/binding-linux-riscv64-gnu@0.111.0 OK for: oxc-transform@0.111.0 want: 0.111.0
1495 silly placeDep node_modules/vercel @oxc-transform/binding-linux-riscv64-musl@0.111.0 OK for: oxc-transform@0.111.0 want: 0.111.0
1496 silly placeDep node_modules/vercel @oxc-transform/binding-linux-s390x-gnu@0.111.0 OK for: oxc-transform@0.111.0 want: 0.111.0
1497 silly placeDep node_modules/vercel @oxc-transform/binding-linux-x64-gnu@0.111.0 OK for: oxc-transform@0.111.0 want: 0.111.0
1498 silly placeDep node_modules/vercel @oxc-transform/binding-linux-x64-musl@0.111.0 OK for: oxc-transform@0.111.0 want: 0.111.0
1499 silly placeDep node_modules/vercel @oxc-transform/binding-openharmony-arm64@0.111.0 OK for: oxc-transform@0.111.0 want: 0.111.0
1500 silly placeDep node_modules/vercel @oxc-transform/binding-wasm32-wasi@0.111.0 OK for: oxc-transform@0.111.0 want: 0.111.0
1501 silly placeDep node_modules/vercel @oxc-transform/binding-win32-arm64-msvc@0.111.0 OK for: oxc-transform@0.111.0 want: 0.111.0
1502 silly placeDep node_modules/vercel @oxc-transform/binding-win32-ia32-msvc@0.111.0 OK for: oxc-transform@0.111.0 want: 0.111.0
1503 silly placeDep node_modules/vercel @oxc-transform/binding-win32-x64-msvc@0.111.0 OK for: oxc-transform@0.111.0 want: 0.111.0
1504 silly fetch manifest @napi-rs/wasm-runtime@^1.1.1
1505 silly packumentCache full:https://registry.npmjs.org/@napi-rs%2fwasm-runtime cache-miss
1506 http fetch GET 200 https://registry.npmjs.org/@napi-rs%2fwasm-runtime 71ms (cache revalidated)
1507 silly packumentCache full:https://registry.npmjs.org/@napi-rs%2fwasm-runtime set size:71273 disposed:false
1508 silly fetch manifest @emnapi/core@^1.7.1
1509 silly packumentCache full:https://registry.npmjs.org/@emnapi%2fcore cache-miss
1510 http fetch GET 200 https://registry.npmjs.org/@emnapi%2fcore 114ms (cache revalidated)
1511 silly packumentCache full:https://registry.npmjs.org/@emnapi%2fcore set size:105841 disposed:false
1512 silly fetch manifest @emnapi/runtime@^1.7.1
1513 silly packumentCache full:https://registry.npmjs.org/@emnapi%2fruntime cache-miss
1514 http fetch GET 200 https://registry.npmjs.org/@emnapi%2fruntime 86ms (cache revalidated)
1515 silly packumentCache full:https://registry.npmjs.org/@emnapi%2fruntime set size:108129 disposed:false
1516 silly placeDep node_modules/vercel @napi-rs/wasm-runtime@1.1.4 OK for: @oxc-transform/binding-wasm32-wasi@0.111.0 want: ^1.1.1
1517 silly placeDep node_modules/vercel @emnapi/core@1.10.0 OK for: @napi-rs/wasm-runtime@1.1.4 want: ^1.7.1
1518 silly placeDep node_modules/vercel @emnapi/runtime@1.10.0 OK for: @napi-rs/wasm-runtime@1.1.4 want: ^1.7.1
1519 silly fetch manifest @tybys/wasm-util@^0.10.1
1520 silly packumentCache full:https://registry.npmjs.org/@tybys%2fwasm-util cache-miss
1521 silly fetch manifest @emnapi/wasi-threads@1.2.1
1522 silly packumentCache full:https://registry.npmjs.org/@emnapi%2fwasi-threads cache-miss
1523 http fetch GET 200 https://registry.npmjs.org/@emnapi%2fwasi-threads 145ms (cache revalidated)
1524 silly packumentCache full:https://registry.npmjs.org/@emnapi%2fwasi-threads set size:24206 disposed:false
1525 http fetch GET 200 https://registry.npmjs.org/@tybys%2fwasm-util 152ms (cache revalidated)
1526 silly packumentCache full:https://registry.npmjs.org/@tybys%2fwasm-util set size:57759 disposed:false
1527 silly placeDep node_modules/vercel @emnapi/wasi-threads@1.2.1 OK for: @emnapi/core@1.10.0 want: 1.2.1
1528 silly placeDep node_modules/vercel @tybys/wasm-util@0.10.2 OK for: @napi-rs/wasm-runtime@1.1.4 want: ^0.10.1
1529 silly placeDep node_modules/vercel lru-cache@11.3.6 OK for: path-scurry@2.0.2 want: ^11.0.0
1530 silly placeDep node_modules/vercel parse-ms@2.1.0 OK for: pretty-ms@7.0.1 want: ^2.1.0
1531 silly placeDep node_modules/vercel http-proxy-agent@7.0.2 OK for: proxy-agent@6.4.0 want: ^7.0.1
1532 silly placeDep node_modules/vercel/node_modules/proxy-agent lru-cache@7.18.3 OK for: proxy-agent@6.4.0 want: ^7.14.1
1533 silly placeDep node_modules/vercel pac-proxy-agent@7.2.0 OK for: proxy-agent@6.4.0 want: ^7.0.1
1534 silly placeDep node_modules/vercel proxy-from-env@1.1.0 OK for: proxy-agent@6.4.0 want: ^1.1.0
1535 silly placeDep node_modules/vercel socks-proxy-agent@8.0.5 OK for: proxy-agent@6.4.0 want: ^8.0.2
1536 silly fetch manifest get-uri@^6.0.1
1537 silly packumentCache full:https://registry.npmjs.org/get-uri cache-miss
1538 silly fetch manifest pac-resolver@^7.0.1
1539 silly packumentCache full:https://registry.npmjs.org/pac-resolver cache-miss
1540 silly fetch manifest socks-proxy-agent@^8.0.5
1541 silly packumentCache full:https://registry.npmjs.org/socks-proxy-agent cache-miss
1542 silly fetch manifest @tootallnate/quickjs-emscripten@^0.23.0
1543 silly packumentCache full:https://registry.npmjs.org/@tootallnate%2fquickjs-emscripten cache-miss
1544 silly fetch manifest socks@^2.8.3
1545 silly packumentCache full:https://registry.npmjs.org/socks cache-miss
1546 http cache https://registry.npmjs.org/socks-proxy-agent 2ms (cache hit)
1547 silly packumentCache full:https://registry.npmjs.org/socks-proxy-agent set size:104740 disposed:false
1548 http fetch GET 200 https://registry.npmjs.org/pac-resolver 32ms (cache miss)
1549 silly packumentCache full:https://registry.npmjs.org/pac-resolver set size:undefined disposed:false
1550 http fetch GET 200 https://registry.npmjs.org/get-uri 39ms (cache miss)
1551 silly packumentCache full:https://registry.npmjs.org/get-uri set size:undefined disposed:false
1552 http fetch GET 200 https://registry.npmjs.org/@tootallnate%2fquickjs-emscripten 42ms (cache miss)
1553 silly packumentCache full:https://registry.npmjs.org/@tootallnate%2fquickjs-emscripten set size:undefined disposed:false
1554 http fetch GET 200 https://registry.npmjs.org/socks 137ms (cache miss)
1555 silly packumentCache full:https://registry.npmjs.org/socks set size:undefined disposed:false
1556 silly placeDep node_modules/vercel @tootallnate/quickjs-emscripten@0.23.0 OK for: pac-proxy-agent@7.2.0 want: ^0.23.0
1557 silly placeDep node_modules/vercel get-uri@6.0.5 OK for: pac-proxy-agent@7.2.0 want: ^6.0.1
1558 silly placeDep node_modules/vercel pac-resolver@7.0.1 OK for: pac-proxy-agent@7.2.0 want: ^7.0.1
1559 silly fetch manifest basic-ftp@^5.0.2
1560 silly packumentCache full:https://registry.npmjs.org/basic-ftp cache-miss
1561 silly fetch manifest data-uri-to-buffer@^6.0.2
1562 silly packumentCache full:https://registry.npmjs.org/data-uri-to-buffer cache-miss
1563 silly fetch manifest netmask@^2.0.2
1564 silly packumentCache full:https://registry.npmjs.org/netmask cache-miss
1565 silly fetch manifest degenerator@^5.0.0
1566 silly packumentCache full:https://registry.npmjs.org/degenerator cache-miss
1567 http fetch GET 200 https://registry.npmjs.org/netmask 30ms (cache miss)
1568 silly packumentCache full:https://registry.npmjs.org/netmask set size:undefined disposed:false
1569 http fetch GET 200 https://registry.npmjs.org/data-uri-to-buffer 30ms (cache miss)
1570 silly packumentCache full:https://registry.npmjs.org/data-uri-to-buffer set size:undefined disposed:false
1571 http fetch GET 200 https://registry.npmjs.org/degenerator 32ms (cache miss)
1572 silly packumentCache full:https://registry.npmjs.org/degenerator set size:undefined disposed:false
1573 http fetch GET 200 https://registry.npmjs.org/basic-ftp 34ms (cache miss)
1574 silly packumentCache full:https://registry.npmjs.org/basic-ftp set size:undefined disposed:false
1575 silly placeDep node_modules/vercel basic-ftp@5.3.1 OK for: get-uri@6.0.5 want: ^5.0.2
1576 silly placeDep node_modules/vercel data-uri-to-buffer@6.0.2 OK for: get-uri@6.0.5 want: ^6.0.2
1577 silly placeDep node_modules/vercel degenerator@5.0.1 OK for: pac-resolver@7.0.1 want: ^5.0.0
1578 silly placeDep node_modules/vercel netmask@2.1.1 OK for: pac-resolver@7.0.1 want: ^2.0.2
1579 silly fetch manifest ast-types@^0.13.4
1580 silly packumentCache full:https://registry.npmjs.org/ast-types cache-miss
1581 silly fetch manifest escodegen@^2.1.0
1582 silly packumentCache full:https://registry.npmjs.org/escodegen cache-miss
1583 http fetch GET 200 https://registry.npmjs.org/escodegen 30ms (cache miss)
1584 silly packumentCache full:https://registry.npmjs.org/escodegen set size:undefined disposed:false
1585 http fetch GET 200 https://registry.npmjs.org/ast-types 33ms (cache miss)
1586 silly packumentCache full:https://registry.npmjs.org/ast-types set size:undefined disposed:false
1587 silly placeDep node_modules/vercel ast-types@0.13.4 OK for: degenerator@5.0.1 want: ^0.13.4
1588 silly placeDep node_modules/vercel escodegen@2.1.0 OK for: degenerator@5.0.1 want: ^2.1.0
1589 silly fetch manifest estraverse@^5.2.0
1590 silly packumentCache full:https://registry.npmjs.org/estraverse cache-miss
1591 silly fetch manifest esutils@^2.0.2
1592 silly packumentCache full:https://registry.npmjs.org/esutils cache-miss
1593 silly fetch manifest source-map@~0.6.1
1594 silly packumentCache full:https://registry.npmjs.org/source-map cache-miss
1595 http fetch GET 200 https://registry.npmjs.org/esutils 47ms (cache revalidated)
1596 silly packumentCache full:https://registry.npmjs.org/esutils set size:29522 disposed:false
1597 http fetch GET 200 https://registry.npmjs.org/estraverse 70ms (cache revalidated)
1598 silly packumentCache full:https://registry.npmjs.org/estraverse set size:62412 disposed:false
1599 http fetch GET 200 https://registry.npmjs.org/source-map 116ms (cache revalidated)
1600 silly packumentCache full:https://registry.npmjs.org/source-map set size:226212 disposed:false
1601 silly placeDep node_modules/vercel estraverse@5.3.0 OK for: escodegen@2.1.0 want: ^5.2.0
1602 silly placeDep node_modules/vercel esutils@2.0.3 OK for: escodegen@2.1.0 want: ^2.0.2
1603 silly placeDep node_modules/vercel source-map@0.6.1 OK for: escodegen@2.1.0 want: ~0.6.1
1604 silly placeDep node_modules/vercel end-of-stream@1.4.5 OK for: pump@3.0.4 want: ^1.1.0
1605 silly placeDep node_modules/vercel once@1.4.0 OK for: pump@3.0.4 want: ^1.3.1
1606 silly fetch manifest once@^1.4.0
1607 silly packumentCache full:https://registry.npmjs.org/once cache-hit
1608 silly fetch manifest wrappy@1
1609 silly packumentCache full:https://registry.npmjs.org/wrappy cache-miss
1610 http fetch GET 200 https://registry.npmjs.org/wrappy 77ms (cache revalidated)
1611 silly packumentCache full:https://registry.npmjs.org/wrappy set size:7682 disposed:false
1612 silly placeDep node_modules/vercel wrappy@1.0.2 OK for: once@1.4.0 want: 1
1613 silly placeDep node_modules/vercel bytes@3.1.0 OK for: raw-body@2.4.1 want: 3.1.0
1614 silly placeDep node_modules/vercel http-errors@1.7.3 OK for: raw-body@2.4.1 want: 1.7.3
1615 silly placeDep node_modules/vercel iconv-lite@0.4.24 OK for: raw-body@2.4.1 want: 0.4.24
1616 silly placeDep node_modules/vercel unpipe@1.0.0 OK for: raw-body@2.4.1 want: 1.0.0
1617 silly fetch manifest depd@~1.1.2
1618 silly packumentCache full:https://registry.npmjs.org/depd cache-miss
1619 silly fetch manifest inherits@2.0.4
1620 silly packumentCache full:https://registry.npmjs.org/inherits cache-miss
1621 silly fetch manifest statuses@>= 1.5.0 < 2
1622 silly packumentCache full:https://registry.npmjs.org/statuses cache-miss
1623 silly fetch manifest toidentifier@1.0.0
1624 silly packumentCache full:https://registry.npmjs.org/toidentifier cache-miss
1625 silly fetch manifest setprototypeof@1.1.1
1626 silly packumentCache full:https://registry.npmjs.org/setprototypeof cache-miss
1627 silly fetch manifest safer-buffer@>= 2.1.2 < 3
1628 silly packumentCache full:https://registry.npmjs.org/safer-buffer cache-miss
1629 http fetch GET 200 https://registry.npmjs.org/depd 28ms (cache miss)
1630 silly packumentCache full:https://registry.npmjs.org/depd set size:undefined disposed:false
1631 http fetch GET 200 https://registry.npmjs.org/statuses 28ms (cache miss)
1632 silly packumentCache full:https://registry.npmjs.org/statuses set size:undefined disposed:false
1633 http fetch GET 200 https://registry.npmjs.org/safer-buffer 28ms (cache miss)
1634 silly packumentCache full:https://registry.npmjs.org/safer-buffer set size:undefined disposed:false
1635 http fetch GET 200 https://registry.npmjs.org/setprototypeof 30ms (cache miss)
1636 silly packumentCache full:https://registry.npmjs.org/setprototypeof set size:undefined disposed:false
1637 http fetch GET 200 https://registry.npmjs.org/inherits 31ms (cache revalidated)
1638 silly packumentCache full:https://registry.npmjs.org/inherits set size:12925 disposed:false
1639 http fetch GET 200 https://registry.npmjs.org/toidentifier 30ms (cache miss)
1640 silly packumentCache full:https://registry.npmjs.org/toidentifier set size:undefined disposed:false
1641 silly placeDep node_modules/vercel depd@1.1.2 OK for: http-errors@1.7.3 want: ~1.1.2
1642 silly placeDep node_modules/vercel inherits@2.0.4 OK for: http-errors@1.7.3 want: 2.0.4
1643 silly placeDep node_modules/vercel setprototypeof@1.1.1 OK for: http-errors@1.7.3 want: 1.1.1
1644 silly placeDep node_modules/vercel statuses@1.5.0 OK for: http-errors@1.7.3 want: >= 1.5.0 < 2
1645 silly placeDep node_modules/vercel toidentifier@1.0.0 OK for: http-errors@1.7.3 want: 1.0.0
1646 silly placeDep node_modules/vercel safer-buffer@2.1.2 OK for: iconv-lite@0.4.24 want: >= 2.1.2 < 3
1647 silly placeDep node_modules/vercel @oxc-project/types@0.110.0 OK for: rolldown@1.0.0-rc.1 want: =0.110.0
1648 silly placeDep node_modules/vercel @rolldown/binding-android-arm64@1.0.0-rc.1 OK for: rolldown@1.0.0-rc.1 want: 1.0.0-rc.1
1649 silly placeDep node_modules/vercel @rolldown/binding-darwin-arm64@1.0.0-rc.1 OK for: rolldown@1.0.0-rc.1 want: 1.0.0-rc.1
1650 silly placeDep node_modules/vercel @rolldown/binding-darwin-x64@1.0.0-rc.1 OK for: rolldown@1.0.0-rc.1 want: 1.0.0-rc.1
1651 silly placeDep node_modules/vercel @rolldown/binding-freebsd-x64@1.0.0-rc.1 OK for: rolldown@1.0.0-rc.1 want: 1.0.0-rc.1
1652 silly placeDep node_modules/vercel @rolldown/binding-linux-arm-gnueabihf@1.0.0-rc.1 OK for: rolldown@1.0.0-rc.1 want: 1.0.0-rc.1
1653 silly placeDep node_modules/vercel @rolldown/binding-linux-arm64-gnu@1.0.0-rc.1 OK for: rolldown@1.0.0-rc.1 want: 1.0.0-rc.1
1654 silly placeDep node_modules/vercel @rolldown/binding-linux-arm64-musl@1.0.0-rc.1 OK for: rolldown@1.0.0-rc.1 want: 1.0.0-rc.1
1655 silly placeDep node_modules/vercel @rolldown/binding-linux-x64-gnu@1.0.0-rc.1 OK for: rolldown@1.0.0-rc.1 want: 1.0.0-rc.1
1656 silly placeDep node_modules/vercel @rolldown/binding-linux-x64-musl@1.0.0-rc.1 OK for: rolldown@1.0.0-rc.1 want: 1.0.0-rc.1
1657 silly placeDep node_modules/vercel @rolldown/binding-openharmony-arm64@1.0.0-rc.1 OK for: rolldown@1.0.0-rc.1 want: 1.0.0-rc.1
1658 silly placeDep node_modules/vercel @rolldown/binding-wasm32-wasi@1.0.0-rc.1 OK for: rolldown@1.0.0-rc.1 want: 1.0.0-rc.1
1659 silly placeDep node_modules/vercel @rolldown/binding-win32-arm64-msvc@1.0.0-rc.1 OK for: rolldown@1.0.0-rc.1 want: 1.0.0-rc.1
1660 silly placeDep node_modules/vercel @rolldown/binding-win32-x64-msvc@1.0.0-rc.1 OK for: rolldown@1.0.0-rc.1 want: 1.0.0-rc.1
1661 silly placeDep node_modules/vercel @rolldown/pluginutils@1.0.0-rc.1 OK for: rolldown@1.0.0-rc.1 want: 1.0.0-rc.1
1662 silly placeDep node_modules/vercel @vercel/sandbox@1.9.0 OK for: sandbox@2.5.6 want: 1.9.0
1663 silly placeDep node_modules/vercel/node_modules/sandbox debug@4.4.3 OK for: sandbox@2.5.6 want: ^4.4.1
1664 silly fetch manifest ms@2.1.3
1665 silly packumentCache full:https://registry.npmjs.org/ms cache-hit
1666 silly fetch manifest zod@3.24.4
1667 silly packumentCache full:https://registry.npmjs.org/zod cache-miss
1668 silly fetch manifest undici@^7.16.0
1669 silly packumentCache full:https://registry.npmjs.org/undici cache-miss
1670 silly fetch manifest jsonlines@0.1.1
1671 silly packumentCache full:https://registry.npmjs.org/jsonlines cache-miss
1672 silly fetch manifest picocolors@^1.1.1
1673 silly packumentCache full:https://registry.npmjs.org/picocolors cache-hit
1674 silly fetch manifest tar-stream@3.1.7
1675 silly packumentCache full:https://registry.npmjs.org/tar-stream cache-miss
1676 silly fetch manifest @vercel/oidc@3.2.0
1677 silly packumentCache full:https://registry.npmjs.org/@vercel%2foidc cache-miss
1678 silly fetch manifest ms@^2.1.3
1679 silly packumentCache full:https://registry.npmjs.org/ms cache-hit
1680 http cache https://registry.npmjs.org/undici 2ms (cache hit)
1681 silly packumentCache full:https://registry.npmjs.org/undici set size:1406126 disposed:false
1682 http cache https://registry.npmjs.org/zod 8ms (cache hit)
1683 silly packumentCache full:https://registry.npmjs.org/zod set size:3552562 disposed:false
1684 http fetch GET 200 https://registry.npmjs.org/@vercel%2foidc 36ms (cache miss)
1685 silly packumentCache full:https://registry.npmjs.org/@vercel%2foidc set size:undefined disposed:false
1686 http fetch GET 200 https://registry.npmjs.org/tar-stream 115ms (cache miss)
1687 silly packumentCache full:https://registry.npmjs.org/tar-stream set size:undefined disposed:false
1688 http fetch GET 200 https://registry.npmjs.org/jsonlines 123ms (cache miss)
1689 silly packumentCache full:https://registry.npmjs.org/jsonlines set size:undefined disposed:false
1690 silly placeDep node_modules/vercel @vercel/oidc@3.2.0 OK for: @vercel/sandbox@1.9.0 want: 3.2.0
1691 silly placeDep node_modules/vercel jsonlines@0.1.1 OK for: @vercel/sandbox@1.9.0 want: 0.1.1
1692 silly placeDep node_modules/vercel/node_modules/@vercel/sandbox ms@2.1.3 OK for: @vercel/sandbox@1.9.0 want: 2.1.3
1693 silly placeDep node_modules/vercel/node_modules/@vercel/sandbox picocolors@1.1.1 OK for: @vercel/sandbox@1.9.0 want: ^1.1.1
1694 silly placeDep node_modules/vercel tar-stream@3.1.7 OK for: @vercel/sandbox@1.9.0 want: 3.1.7
1695 silly placeDep node_modules/vercel/node_modules/@vercel/sandbox undici@7.25.0 OK for: @vercel/sandbox@1.9.0 want: ^7.16.0
1696 silly placeDep node_modules/vercel/node_modules/@vercel/sandbox xdg-app-paths@5.1.0 OK for: @vercel/sandbox@1.9.0 want: 5.1.0
1697 silly placeDep node_modules/vercel/node_modules/@vercel/sandbox zod@3.24.4 OK for: @vercel/sandbox@1.9.0 want: 3.24.4
1698 silly fetch manifest b4a@^1.6.4
1699 silly packumentCache full:https://registry.npmjs.org/b4a cache-miss
1700 silly fetch manifest streamx@^2.15.0
1701 silly packumentCache full:https://registry.npmjs.org/streamx cache-miss
1702 silly fetch manifest fast-fifo@^1.2.0
1703 silly packumentCache full:https://registry.npmjs.org/fast-fifo cache-miss
1704 http fetch GET 200 https://registry.npmjs.org/fast-fifo 26ms (cache miss)
1705 silly packumentCache full:https://registry.npmjs.org/fast-fifo set size:undefined disposed:false
1706 http fetch GET 200 https://registry.npmjs.org/streamx 26ms (cache miss)
1707 silly packumentCache full:https://registry.npmjs.org/streamx set size:undefined disposed:false
1708 http fetch GET 200 https://registry.npmjs.org/b4a 101ms (cache miss)
1709 silly packumentCache full:https://registry.npmjs.org/b4a set size:undefined disposed:false
1710 silly placeDep node_modules/vercel/node_modules/semver lru-cache@6.0.0 OK for: semver@7.5.4 want: ^6.0.0
1711 silly fetch manifest yallist@^4.0.0
1712 silly packumentCache full:https://registry.npmjs.org/yallist cache-miss
1713 http cache https://registry.npmjs.org/yallist 1ms (cache hit)
1714 silly packumentCache full:https://registry.npmjs.org/yallist set size:34610 disposed:false
1715 silly placeDep node_modules/vercel shebang-regex@3.0.0 OK for: shebang-command@2.0.0 want: ^3.0.0
1716 silly placeDep node_modules/vercel socks@2.8.9 OK for: socks-proxy-agent@8.0.5 want: ^2.8.3
1717 silly fetch manifest ip-address@^10.1.1
1718 silly packumentCache full:https://registry.npmjs.org/ip-address cache-miss
1719 silly fetch manifest smart-buffer@^4.2.0
1720 silly packumentCache full:https://registry.npmjs.org/smart-buffer cache-miss
1721 http fetch GET 200 https://registry.npmjs.org/ip-address 26ms (cache miss)
1722 silly packumentCache full:https://registry.npmjs.org/ip-address set size:undefined disposed:false
1723 http fetch GET 200 https://registry.npmjs.org/smart-buffer 28ms (cache miss)
1724 silly packumentCache full:https://registry.npmjs.org/smart-buffer set size:undefined disposed:false
1725 silly placeDep node_modules/vercel ip-address@10.2.0 OK for: socks@2.8.9 want: ^10.1.1
1726 silly placeDep node_modules/vercel smart-buffer@4.2.0 OK for: socks@2.8.9 want: ^4.2.0
1727 silly placeDep node_modules/vercel cookie-es@2.0.1 OK for: srvx@0.8.9 want: ^2.0.0
1728 silly placeDep node_modules/vercel any-promise@1.3.0 OK for: stream-to-promise@2.2.0 want: ~1.3.0
1729 silly placeDep node_modules/vercel/node_modules/stream-to-promise end-of-stream@1.1.0 OK for: stream-to-promise@2.2.0 want: ~1.1.0
1730 silly placeDep node_modules/vercel stream-to-array@2.3.0 OK for: stream-to-promise@2.2.0 want: ~2.3.0
1731 silly fetch manifest once@~1.3.0
1732 silly packumentCache full:https://registry.npmjs.org/once cache-hit
1733 silly placeDep node_modules/vercel @isaacs/fs-minipass@4.0.1 OK for: tar@7.5.7 want: ^4.0.0
1734 silly placeDep node_modules/vercel chownr@3.0.0 OK for: tar@7.5.7 want: ^3.0.0
1735 silly placeDep node_modules/vercel minizlib@3.1.0 OK for: tar@7.5.7 want: ^3.1.0
1736 silly placeDep node_modules/vercel yallist@5.0.0 OK for: tar@7.5.7 want: ^5.0.0
1737 silly fetch manifest react-native-b4a@*
1738 silly packumentCache full:https://registry.npmjs.org/react-native-b4a cache-miss
1739 http fetch GET 200 https://registry.npmjs.org/react-native-b4a 124ms (cache miss)
1740 silly packumentCache full:https://registry.npmjs.org/react-native-b4a set size:undefined disposed:false
1741 silly fetch manifest react@*
1742 silly packumentCache full:https://registry.npmjs.org/react cache-miss
1743 http fetch GET 200 https://registry.npmjs.org/react 35ms (cache revalidated)
1744 silly packumentCache full:https://registry.npmjs.org/react set size:6650647 disposed:false
1745 silly fetch manifest react-native@*
1746 silly packumentCache full:https://registry.npmjs.org/react-native cache-miss
1747 http fetch GET 200 https://registry.npmjs.org/react-native 196ms (cache miss)
1748 silly packumentCache full:https://registry.npmjs.org/react-native set size:undefined disposed:false
1749 silly fetch manifest @react-native/jest-preset@0.85.3
1750 silly packumentCache full:https://registry.npmjs.org/@react-native%2fjest-preset cache-miss
1751 http fetch GET 200 https://registry.npmjs.org/@react-native%2fjest-preset 155ms (cache miss)
1752 silly packumentCache full:https://registry.npmjs.org/@react-native%2fjest-preset set size:undefined disposed:false
1753 silly fetch manifest @types/react@^19.1.1
1754 silly packumentCache full:https://registry.npmjs.org/@types%2freact cache-miss
1755 http fetch GET 200 https://registry.npmjs.org/@types%2freact 71ms (cache revalidated)
1756 silly packumentCache full:https://registry.npmjs.org/@types%2freact set size:2588964 disposed:false
1757 silly placeDep node_modules/vercel b4a@1.8.1 OK for: tar-stream@3.1.7 want: ^1.6.4
1758 silly placeDep node_modules/vercel fast-fifo@1.3.2 OK for: tar-stream@3.1.7 want: ^1.2.0
1759 silly placeDep node_modules/vercel streamx@2.25.0 OK for: tar-stream@3.1.7 want: ^2.15.0
1760 silly fetch manifest events-universal@^1.0.0
1761 silly packumentCache full:https://registry.npmjs.org/events-universal cache-miss
1762 silly fetch manifest text-decoder@^1.1.0
1763 silly packumentCache full:https://registry.npmjs.org/text-decoder cache-miss
1764 http fetch GET 200 https://registry.npmjs.org/text-decoder 26ms (cache miss)
1765 silly packumentCache full:https://registry.npmjs.org/text-decoder set size:undefined disposed:false
1766 http fetch GET 200 https://registry.npmjs.org/events-universal 27ms (cache miss)
1767 silly packumentCache full:https://registry.npmjs.org/events-universal set size:undefined disposed:false
1768 silly placeDep node_modules/vercel events-universal@1.0.1 OK for: streamx@2.25.0 want: ^1.0.0
1769 silly placeDep node_modules/vercel text-decoder@1.2.7 OK for: streamx@2.25.0 want: ^1.1.0
1770 silly fetch manifest bare-events@^2.7.0
1771 silly packumentCache full:https://registry.npmjs.org/bare-events cache-miss
1772 http fetch GET 200 https://registry.npmjs.org/bare-events 25ms (cache miss)
1773 silly packumentCache full:https://registry.npmjs.org/bare-events set size:undefined disposed:false
1774 silly fetch manifest bare-abort-controller@*
1775 silly packumentCache full:https://registry.npmjs.org/bare-abort-controller cache-miss
1776 http fetch GET 200 https://registry.npmjs.org/bare-abort-controller 130ms (cache miss)
1777 silly packumentCache full:https://registry.npmjs.org/bare-abort-controller set size:undefined disposed:false
1778 silly placeDep node_modules/vercel bare-events@2.8.2 OK for: events-universal@1.0.1 want: ^2.7.0
1779 silly placeDep node_modules/vercel convert-hrtime@3.0.0 OK for: time-span@4.0.0 want: ^3.0.0
1780 silly placeDep node_modules/vercel @ts-morph/common@0.11.1 OK for: ts-morph@12.0.0 want: ~0.11.0
1781 silly placeDep node_modules/vercel code-block-writer@10.1.1 OK for: ts-morph@12.0.0 want: ^10.1.1
1782 silly fetch manifest mkdirp@^1.0.4
1783 silly packumentCache full:https://registry.npmjs.org/mkdirp cache-miss
1784 silly fetch manifest fast-glob@^3.2.7
1785 silly packumentCache full:https://registry.npmjs.org/fast-glob cache-miss
1786 silly fetch manifest minimatch@^3.0.4
1787 silly packumentCache full:https://registry.npmjs.org/minimatch cache-hit
1788 silly fetch manifest path-browserify@^1.0.1
1789 silly packumentCache full:https://registry.npmjs.org/path-browserify cache-miss
1790 http fetch GET 200 https://registry.npmjs.org/mkdirp 29ms (cache miss)
1791 silly packumentCache full:https://registry.npmjs.org/mkdirp set size:undefined disposed:false
1792 http fetch GET 200 https://registry.npmjs.org/path-browserify 120ms (cache miss)
1793 silly packumentCache full:https://registry.npmjs.org/path-browserify set size:undefined disposed:false
1794 http fetch GET 200 https://registry.npmjs.org/fast-glob 123ms (cache revalidated)
1795 silly packumentCache full:https://registry.npmjs.org/fast-glob set size:220556 disposed:false
1796 silly placeDep node_modules/vercel fast-glob@3.3.3 OK for: @ts-morph/common@0.11.1 want: ^3.2.7
1797 silly placeDep node_modules/vercel/node_modules/@ts-morph/common minimatch@3.1.5 OK for: @ts-morph/common@0.11.1 want: ^3.0.4
1798 silly placeDep node_modules/vercel mkdirp@1.0.4 OK for: @ts-morph/common@0.11.1 want: ^1.0.4
1799 silly placeDep node_modules/vercel path-browserify@1.0.1 OK for: @ts-morph/common@0.11.1 want: ^1.0.1
1800 silly fetch manifest @nodelib/fs.stat@^2.0.2
1801 silly packumentCache full:https://registry.npmjs.org/@nodelib%2ffs.stat cache-miss
1802 silly fetch manifest @nodelib/fs.walk@^1.2.3
1803 silly packumentCache full:https://registry.npmjs.org/@nodelib%2ffs.walk cache-miss
1804 silly fetch manifest glob-parent@^5.1.2
1805 silly packumentCache full:https://registry.npmjs.org/glob-parent cache-miss
1806 silly fetch manifest merge2@^1.3.0
1807 silly packumentCache full:https://registry.npmjs.org/merge2 cache-miss
1808 silly fetch manifest micromatch@^4.0.8
1809 silly packumentCache full:https://registry.npmjs.org/micromatch cache-miss
1810 silly fetch manifest brace-expansion@^1.1.7
1811 silly packumentCache full:https://registry.npmjs.org/brace-expansion cache-hit
1812 http fetch GET 200 https://registry.npmjs.org/merge2 159ms (cache revalidated)
1813 silly packumentCache full:https://registry.npmjs.org/merge2 set size:46159 disposed:false
1814 http fetch GET 200 https://registry.npmjs.org/@nodelib%2ffs.stat 169ms (cache revalidated)
1815 silly packumentCache full:https://registry.npmjs.org/@nodelib%2ffs.stat set size:36993 disposed:false
1816 http fetch GET 200 https://registry.npmjs.org/micromatch 305ms (cache revalidated)
1817 silly packumentCache full:https://registry.npmjs.org/micromatch set size:240630 disposed:false
1818 http fetch GET 200 https://registry.npmjs.org/glob-parent 310ms (cache revalidated)
1819 silly packumentCache full:https://registry.npmjs.org/glob-parent set size:42445 disposed:false
1820 http fetch GET 200 https://registry.npmjs.org/@nodelib%2ffs.walk 314ms (cache revalidated)
1821 silly packumentCache full:https://registry.npmjs.org/@nodelib%2ffs.walk set size:41589 disposed:false
1822 silly placeDep node_modules/vercel @nodelib/fs.stat@2.0.5 OK for: fast-glob@3.3.3 want: ^2.0.2
1823 silly placeDep node_modules/vercel @nodelib/fs.walk@1.2.8 OK for: fast-glob@3.3.3 want: ^1.2.3
1824 silly placeDep node_modules/vercel glob-parent@5.1.2 OK for: fast-glob@3.3.3 want: ^5.1.2
1825 silly placeDep node_modules/vercel merge2@1.4.1 OK for: fast-glob@3.3.3 want: ^1.3.0
1826 silly placeDep node_modules/vercel micromatch@4.0.8 OK for: fast-glob@3.3.3 want: ^4.0.8
1827 silly fetch manifest fastq@^1.6.0
1828 silly packumentCache full:https://registry.npmjs.org/fastq cache-miss
1829 silly fetch manifest @nodelib/fs.scandir@2.1.5
1830 silly packumentCache full:https://registry.npmjs.org/@nodelib%2ffs.scandir cache-miss
1831 silly fetch manifest is-glob@^4.0.1
1832 silly packumentCache full:https://registry.npmjs.org/is-glob cache-miss
1833 silly fetch manifest braces@^3.0.3
1834 silly packumentCache full:https://registry.npmjs.org/braces cache-miss
1835 silly fetch manifest picomatch@^2.3.1
1836 silly packumentCache full:https://registry.npmjs.org/picomatch cache-hit
1837 http fetch GET 200 https://registry.npmjs.org/braces 46ms (cache revalidated)
1838 silly packumentCache full:https://registry.npmjs.org/braces set size:114529 disposed:false
1839 http fetch GET 200 https://registry.npmjs.org/fastq 50ms (cache revalidated)
1840 silly packumentCache full:https://registry.npmjs.org/fastq set size:78301 disposed:false
1841 http fetch GET 200 https://registry.npmjs.org/@nodelib%2ffs.scandir 88ms (cache revalidated)
1842 silly packumentCache full:https://registry.npmjs.org/@nodelib%2ffs.scandir set size:49256 disposed:false
1843 http fetch GET 200 https://registry.npmjs.org/is-glob 95ms (cache revalidated)
1844 silly packumentCache full:https://registry.npmjs.org/is-glob set size:40530 disposed:false
1845 silly placeDep node_modules/vercel @nodelib/fs.scandir@2.1.5 OK for: @nodelib/fs.walk@1.2.8 want: 2.1.5
1846 silly placeDep node_modules/vercel fastq@1.20.1 OK for: @nodelib/fs.walk@1.2.8 want: ^1.6.0
1847 silly fetch manifest run-parallel@^1.1.9
1848 silly packumentCache full:https://registry.npmjs.org/run-parallel cache-miss
1849 silly fetch manifest reusify@^1.0.4
1850 silly packumentCache full:https://registry.npmjs.org/reusify cache-miss
1851 http fetch GET 200 https://registry.npmjs.org/reusify 72ms (cache revalidated)
1852 silly packumentCache full:https://registry.npmjs.org/reusify set size:14249 disposed:false
1853 http fetch GET 200 https://registry.npmjs.org/run-parallel 88ms (cache revalidated)
1854 silly packumentCache full:https://registry.npmjs.org/run-parallel set size:35172 disposed:false
1855 silly placeDep node_modules/vercel run-parallel@1.2.0 OK for: @nodelib/fs.scandir@2.1.5 want: ^1.1.9
1856 silly fetch manifest queue-microtask@^1.2.2
1857 silly packumentCache full:https://registry.npmjs.org/queue-microtask cache-miss
1858 http fetch GET 200 https://registry.npmjs.org/queue-microtask 35ms (cache revalidated)
1859 silly packumentCache full:https://registry.npmjs.org/queue-microtask set size:36088 disposed:false
1860 silly placeDep node_modules/vercel reusify@1.1.0 OK for: fastq@1.20.1 want: ^1.0.4
1861 silly placeDep node_modules/vercel is-glob@4.0.3 OK for: glob-parent@5.1.2 want: ^4.0.1
1862 silly fetch manifest is-extglob@^2.1.1
1863 silly packumentCache full:https://registry.npmjs.org/is-extglob cache-miss
1864 http fetch GET 200 https://registry.npmjs.org/is-extglob 126ms (cache revalidated)
1865 silly packumentCache full:https://registry.npmjs.org/is-extglob set size:11766 disposed:false
1866 silly placeDep node_modules/vercel is-extglob@2.1.1 OK for: is-glob@4.0.3 want: ^2.1.1
1867 silly placeDep node_modules/vercel braces@3.0.3 OK for: micromatch@4.0.8 want: ^3.0.3
1868 silly placeDep node_modules/vercel/node_modules/micromatch picomatch@2.3.2 OK for: micromatch@4.0.8 want: ^2.3.1
1869 silly fetch manifest fill-range@^7.1.1
1870 silly packumentCache full:https://registry.npmjs.org/fill-range cache-miss
1871 http fetch GET 200 https://registry.npmjs.org/fill-range 98ms (cache revalidated)
1872 silly packumentCache full:https://registry.npmjs.org/fill-range set size:90212 disposed:false
1873 silly placeDep node_modules/vercel fill-range@7.1.1 OK for: braces@3.0.3 want: ^7.1.1
1874 silly fetch manifest to-regex-range@^5.0.1
1875 silly packumentCache full:https://registry.npmjs.org/to-regex-range cache-miss
1876 http fetch GET 200 https://registry.npmjs.org/to-regex-range 94ms (cache revalidated)
1877 silly packumentCache full:https://registry.npmjs.org/to-regex-range set size:61569 disposed:false
1878 silly placeDep node_modules/vercel to-regex-range@5.0.1 OK for: fill-range@7.1.1 want: ^5.0.1
1879 silly fetch manifest is-number@^7.0.0
1880 silly packumentCache full:https://registry.npmjs.org/is-number cache-miss
1881 http fetch GET 200 https://registry.npmjs.org/is-number 202ms (cache revalidated)
1882 silly packumentCache full:https://registry.npmjs.org/is-number set size:36183 disposed:false
1883 silly placeDep node_modules/vercel queue-microtask@1.2.3 OK for: run-parallel@1.2.0 want: ^1.2.2
1884 silly placeDep node_modules/vercel is-number@7.0.0 OK for: to-regex-range@5.0.1 want: ^7.0.0
1885 silly placeDep node_modules/vercel fsevents@2.3.3 OK for: tsx@4.21.0 want: ~2.3.3
1886 silly placeDep node_modules/vercel get-tsconfig@4.14.0 OK for: tsx@4.21.0 want: ^4.7.5
1887 silly fetch manifest resolve-pkg-maps@^1.0.0
1888 silly packumentCache full:https://registry.npmjs.org/resolve-pkg-maps cache-miss
1889 http fetch GET 200 https://registry.npmjs.org/resolve-pkg-maps 109ms (cache revalidated)
1890 silly packumentCache full:https://registry.npmjs.org/resolve-pkg-maps set size:11615 disposed:false
1891 silly placeDep node_modules/vercel resolve-pkg-maps@1.0.0 OK for: get-tsconfig@4.14.0 want: ^1.0.0
1892 silly placeDep node_modules/vercel punycode@2.3.1 OK for: uri-js@4.4.1 want: ^2.1.0
1893 silly placeDep node_modules/vercel tr46@0.0.3 OK for: whatwg-url@5.0.0 want: ~0.0.3
1894 silly placeDep node_modules/vercel webidl-conversions@3.0.1 OK for: whatwg-url@5.0.0 want: ^3.0.0
1895 silly placeDep node_modules/vercel isexe@2.0.0 OK for: which@2.0.2 want: ^2.0.0
1896 silly placeDep node_modules/vercel os-paths@4.4.0 OK for: xdg-app-paths@5.5.1 want: ^4.0.1
1897 silly placeDep node_modules/vercel xdg-portable@7.3.0 OK for: xdg-app-paths@5.5.1 want: ^7.2.0
1898 silly placeDep node_modules/vercel yauzl@2.10.0 OK for: yauzl-promise@2.1.3 want: ^2.9.1
1899 silly placeDep node_modules/vercel yauzl-clone@1.0.4 OK for: yauzl-promise@2.1.3 want: ^1.0.4
1900 silly fetch manifest fd-slicer@~1.1.0
1901 silly packumentCache full:https://registry.npmjs.org/fd-slicer cache-miss
1902 silly fetch manifest buffer-crc32@~0.2.3
1903 silly packumentCache full:https://registry.npmjs.org/buffer-crc32 cache-miss
1904 silly fetch manifest events-intercept@^2.0.0
1905 silly packumentCache full:https://registry.npmjs.org/events-intercept cache-miss
1906 http fetch GET 200 https://registry.npmjs.org/fd-slicer 24ms (cache miss)
1907 silly packumentCache full:https://registry.npmjs.org/fd-slicer set size:undefined disposed:false
1908 http fetch GET 200 https://registry.npmjs.org/buffer-crc32 24ms (cache miss)
1909 silly packumentCache full:https://registry.npmjs.org/buffer-crc32 set size:undefined disposed:false
1910 http fetch GET 200 https://registry.npmjs.org/events-intercept 110ms (cache miss)
1911 silly packumentCache full:https://registry.npmjs.org/events-intercept set size:undefined disposed:false
1912 silly placeDep node_modules/vercel buffer-crc32@0.2.13 OK for: yauzl@2.10.0 want: ~0.2.3
1913 silly placeDep node_modules/vercel fd-slicer@1.1.0 OK for: yauzl@2.10.0 want: ~1.1.0
1914 silly fetch manifest pend@~1.2.0
1915 silly packumentCache full:https://registry.npmjs.org/pend cache-miss
1916 http fetch GET 200 https://registry.npmjs.org/pend 27ms (cache miss)
1917 silly packumentCache full:https://registry.npmjs.org/pend set size:undefined disposed:false
1918 silly placeDep node_modules/vercel pend@1.2.0 OK for: fd-slicer@1.1.0 want: ~1.2.0
1919 silly placeDep node_modules/vercel events-intercept@2.0.0 OK for: yauzl-clone@1.0.4 want: ^2.0.0
1920 silly placeDep node_modules/vercel brace-expansion@1.1.14 OK for: minimatch@3.1.5 want: ^1.1.7
1921 silly fetch manifest concat-map@0.0.1
1922 silly packumentCache full:https://registry.npmjs.org/concat-map cache-miss
1923 silly fetch manifest balanced-match@^1.0.0
1924 silly packumentCache full:https://registry.npmjs.org/balanced-match cache-miss
1925 http fetch GET 200 https://registry.npmjs.org/balanced-match 137ms (cache revalidated)
1926 silly packumentCache full:https://registry.npmjs.org/balanced-match set size:39082 disposed:false
1927 http fetch GET 200 https://registry.npmjs.org/concat-map 176ms (cache revalidated)
1928 silly packumentCache full:https://registry.npmjs.org/concat-map set size:9290 disposed:false
1929 silly placeDep node_modules/vercel balanced-match@1.0.2 OK for: brace-expansion@1.1.14 want: ^1.0.0
1930 silly placeDep node_modules/vercel concat-map@0.0.1 OK for: brace-expansion@1.1.14 want: 0.0.1
1931 silly placeDep node_modules/vercel @fastify/busboy@2.1.1 OK for: undici@5.28.4 want: ^2.0.0
1932 silly placeDep node_modules/vercel/node_modules/@vercel/python-analysis argparse@2.0.1 OK for: js-yaml@4.1.1 want: ^2.0.1
1933 silly placeDep node_modules/vercel/node_modules/@vercel/rust get-stream@6.0.1 OK for: execa@5.1.1 want: ^6.0.0
1934 silly placeDep node_modules/vercel/node_modules/@vercel/rust human-signals@2.1.0 OK for: execa@5.1.1 want: ^2.1.0
1935 silly placeDep node_modules/vercel/node_modules/@vercel/rust signal-exit@3.0.7 OK for: execa@5.1.1 want: ^3.0.3
1936 silly placeDep node_modules/vercel/node_modules/glob brace-expansion@5.0.6 OK for: minimatch@10.2.5 want: ^5.0.5
1937 silly fetch manifest balanced-match@^4.0.2
1938 silly packumentCache full:https://registry.npmjs.org/balanced-match cache-hit
1939 silly placeDep node_modules/vercel/node_modules/glob balanced-match@4.0.4 OK for: brace-expansion@5.0.6 want: ^4.0.2
1940 silly placeDep node_modules/vercel/node_modules/sandbox ms@2.1.3 OK for: debug@4.4.3 want: ^2.1.3
1941 silly placeDep node_modules/vercel/node_modules/semver yallist@4.0.0 OK for: lru-cache@6.0.0 want: ^4.0.0
1942 silly placeDep node_modules/vercel/node_modules/stream-to-promise once@1.3.3 OK for: end-of-stream@1.1.0 want: ~1.3.0
1943 silly reify moves {}
1944 verbose stack Error: EPERM: operation not permitted, mkdir '/Users/miguelfribeiro/.npm-global/lib/node_modules/vercel'
1944 verbose stack     at async mkdir (node:internal/fs/promises:858:10)
1944 verbose stack     at async /usr/local/lib/node_modules/npm/node_modules/@npmcli/arborist/lib/arborist/reify.js:572:20
1944 verbose stack     at async Promise.allSettled (index 0)
1944 verbose stack     at async #reifyPackages (/usr/local/lib/node_modules/npm/node_modules/@npmcli/arborist/lib/arborist/reify.js:309:11)
1944 verbose stack     at async Arborist.reify (/usr/local/lib/node_modules/npm/node_modules/@npmcli/arborist/lib/arborist/reify.js:121:5)
1944 verbose stack     at async Install.exec (/usr/local/lib/node_modules/npm/lib/commands/install.js:150:5)
1944 verbose stack     at async Npm.exec (/usr/local/lib/node_modules/npm/lib/npm.js:208:9)
1944 verbose stack     at async module.exports (/usr/local/lib/node_modules/npm/lib/cli/entry.js:67:5)
1945 error code EPERM
1946 error syscall mkdir
1947 error path /Users/miguelfribeiro/.npm-global/lib/node_modules/vercel
1948 error errno -1
1949 error Error: EPERM: operation not permitted, mkdir '/Users/miguelfribeiro/.npm-global/lib/node_modules/vercel'
1949 error     at async mkdir (node:internal/fs/promises:858:10)
1949 error     at async /usr/local/lib/node_modules/npm/node_modules/@npmcli/arborist/lib/arborist/reify.js:572:20
1949 error     at async Promise.allSettled (index 0)
1949 error     at async #reifyPackages (/usr/local/lib/node_modules/npm/node_modules/@npmcli/arborist/lib/arborist/reify.js:309:11)
1949 error     at async Arborist.reify (/usr/local/lib/node_modules/npm/node_modules/@npmcli/arborist/lib/arborist/reify.js:121:5)
1949 error     at async Install.exec (/usr/local/lib/node_modules/npm/lib/commands/install.js:150:5)
1949 error     at async Npm.exec (/usr/local/lib/node_modules/npm/lib/npm.js:208:9)
1949 error     at async module.exports (/usr/local/lib/node_modules/npm/lib/cli/entry.js:67:5) {
1949 error   errno: -1,
1949 error   code: 'EPERM',
1949 error   syscall: 'mkdir',
1949 error   path: '/Users/miguelfribeiro/.npm-global/lib/node_modules/vercel'
1949 error }
1950 error
1950 error The operation was rejected by your operating system.
1950 error It is likely you do not have the permissions to access this file as the current user
1950 error
1950 error If you believe this might be a permissions issue, please double-check the
1950 error permissions of the file and its containing directories, or try running
1950 error the command again as root/Administrator.
1951 silly unfinished npm timer reify 1778456178024
1952 silly unfinished npm timer reify:createSparse 1778456187481
1953 verbose cwd /Users/miguelfribeiro/Documents/SecLayer
1954 verbose os Darwin 25.4.0
1955 verbose node v22.17.0
1956 verbose npm  v11.8.0
1957 verbose exit -1
1958 verbose code -1
1959 error A complete log of this run can be found in: /Users/miguelfribeiro/Documents/SecLayer/.npm-cache/_logs/2026-05-10T23_36_17_942Z-debug-0.log
