0 verbose cli /usr/local/bin/node /usr/local/bin/npm
1 info using npm@11.8.0
2 info using node@v22.17.0
3 silly config load:file:/usr/local/lib/node_modules/npm/npmrc
4 silly config load:file:/Users/miguelfribeiro/Documents/SecLayer/.npmrc
5 silly config load:file:/Users/miguelfribeiro/.npmrc
6 silly config load:file:/Users/miguelfribeiro/.npm-global/etc/npmrc
7 verbose title npm install
8 verbose argv "install" "--cache" "./.npm-cache"
9 verbose logfile logs-max:10 dir:/Users/miguelfribeiro/Documents/SecLayer/.npm-cache/_logs/2026-05-10T21_37_01_933Z-
10 verbose logfile /Users/miguelfribeiro/Documents/SecLayer/.npm-cache/_logs/2026-05-10T21_37_01_933Z-debug-0.log
11 silly logfile done cleaning log files
12 silly packumentCache heap:4345298944 maxSize:1086324736 maxEntrySize:543162368
13 silly idealTree buildDeps
14 silly fetch manifest next@^14.2.29
15 silly packumentCache full:https://registry.npmjs.org/next cache-miss
16 http fetch GET 200 https://registry.npmjs.org/npm 143ms
17 http fetch GET 200 https://registry.npmjs.org/next 381ms (cache miss)
18 silly packumentCache full:https://registry.npmjs.org/next set size:undefined disposed:false
19 silly fetch manifest @opentelemetry/api@^1.1.0
20 silly packumentCache full:https://registry.npmjs.org/@opentelemetry%2fapi cache-miss
21 http fetch GET 200 https://registry.npmjs.org/@opentelemetry%2fapi 42ms (cache miss)
22 silly packumentCache full:https://registry.npmjs.org/@opentelemetry%2fapi set size:undefined disposed:false
23 silly fetch manifest @playwright/test@^1.41.2
24 silly packumentCache full:https://registry.npmjs.org/@playwright%2ftest cache-miss
25 http fetch GET 200 https://registry.npmjs.org/@playwright%2ftest 364ms (cache miss)
26 silly packumentCache full:https://registry.npmjs.org/@playwright%2ftest set size:undefined disposed:false
27 silly fetch manifest react@^18.3.1
28 silly packumentCache full:https://registry.npmjs.org/react cache-miss
29 http fetch GET 200 https://registry.npmjs.org/react 147ms (cache miss)
30 silly packumentCache full:https://registry.npmjs.org/react set size:undefined disposed:false
31 silly fetch manifest react-dom@^18.3.1
32 silly packumentCache full:https://registry.npmjs.org/react-dom cache-miss
33 http fetch GET 200 https://registry.npmjs.org/react-dom 142ms (cache miss)
34 silly packumentCache full:https://registry.npmjs.org/react-dom set size:undefined disposed:false
35 silly fetch manifest sass@^1.3.0
36 silly packumentCache full:https://registry.npmjs.org/sass cache-miss
37 http fetch GET 200 https://registry.npmjs.org/sass 48ms (cache miss)
38 silly packumentCache full:https://registry.npmjs.org/sass set size:undefined disposed:false
39 silly fetch manifest @next/mdx@^14.2.29
40 silly packumentCache full:https://registry.npmjs.org/@next%2fmdx cache-miss
41 http fetch GET 200 https://registry.npmjs.org/@next%2fmdx 177ms (cache miss)
42 silly packumentCache full:https://registry.npmjs.org/@next%2fmdx set size:undefined disposed:false
43 silly fetch manifest @mdx-js/loader@>=0.15.0
44 silly packumentCache full:https://registry.npmjs.org/@mdx-js%2floader cache-miss
45 http fetch GET 200 https://registry.npmjs.org/@mdx-js%2floader 304ms (cache miss)
46 silly packumentCache full:https://registry.npmjs.org/@mdx-js%2floader set size:undefined disposed:false
47 silly fetch manifest webpack@>=5
48 silly packumentCache full:https://registry.npmjs.org/webpack cache-miss
49 http fetch GET 200 https://registry.npmjs.org/webpack 86ms (cache miss)
50 silly packumentCache full:https://registry.npmjs.org/webpack set size:undefined disposed:false
51 silly fetch manifest @mdx-js/react@^3.1.0
52 silly packumentCache full:https://registry.npmjs.org/@mdx-js%2freact cache-miss
53 http fetch GET 200 https://registry.npmjs.org/@mdx-js%2freact 47ms (cache miss)
54 silly packumentCache full:https://registry.npmjs.org/@mdx-js%2freact set size:undefined disposed:false
55 silly fetch manifest @types/react@^18.3.0
56 silly packumentCache full:https://registry.npmjs.org/@types%2freact cache-miss
57 http fetch GET 200 https://registry.npmjs.org/@types%2freact 181ms (cache miss)
58 silly packumentCache full:https://registry.npmjs.org/@types%2freact set size:undefined disposed:false
59 silly fetch manifest katex@^0.16.11
60 silly packumentCache full:https://registry.npmjs.org/katex cache-miss
61 http fetch GET 200 https://registry.npmjs.org/katex 38ms (cache miss)
62 silly packumentCache full:https://registry.npmjs.org/katex set size:undefined disposed:false
63 silly fetch manifest rehype-katex@^7.0.0
64 silly packumentCache full:https://registry.npmjs.org/rehype-katex cache-miss
65 http fetch GET 200 https://registry.npmjs.org/rehype-katex 26ms (cache miss)
66 silly packumentCache full:https://registry.npmjs.org/rehype-katex set size:undefined disposed:false
67 silly fetch manifest remark-math@^6.0.0
68 silly packumentCache full:https://registry.npmjs.org/remark-math cache-miss
69 http fetch GET 200 https://registry.npmjs.org/remark-math 33ms (cache miss)
70 silly packumentCache full:https://registry.npmjs.org/remark-math set size:undefined disposed:false
71 silly fetch manifest rehype-highlight@^7.0.1
72 silly packumentCache full:https://registry.npmjs.org/rehype-highlight cache-miss
73 http fetch GET 200 https://registry.npmjs.org/rehype-highlight 24ms (cache miss)
74 silly packumentCache full:https://registry.npmjs.org/rehype-highlight set size:undefined disposed:false
75 silly fetch manifest highlight.js@^11.11.0
76 silly packumentCache full:https://registry.npmjs.org/highlight.js cache-miss
77 http fetch GET 200 https://registry.npmjs.org/highlight.js 40ms (cache miss)
78 silly packumentCache full:https://registry.npmjs.org/highlight.js set size:undefined disposed:false
79 silly fetch manifest typescript@^5.4.0
80 silly packumentCache full:https://registry.npmjs.org/typescript cache-miss
81 http fetch GET 200 https://registry.npmjs.org/typescript 231ms (cache miss)
82 silly packumentCache full:https://registry.npmjs.org/typescript set size:undefined disposed:false
83 silly fetch manifest @types/node@^20.12.0
84 silly packumentCache full:https://registry.npmjs.org/@types%2fnode cache-miss
85 http fetch GET 200 https://registry.npmjs.org/@types%2fnode 173ms (cache miss)
86 silly packumentCache full:https://registry.npmjs.org/@types%2fnode set size:undefined disposed:false
87 silly fetch manifest @types/react-dom@^18.3.0
88 silly packumentCache full:https://registry.npmjs.org/@types%2freact-dom cache-miss
89 http fetch GET 200 https://registry.npmjs.org/@types%2freact-dom 37ms (cache miss)
90 silly packumentCache full:https://registry.npmjs.org/@types%2freact-dom set size:undefined disposed:false
91 silly fetch manifest tailwindcss@^3.4.17
92 silly packumentCache full:https://registry.npmjs.org/tailwindcss cache-miss
93 http fetch GET 200 https://registry.npmjs.org/tailwindcss 148ms (cache miss)
94 silly packumentCache full:https://registry.npmjs.org/tailwindcss set size:undefined disposed:false
95 silly fetch manifest postcss@^8.5.0
96 silly packumentCache full:https://registry.npmjs.org/postcss cache-miss
97 http fetch GET 200 https://registry.npmjs.org/postcss 34ms (cache miss)
98 silly packumentCache full:https://registry.npmjs.org/postcss set size:undefined disposed:false
99 silly fetch manifest autoprefixer@^10.4.20
100 silly packumentCache full:https://registry.npmjs.org/autoprefixer cache-miss
101 http fetch GET 200 https://registry.npmjs.org/autoprefixer 48ms (cache miss)
102 silly packumentCache full:https://registry.npmjs.org/autoprefixer set size:undefined disposed:false
103 silly fetch manifest eslint@^8.57.0
104 silly packumentCache full:https://registry.npmjs.org/eslint cache-miss
105 http fetch GET 200 https://registry.npmjs.org/eslint 49ms (cache miss)
106 silly packumentCache full:https://registry.npmjs.org/eslint set size:undefined disposed:false
107 silly fetch manifest eslint-config-next@^14.2.29
108 silly packumentCache full:https://registry.npmjs.org/eslint-config-next cache-miss
109 http fetch GET 200 https://registry.npmjs.org/eslint-config-next 153ms (cache miss)
110 silly packumentCache full:https://registry.npmjs.org/eslint-config-next set size:undefined disposed:false
111 silly placeDep ROOT @mdx-js/react@3.1.1 OK for: seclayers@0.1.0 want: ^3.1.0
112 silly placeDep ROOT @types/react@18.3.28 OK for: @mdx-js/react@3.1.1 want: >=16
113 silly placeDep ROOT react@18.3.1 OK for: @mdx-js/react@3.1.1 want: >=16
114 silly placeDep ROOT @next/mdx@14.2.35 OK for: seclayers@0.1.0 want: ^14.2.29
115 silly placeDep ROOT @types/node@20.19.40 OK for: seclayers@0.1.0 want: ^20.12.0
116 silly placeDep ROOT @types/react-dom@18.3.7 OK for: seclayers@0.1.0 want: ^18.3.0
117 silly placeDep ROOT autoprefixer@10.5.0 OK for: seclayers@0.1.0 want: ^10.4.20
118 silly placeDep ROOT postcss@8.5.14 OK for: autoprefixer@10.5.0 want: ^8.1.0
119 silly placeDep ROOT eslint@8.57.1 OK for: seclayers@0.1.0 want: ^8.57.0
120 silly placeDep ROOT eslint-config-next@14.2.35 OK for: seclayers@0.1.0 want: ^14.2.29
121 silly placeDep ROOT highlight.js@11.11.1 OK for: seclayers@0.1.0 want: ^11.11.0
122 silly placeDep ROOT katex@0.16.45 OK for: seclayers@0.1.0 want: ^0.16.11
123 silly placeDep ROOT next@14.2.35 OK for: seclayers@0.1.0 want: ^14.2.29
124 silly placeDep ROOT react-dom@18.3.1 OK for: next@14.2.35 want: ^18.2.0
125 silly placeDep ROOT rehype-highlight@7.0.2 OK for: seclayers@0.1.0 want: ^7.0.1
126 silly placeDep ROOT rehype-katex@7.0.1 OK for: seclayers@0.1.0 want: ^7.0.0
127 silly placeDep ROOT remark-math@6.0.0 OK for: seclayers@0.1.0 want: ^6.0.0
128 silly placeDep ROOT tailwindcss@3.4.19 OK for: seclayers@0.1.0 want: ^3.4.17
129 silly placeDep ROOT typescript@5.9.3 OK for: seclayers@0.1.0 want: ^5.4.0
130 silly fetch manifest @types/mdx@^2.0.0
131 silly packumentCache full:https://registry.npmjs.org/@types%2fmdx cache-miss
132 silly fetch manifest loose-envify@^1.1.0
133 silly packumentCache full:https://registry.npmjs.org/loose-envify cache-miss
134 silly fetch manifest csstype@^3.2.2
135 silly packumentCache full:https://registry.npmjs.org/csstype cache-miss
136 silly fetch manifest @types/prop-types@*
137 silly packumentCache full:https://registry.npmjs.org/@types%2fprop-types cache-miss
138 silly fetch manifest source-map@^0.7.0
139 silly packumentCache full:https://registry.npmjs.org/source-map cache-miss
140 silly fetch manifest undici-types@~6.21.0
141 silly packumentCache full:https://registry.npmjs.org/undici-types cache-miss
142 silly fetch manifest browserslist@^4.28.2
143 silly packumentCache full:https://registry.npmjs.org/browserslist cache-miss
144 silly fetch manifest caniuse-lite@^1.0.30001787
145 silly packumentCache full:https://registry.npmjs.org/caniuse-lite cache-miss
146 silly fetch manifest fraction.js@^5.3.4
147 silly packumentCache full:https://registry.npmjs.org/fraction.js cache-miss
148 silly fetch manifest picocolors@^1.1.1
149 silly packumentCache full:https://registry.npmjs.org/picocolors cache-miss
150 silly fetch manifest postcss-value-parser@^4.2.0
151 silly packumentCache full:https://registry.npmjs.org/postcss-value-parser cache-miss
152 silly fetch manifest nanoid@^3.3.11
153 silly packumentCache full:https://registry.npmjs.org/nanoid cache-miss
154 silly fetch manifest picocolors@^1.1.1
155 silly packumentCache full:https://registry.npmjs.org/picocolors cache-miss
156 silly fetch manifest source-map-js@^1.2.1
157 silly packumentCache full:https://registry.npmjs.org/source-map-js cache-miss
158 silly fetch manifest ajv@^6.12.4
159 silly packumentCache full:https://registry.npmjs.org/ajv cache-miss
160 http fetch GET 200 https://registry.npmjs.org/loose-envify 40ms (cache miss)
161 silly packumentCache full:https://registry.npmjs.org/loose-envify set size:undefined disposed:false
162 silly fetch manifest levn@^0.4.1
163 silly packumentCache full:https://registry.npmjs.org/levn cache-miss
164 http fetch GET 200 https://registry.npmjs.org/@types%2fprop-types 63ms (cache miss)
165 silly packumentCache full:https://registry.npmjs.org/@types%2fprop-types set size:undefined disposed:false
166 silly fetch manifest chalk@^4.0.0
167 silly packumentCache full:https://registry.npmjs.org/chalk cache-miss
168 http fetch GET 200 https://registry.npmjs.org/undici-types 70ms (cache miss)
169 silly packumentCache full:https://registry.npmjs.org/undici-types set size:undefined disposed:false
170 silly fetch manifest debug@^4.3.2
171 silly packumentCache full:https://registry.npmjs.org/debug cache-miss
172 http fetch GET 200 https://registry.npmjs.org/picocolors 71ms (cache miss)
173 silly packumentCache full:https://registry.npmjs.org/picocolors set size:undefined disposed:false
174 silly fetch manifest espree@^9.6.1
175 silly packumentCache full:https://registry.npmjs.org/espree cache-miss
176 http fetch GET 200 https://registry.npmjs.org/postcss-value-parser 72ms (cache miss)
177 silly packumentCache full:https://registry.npmjs.org/postcss-value-parser set size:undefined disposed:false
178 silly fetch manifest ignore@^5.2.0
179 silly packumentCache full:https://registry.npmjs.org/ignore cache-miss
180 http fetch GET 200 https://registry.npmjs.org/source-map-js 74ms (cache miss)
181 silly packumentCache full:https://registry.npmjs.org/source-map-js set size:undefined disposed:false
182 silly fetch manifest esquery@^1.4.2
183 silly packumentCache full:https://registry.npmjs.org/esquery cache-miss
184 http fetch GET 200 https://registry.npmjs.org/source-map 83ms (cache miss)
185 silly packumentCache full:https://registry.npmjs.org/source-map set size:undefined disposed:false
186 silly fetch manifest esutils@^2.0.2
187 silly packumentCache full:https://registry.npmjs.org/esutils cache-miss
188 http fetch GET 200 https://registry.npmjs.org/picocolors 84ms (cache miss)
189 silly packumentCache full:https://registry.npmjs.org/picocolors set size:undefined disposed:false
190 silly fetch manifest find-up@^5.0.0
191 silly packumentCache full:https://registry.npmjs.org/find-up cache-miss
192 http fetch GET 200 https://registry.npmjs.org/csstype 86ms (cache miss)
193 silly packumentCache full:https://registry.npmjs.org/csstype set size:undefined disposed:false
194 silly fetch manifest globals@^13.19.0
195 silly packumentCache full:https://registry.npmjs.org/globals cache-miss
196 http fetch GET 200 https://registry.npmjs.org/ajv 92ms (cache miss)
197 silly packumentCache full:https://registry.npmjs.org/ajv set size:undefined disposed:false
198 silly fetch manifest is-glob@^4.0.0
199 silly packumentCache full:https://registry.npmjs.org/is-glob cache-miss
200 http fetch GET 200 https://registry.npmjs.org/nanoid 96ms (cache miss)
201 silly packumentCache full:https://registry.npmjs.org/nanoid set size:undefined disposed:false
202 silly fetch manifest js-yaml@^4.1.0
203 silly packumentCache full:https://registry.npmjs.org/js-yaml cache-miss
204 http fetch GET 200 https://registry.npmjs.org/browserslist 105ms (cache miss)
205 silly packumentCache full:https://registry.npmjs.org/browserslist set size:undefined disposed:false
206 silly fetch manifest doctrine@^3.0.0
207 silly packumentCache full:https://registry.npmjs.org/doctrine cache-miss
208 http fetch GET 200 https://registry.npmjs.org/ignore 33ms (cache miss)
209 silly packumentCache full:https://registry.npmjs.org/ignore set size:undefined disposed:false
210 silly fetch manifest graphemer@^1.4.0
211 silly packumentCache full:https://registry.npmjs.org/graphemer cache-miss
212 http fetch GET 200 https://registry.npmjs.org/debug 37ms (cache miss)
213 silly packumentCache full:https://registry.npmjs.org/debug set size:undefined disposed:false
214 silly fetch manifest minimatch@^3.1.2
215 silly packumentCache full:https://registry.npmjs.org/minimatch cache-miss
216 http fetch GET 200 https://registry.npmjs.org/esquery 33ms (cache miss)
217 silly packumentCache full:https://registry.npmjs.org/esquery set size:undefined disposed:false
218 silly fetch manifest @eslint/js@8.57.1
219 silly packumentCache full:https://registry.npmjs.org/@eslint%2fjs cache-miss
220 http fetch GET 200 https://registry.npmjs.org/espree 38ms (cache miss)
221 silly packumentCache full:https://registry.npmjs.org/espree set size:undefined disposed:false
222 silly fetch manifest optionator@^0.9.3
223 silly packumentCache full:https://registry.npmjs.org/optionator cache-miss
224 http fetch GET 200 https://registry.npmjs.org/chalk 48ms (cache miss)
225 silly packumentCache full:https://registry.npmjs.org/chalk set size:undefined disposed:false
226 silly fetch manifest strip-ansi@^6.0.1
227 silly packumentCache full:https://registry.npmjs.org/strip-ansi cache-miss
228 http fetch GET 200 https://registry.npmjs.org/esutils 30ms (cache miss)
229 silly packumentCache full:https://registry.npmjs.org/esutils set size:undefined disposed:false
230 silly fetch manifest text-table@^0.2.0
231 silly packumentCache full:https://registry.npmjs.org/text-table cache-miss
232 http fetch GET 200 https://registry.npmjs.org/@types%2fmdx 120ms (cache miss)
233 silly packumentCache full:https://registry.npmjs.org/@types%2fmdx set size:undefined disposed:false
234 silly fetch manifest cross-spawn@^7.0.2
235 silly packumentCache full:https://registry.npmjs.org/cross-spawn cache-miss
236 http fetch GET 200 https://registry.npmjs.org/globals 34ms (cache miss)
237 silly packumentCache full:https://registry.npmjs.org/globals set size:undefined disposed:false
238 silly fetch manifest glob-parent@^6.0.2
239 silly packumentCache full:https://registry.npmjs.org/glob-parent cache-miss
240 http fetch GET 200 https://registry.npmjs.org/find-up 36ms (cache miss)
241 silly packumentCache full:https://registry.npmjs.org/find-up set size:undefined disposed:false
242 silly fetch manifest imurmurhash@^0.1.4
243 silly packumentCache full:https://registry.npmjs.org/imurmurhash cache-miss
244 http fetch GET 200 https://registry.npmjs.org/caniuse-lite 123ms (cache miss)
245 silly packumentCache full:https://registry.npmjs.org/caniuse-lite set size:undefined disposed:false
246 silly fetch manifest eslint-scope@^7.2.2
247 silly packumentCache full:https://registry.npmjs.org/eslint-scope cache-miss
248 http fetch GET 200 https://registry.npmjs.org/doctrine 23ms (cache miss)
249 silly packumentCache full:https://registry.npmjs.org/doctrine set size:undefined disposed:false
250 silly fetch manifest lodash.merge@^4.6.2
251 silly packumentCache full:https://registry.npmjs.org/lodash.merge cache-miss
252 http fetch GET 200 https://registry.npmjs.org/optionator 25ms (cache miss)
253 silly packumentCache full:https://registry.npmjs.org/optionator set size:undefined disposed:false
254 silly fetch manifest is-path-inside@^3.0.3
255 silly packumentCache full:https://registry.npmjs.org/is-path-inside cache-miss
256 http fetch GET 200 https://registry.npmjs.org/strip-ansi 25ms (cache miss)
257 silly packumentCache full:https://registry.npmjs.org/strip-ansi set size:undefined disposed:false
258 silly fetch manifest fast-deep-equal@^3.1.3
259 silly packumentCache full:https://registry.npmjs.org/fast-deep-equal cache-miss
260 http fetch GET 200 https://registry.npmjs.org/imurmurhash 21ms (cache miss)
261 silly packumentCache full:https://registry.npmjs.org/imurmurhash set size:undefined disposed:false
262 silly fetch manifest natural-compare@^1.4.0
263 silly packumentCache full:https://registry.npmjs.org/natural-compare cache-miss
264 http fetch GET 200 https://registry.npmjs.org/cross-spawn 24ms (cache miss)
265 silly packumentCache full:https://registry.npmjs.org/cross-spawn set size:undefined disposed:false
266 silly fetch manifest @eslint/eslintrc@^2.1.4
267 silly packumentCache full:https://registry.npmjs.org/@eslint%2feslintrc cache-miss
268 http fetch GET 200 https://registry.npmjs.org/glob-parent 24ms (cache miss)
269 silly packumentCache full:https://registry.npmjs.org/glob-parent set size:undefined disposed:false
270 silly fetch manifest @nodelib/fs.walk@^1.2.8
271 silly packumentCache full:https://registry.npmjs.org/@nodelib%2ffs.walk cache-miss
272 http fetch GET 200 https://registry.npmjs.org/minimatch 39ms (cache miss)
273 silly packumentCache full:https://registry.npmjs.org/minimatch set size:undefined disposed:false
274 silly fetch manifest file-entry-cache@^6.0.1
275 silly packumentCache full:https://registry.npmjs.org/file-entry-cache cache-miss
276 http fetch GET 200 https://registry.npmjs.org/lodash.merge 24ms (cache miss)
277 silly packumentCache full:https://registry.npmjs.org/lodash.merge set size:undefined disposed:false
278 silly fetch manifest eslint-visitor-keys@^3.4.3
279 silly packumentCache full:https://registry.npmjs.org/eslint-visitor-keys cache-miss
280 http fetch GET 200 https://registry.npmjs.org/@eslint%2fjs 46ms (cache miss)
281 silly packumentCache full:https://registry.npmjs.org/@eslint%2fjs set size:undefined disposed:false
282 silly fetch manifest escape-string-regexp@^4.0.0
283 silly packumentCache full:https://registry.npmjs.org/escape-string-regexp cache-miss
284 http fetch GET 200 https://registry.npmjs.org/levn 117ms (cache miss)
285 silly packumentCache full:https://registry.npmjs.org/levn set size:undefined disposed:false
286 silly fetch manifest @ungap/structured-clone@^1.2.0
287 silly packumentCache full:https://registry.npmjs.org/@ungap%2fstructured-clone cache-miss
288 http fetch GET 200 https://registry.npmjs.org/fast-deep-equal 24ms (cache miss)
289 silly packumentCache full:https://registry.npmjs.org/fast-deep-equal set size:undefined disposed:false
290 silly fetch manifest @eslint-community/regexpp@^4.6.1
291 silly packumentCache full:https://registry.npmjs.org/@eslint-community%2fregexpp cache-miss
292 http fetch GET 200 https://registry.npmjs.org/fraction.js 164ms (cache miss)
293 silly packumentCache full:https://registry.npmjs.org/fraction.js set size:undefined disposed:false
294 silly fetch manifest @humanwhocodes/config-array@^0.13.0
295 silly packumentCache full:https://registry.npmjs.org/@humanwhocodes%2fconfig-array cache-miss
296 http fetch GET 200 https://registry.npmjs.org/natural-compare 23ms (cache miss)
297 silly packumentCache full:https://registry.npmjs.org/natural-compare set size:undefined disposed:false
298 silly fetch manifest @eslint-community/eslint-utils@^4.2.0
299 silly packumentCache full:https://registry.npmjs.org/@eslint-community%2feslint-utils cache-miss
300 http fetch GET 200 https://registry.npmjs.org/eslint-visitor-keys 24ms (cache miss)
301 silly packumentCache full:https://registry.npmjs.org/eslint-visitor-keys set size:undefined disposed:false
302 silly fetch manifest @humanwhocodes/module-importer@^1.0.1
303 silly packumentCache full:https://registry.npmjs.org/@humanwhocodes%2fmodule-importer cache-miss
304 http fetch GET 200 https://registry.npmjs.org/@eslint%2feslintrc 34ms (cache miss)
305 silly packumentCache full:https://registry.npmjs.org/@eslint%2feslintrc set size:undefined disposed:false
306 silly fetch manifest json-stable-stringify-without-jsonify@^1.0.1
307 silly packumentCache full:https://registry.npmjs.org/json-stable-stringify-without-jsonify cache-miss
308 http fetch GET 200 https://registry.npmjs.org/escape-string-regexp 25ms (cache miss)
309 silly packumentCache full:https://registry.npmjs.org/escape-string-regexp set size:undefined disposed:false
310 silly fetch manifest eslint-plugin-react@^7.33.2
311 silly packumentCache full:https://registry.npmjs.org/eslint-plugin-react cache-miss
312 http fetch GET 200 https://registry.npmjs.org/@nodelib%2ffs.walk 36ms (cache miss)
313 silly packumentCache full:https://registry.npmjs.org/@nodelib%2ffs.walk set size:undefined disposed:false
314 silly fetch manifest eslint-plugin-import@^2.28.1
315 silly packumentCache full:https://registry.npmjs.org/eslint-plugin-import cache-miss
316 http fetch GET 200 https://registry.npmjs.org/json-stable-stringify-without-jsonify 22ms (cache miss)
317 silly packumentCache full:https://registry.npmjs.org/json-stable-stringify-without-jsonify set size:undefined disposed:false
318 silly fetch manifest eslint-plugin-jsx-a11y@^6.7.1
319 silly packumentCache full:https://registry.npmjs.org/eslint-plugin-jsx-a11y cache-miss
320 http fetch GET 200 https://registry.npmjs.org/@ungap%2fstructured-clone 46ms (cache miss)
321 silly packumentCache full:https://registry.npmjs.org/@ungap%2fstructured-clone set size:undefined disposed:false
322 silly fetch manifest @rushstack/eslint-patch@^1.3.3
323 silly packumentCache full:https://registry.npmjs.org/@rushstack%2feslint-patch cache-miss
324 http fetch GET 200 https://registry.npmjs.org/@eslint-community%2feslint-utils 37ms (cache miss)
325 silly packumentCache full:https://registry.npmjs.org/@eslint-community%2feslint-utils set size:undefined disposed:false
326 silly fetch manifest @next/eslint-plugin-next@14.2.35
327 silly packumentCache full:https://registry.npmjs.org/@next%2feslint-plugin-next cache-miss
328 http fetch GET 200 https://registry.npmjs.org/js-yaml 108ms (cache miss)
329 silly packumentCache full:https://registry.npmjs.org/js-yaml set size:undefined disposed:false
330 silly fetch manifest @typescript-eslint/parser@^5.4.2 || ^6.0.0 || ^7.0.0 || ^8.0.0
331 silly packumentCache full:https://registry.npmjs.org/@typescript-eslint%2fparser cache-miss
332 http fetch GET 200 https://registry.npmjs.org/@humanwhocodes%2fmodule-importer 35ms (cache miss)
333 silly packumentCache full:https://registry.npmjs.org/@humanwhocodes%2fmodule-importer set size:undefined disposed:false
334 silly fetch manifest eslint-plugin-react-hooks@^4.5.0 || 5.0.0-canary-7118f5dd7-20230705
335 silly packumentCache full:https://registry.npmjs.org/eslint-plugin-react-hooks cache-miss
336 http fetch GET 200 https://registry.npmjs.org/eslint-plugin-import 32ms (cache miss)
337 silly packumentCache full:https://registry.npmjs.org/eslint-plugin-import set size:undefined disposed:false
338 silly fetch manifest eslint-import-resolver-node@^0.3.6
339 silly packumentCache full:https://registry.npmjs.org/eslint-import-resolver-node cache-miss
340 http fetch GET 200 https://registry.npmjs.org/eslint-plugin-react 36ms (cache miss)
341 silly packumentCache full:https://registry.npmjs.org/eslint-plugin-react set size:undefined disposed:false
342 silly fetch manifest @typescript-eslint/eslint-plugin@^5.4.2 || ^6.0.0 || ^7.0.0 || ^8.0.0
343 silly packumentCache full:https://registry.npmjs.org/@typescript-eslint%2feslint-plugin cache-miss
344 http fetch GET 200 https://registry.npmjs.org/graphemer 116ms (cache miss)
345 silly packumentCache full:https://registry.npmjs.org/graphemer set size:undefined disposed:false
346 silly fetch manifest eslint-import-resolver-typescript@^3.5.2
347 silly packumentCache full:https://registry.npmjs.org/eslint-import-resolver-typescript cache-miss
348 http fetch GET 200 https://registry.npmjs.org/is-glob 129ms (cache miss)
349 silly packumentCache full:https://registry.npmjs.org/is-glob set size:undefined disposed:false
350 silly fetch manifest commander@^8.3.0
351 silly packumentCache full:https://registry.npmjs.org/commander cache-miss
352 http fetch GET 200 https://registry.npmjs.org/text-table 117ms (cache miss)
353 silly packumentCache full:https://registry.npmjs.org/text-table set size:undefined disposed:false
354 silly fetch manifest busboy@1.6.0
355 silly packumentCache full:https://registry.npmjs.org/busboy cache-miss
356 http fetch GET 200 https://registry.npmjs.org/eslint-scope 116ms (cache miss)
357 silly packumentCache full:https://registry.npmjs.org/eslint-scope set size:undefined disposed:false
358 silly fetch manifest postcss@8.4.31
359 silly packumentCache full:https://registry.npmjs.org/postcss cache-miss
360 http cache https://registry.npmjs.org/postcss 3ms (cache hit)
361 silly packumentCache full:https://registry.npmjs.org/postcss set size:720302 disposed:false
362 silly fetch manifest @next/env@14.2.35
363 silly packumentCache full:https://registry.npmjs.org/@next%2fenv cache-miss
364 http fetch GET 200 https://registry.npmjs.org/eslint-import-resolver-node 33ms (cache miss)
365 silly packumentCache full:https://registry.npmjs.org/eslint-import-resolver-node set size:undefined disposed:false
366 silly fetch manifest styled-jsx@5.1.1
367 silly packumentCache full:https://registry.npmjs.org/styled-jsx cache-miss
368 http fetch GET 200 https://registry.npmjs.org/eslint-import-resolver-typescript 28ms (cache miss)
369 silly packumentCache full:https://registry.npmjs.org/eslint-import-resolver-typescript set size:undefined disposed:false
370 silly fetch manifest graceful-fs@^4.2.11
371 silly packumentCache full:https://registry.npmjs.org/graceful-fs cache-miss
372 http fetch GET 200 https://registry.npmjs.org/commander 31ms (cache miss)
373 silly packumentCache full:https://registry.npmjs.org/commander set size:undefined disposed:false
374 silly fetch manifest @swc/helpers@0.5.5
375 silly packumentCache full:https://registry.npmjs.org/@swc%2fhelpers cache-miss
376 http fetch GET 200 https://registry.npmjs.org/is-path-inside 124ms (cache miss)
377 silly packumentCache full:https://registry.npmjs.org/is-path-inside set size:undefined disposed:false
378 silly fetch manifest caniuse-lite@^1.0.30001579
379 silly packumentCache full:https://registry.npmjs.org/caniuse-lite cache-miss
380 http cache https://registry.npmjs.org/caniuse-lite 3ms (cache hit)
381 silly packumentCache full:https://registry.npmjs.org/caniuse-lite set size:2291079 disposed:false
382 silly fetch manifest @next/swc-darwin-x64@14.2.33
383 silly packumentCache full:https://registry.npmjs.org/@next%2fswc-darwin-x64 cache-miss
384 http fetch GET 200 https://registry.npmjs.org/graceful-fs 28ms (cache miss)
385 silly packumentCache full:https://registry.npmjs.org/graceful-fs set size:undefined disposed:false
386 silly fetch manifest @next/swc-darwin-arm64@14.2.33
387 silly packumentCache full:https://registry.npmjs.org/@next%2fswc-darwin-arm64 cache-miss
388 http fetch GET 200 https://registry.npmjs.org/@eslint-community%2fregexpp 122ms (cache miss)
389 silly packumentCache full:https://registry.npmjs.org/@eslint-community%2fregexpp set size:undefined disposed:false
390 silly fetch manifest @next/swc-linux-x64-gnu@14.2.33
391 silly packumentCache full:https://registry.npmjs.org/@next%2fswc-linux-x64-gnu cache-miss
392 http fetch GET 200 https://registry.npmjs.org/file-entry-cache 136ms (cache miss)
393 silly packumentCache full:https://registry.npmjs.org/file-entry-cache set size:undefined disposed:false
394 silly fetch manifest @next/swc-linux-x64-musl@14.2.33
395 silly packumentCache full:https://registry.npmjs.org/@next%2fswc-linux-x64-musl cache-miss
396 http fetch GET 200 https://registry.npmjs.org/styled-jsx 37ms (cache miss)
397 silly packumentCache full:https://registry.npmjs.org/styled-jsx set size:undefined disposed:false
398 silly fetch manifest @next/swc-win32-x64-msvc@14.2.33
399 silly packumentCache full:https://registry.npmjs.org/@next%2fswc-win32-x64-msvc cache-miss
400 http fetch GET 200 https://registry.npmjs.org/@swc%2fhelpers 48ms (cache miss)
401 silly packumentCache full:https://registry.npmjs.org/@swc%2fhelpers set size:undefined disposed:false
402 silly fetch manifest @next/swc-linux-arm64-gnu@14.2.33
403 silly packumentCache full:https://registry.npmjs.org/@next%2fswc-linux-arm64-gnu cache-miss
404 http fetch GET 200 https://registry.npmjs.org/eslint-plugin-jsx-a11y 118ms (cache miss)
405 silly packumentCache full:https://registry.npmjs.org/eslint-plugin-jsx-a11y set size:undefined disposed:false
406 silly fetch manifest @next/swc-win32-ia32-msvc@14.2.33
407 silly packumentCache full:https://registry.npmjs.org/@next%2fswc-win32-ia32-msvc cache-miss
408 http fetch GET 200 https://registry.npmjs.org/eslint-plugin-react-hooks 134ms (cache miss)
409 silly packumentCache full:https://registry.npmjs.org/eslint-plugin-react-hooks set size:undefined disposed:false
410 silly fetch manifest @next/swc-linux-arm64-musl@14.2.33
411 silly packumentCache full:https://registry.npmjs.org/@next%2fswc-linux-arm64-musl cache-miss
412 http fetch GET 200 https://registry.npmjs.org/busboy 142ms (cache miss)
413 silly packumentCache full:https://registry.npmjs.org/busboy set size:undefined disposed:false
414 silly fetch manifest @next/swc-win32-arm64-msvc@14.2.33
415 silly packumentCache full:https://registry.npmjs.org/@next%2fswc-win32-arm64-msvc cache-miss
416 http fetch GET 200 https://registry.npmjs.org/@humanwhocodes%2fconfig-array 238ms (cache miss)
417 silly packumentCache full:https://registry.npmjs.org/@humanwhocodes%2fconfig-array set size:undefined disposed:false
418 silly fetch manifest scheduler@^0.23.2
419 silly packumentCache full:https://registry.npmjs.org/scheduler cache-miss
420 http fetch GET 200 https://registry.npmjs.org/@rushstack%2feslint-patch 203ms (cache miss)
421 silly packumentCache full:https://registry.npmjs.org/@rushstack%2feslint-patch set size:undefined disposed:false
422 silly fetch manifest @types/hast@^3.0.0
423 silly packumentCache full:https://registry.npmjs.org/@types%2fhast cache-miss
424 http fetch GET 200 https://registry.npmjs.org/@next%2fswc-darwin-x64 172ms (cache miss)
425 silly packumentCache full:https://registry.npmjs.org/@next%2fswc-darwin-x64 set size:undefined disposed:false
426 silly fetch manifest hast-util-to-text@^4.0.0
427 silly packumentCache full:https://registry.npmjs.org/hast-util-to-text cache-miss
428 http fetch GET 200 https://registry.npmjs.org/@types%2fhast 46ms (cache miss)
429 silly packumentCache full:https://registry.npmjs.org/@types%2fhast set size:undefined disposed:false
430 silly fetch manifest lowlight@^3.0.0
431 silly packumentCache full:https://registry.npmjs.org/lowlight cache-miss
432 http fetch GET 200 https://registry.npmjs.org/@next%2fswc-win32-x64-msvc 195ms (cache miss)
433 silly packumentCache full:https://registry.npmjs.org/@next%2fswc-win32-x64-msvc set size:undefined disposed:false
434 silly fetch manifest unist-util-visit@^5.0.0
435 silly packumentCache full:https://registry.npmjs.org/unist-util-visit cache-miss
436 http fetch GET 200 https://registry.npmjs.org/@next%2fswc-linux-x64-musl 215ms (cache miss)
437 silly packumentCache full:https://registry.npmjs.org/@next%2fswc-linux-x64-musl set size:undefined disposed:false
438 silly fetch manifest vfile@^6.0.0
439 silly packumentCache full:https://registry.npmjs.org/vfile cache-miss
440 http fetch GET 200 https://registry.npmjs.org/@next%2fswc-linux-arm64-gnu 210ms (cache miss)
441 silly packumentCache full:https://registry.npmjs.org/@next%2fswc-linux-arm64-gnu set size:undefined disposed:false
442 silly fetch manifest @types/katex@^0.16.0
443 silly packumentCache full:https://registry.npmjs.org/@types%2fkatex cache-miss
444 http fetch GET 200 https://registry.npmjs.org/@next%2fswc-linux-x64-gnu 248ms (cache miss)
445 silly packumentCache full:https://registry.npmjs.org/@next%2fswc-linux-x64-gnu set size:undefined disposed:false
446 silly fetch manifest hast-util-from-html-isomorphic@^2.0.0
447 silly packumentCache full:https://registry.npmjs.org/hast-util-from-html-isomorphic cache-miss
448 http fetch GET 200 https://registry.npmjs.org/unist-util-visit 54ms (cache miss)
449 silly packumentCache full:https://registry.npmjs.org/unist-util-visit set size:undefined disposed:false
450 silly fetch manifest hast-util-to-text@^4.0.0
451 silly packumentCache full:https://registry.npmjs.org/hast-util-to-text cache-miss
452 http fetch GET 200 https://registry.npmjs.org/@next%2fswc-darwin-arm64 266ms (cache miss)
453 silly packumentCache full:https://registry.npmjs.org/@next%2fswc-darwin-arm64 set size:undefined disposed:false
454 silly fetch manifest unist-util-visit-parents@^6.0.0
455 silly packumentCache full:https://registry.npmjs.org/unist-util-visit-parents cache-miss
456 http fetch GET 200 https://registry.npmjs.org/hast-util-to-text 116ms (cache miss)
457 silly packumentCache full:https://registry.npmjs.org/hast-util-to-text set size:undefined disposed:false
458 silly fetch manifest vfile@^6.0.0
459 silly packumentCache full:https://registry.npmjs.org/vfile cache-miss
460 http fetch GET 200 https://registry.npmjs.org/lowlight 126ms (cache miss)
461 silly packumentCache full:https://registry.npmjs.org/lowlight set size:undefined disposed:false
462 silly fetch manifest @types/mdast@^4.0.0
463 silly packumentCache full:https://registry.npmjs.org/@types%2fmdast cache-miss
464 http fetch GET 200 https://registry.npmjs.org/hast-util-to-text 36ms (cache miss)
465 silly packumentCache full:https://registry.npmjs.org/hast-util-to-text set size:undefined disposed:false
466 silly fetch manifest mdast-util-math@^3.0.0
467 silly packumentCache full:https://registry.npmjs.org/mdast-util-math cache-miss
468 http fetch GET 200 https://registry.npmjs.org/@next%2feslint-plugin-next 379ms (cache miss)
469 silly packumentCache full:https://registry.npmjs.org/@next%2feslint-plugin-next set size:undefined disposed:false
470 silly fetch manifest micromark-extension-math@^3.0.0
471 silly packumentCache full:https://registry.npmjs.org/micromark-extension-math cache-miss
472 http fetch GET 200 https://registry.npmjs.org/@next%2fswc-linux-arm64-musl 241ms (cache miss)
473 silly packumentCache full:https://registry.npmjs.org/@next%2fswc-linux-arm64-musl set size:undefined disposed:false
474 silly fetch manifest unified@^11.0.0
475 silly packumentCache full:https://registry.npmjs.org/unified cache-miss
476 http fetch GET 200 https://registry.npmjs.org/unist-util-visit-parents 59ms (cache miss)
477 silly packumentCache full:https://registry.npmjs.org/unist-util-visit-parents set size:undefined disposed:false
478 silly fetch manifest arg@^5.0.2
479 silly packumentCache full:https://registry.npmjs.org/arg cache-miss
480 http fetch GET 200 https://registry.npmjs.org/mdast-util-math 37ms (cache miss)
481 silly packumentCache full:https://registry.npmjs.org/mdast-util-math set size:undefined disposed:false
482 silly fetch manifest dlv@^1.1.3
483 silly packumentCache full:https://registry.npmjs.org/dlv cache-miss
484 http fetch GET 200 https://registry.npmjs.org/vfile 63ms (cache miss)
485 silly packumentCache full:https://registry.npmjs.org/vfile set size:undefined disposed:false
486 silly fetch manifest jiti@^1.21.7
487 silly packumentCache full:https://registry.npmjs.org/jiti cache-miss
488 http fetch GET 200 https://registry.npmjs.org/@next%2fswc-win32-arm64-msvc 253ms (cache miss)
489 silly packumentCache full:https://registry.npmjs.org/@next%2fswc-win32-arm64-msvc set size:undefined disposed:false
490 silly fetch manifest is-glob@^4.0.3
491 silly packumentCache full:https://registry.npmjs.org/is-glob cache-miss
492 http cache https://registry.npmjs.org/is-glob 6ms (cache hit)
493 silly packumentCache full:https://registry.npmjs.org/is-glob set size:40530 disposed:false
494 silly fetch manifest resolve@^1.22.8
495 silly packumentCache full:https://registry.npmjs.org/resolve cache-miss
496 http fetch GET 200 https://registry.npmjs.org/arg 29ms (cache miss)
497 silly packumentCache full:https://registry.npmjs.org/arg set size:undefined disposed:false
498 silly fetch manifest sucrase@^3.35.0
499 silly packumentCache full:https://registry.npmjs.org/sucrase cache-miss
500 http fetch GET 200 https://registry.npmjs.org/vfile 136ms (cache miss)
501 silly packumentCache full:https://registry.npmjs.org/vfile set size:undefined disposed:false
502 silly fetch manifest chokidar@^3.6.0
503 silly packumentCache full:https://registry.npmjs.org/chokidar cache-miss
504 http fetch GET 200 https://registry.npmjs.org/@next%2fenv 401ms (cache miss)
505 silly packumentCache full:https://registry.npmjs.org/@next%2fenv set size:undefined disposed:false
506 silly fetch manifest fast-glob@^3.3.2
507 silly packumentCache full:https://registry.npmjs.org/fast-glob cache-miss
508 http fetch GET 200 https://registry.npmjs.org/scheduler 258ms (cache miss)
509 silly packumentCache full:https://registry.npmjs.org/scheduler set size:undefined disposed:false
510 silly fetch manifest lilconfig@^3.1.3
511 silly packumentCache full:https://registry.npmjs.org/lilconfig cache-miss
512 http fetch GET 200 https://registry.npmjs.org/hast-util-from-html-isomorphic 140ms (cache miss)
513 silly packumentCache full:https://registry.npmjs.org/hast-util-from-html-isomorphic set size:undefined disposed:false
514 silly fetch manifest didyoumean@^1.2.2
515 silly packumentCache full:https://registry.npmjs.org/didyoumean cache-miss
516 http fetch GET 200 https://registry.npmjs.org/resolve 39ms (cache miss)
517 silly packumentCache full:https://registry.npmjs.org/resolve set size:undefined disposed:false
518 silly fetch manifest micromatch@^4.0.8
519 silly packumentCache full:https://registry.npmjs.org/micromatch cache-miss
520 http fetch GET 200 https://registry.npmjs.org/chokidar 39ms (cache miss)
521 silly packumentCache full:https://registry.npmjs.org/chokidar set size:undefined disposed:false
522 silly fetch manifest postcss-js@^4.0.1
523 silly packumentCache full:https://registry.npmjs.org/postcss-js cache-miss
524 http fetch GET 200 https://registry.npmjs.org/jiti 59ms (cache miss)
525 silly packumentCache full:https://registry.npmjs.org/jiti set size:undefined disposed:false
526 silly fetch manifest object-hash@^3.0.0
527 silly packumentCache full:https://registry.npmjs.org/object-hash cache-miss
528 http fetch GET 200 https://registry.npmjs.org/sucrase 43ms (cache miss)
529 silly packumentCache full:https://registry.npmjs.org/sucrase set size:undefined disposed:false
530 silly fetch manifest normalize-path@^3.0.0
531 silly packumentCache full:https://registry.npmjs.org/normalize-path cache-miss
532 http fetch GET 200 https://registry.npmjs.org/@typescript-eslint%2feslint-plugin 474ms (cache miss)
533 silly packumentCache full:https://registry.npmjs.org/@typescript-eslint%2feslint-plugin set size:undefined disposed:false
534 silly fetch manifest postcss-import@^15.1.0
535 silly packumentCache full:https://registry.npmjs.org/postcss-import cache-miss
536 http fetch GET 200 https://registry.npmjs.org/@types%2fmdast 154ms (cache miss)
537 silly packumentCache full:https://registry.npmjs.org/@types%2fmdast set size:undefined disposed:false
538 silly fetch manifest postcss-nested@^6.2.0
539 silly packumentCache full:https://registry.npmjs.org/postcss-nested cache-miss
540 http fetch GET 200 https://registry.npmjs.org/micromark-extension-math 136ms (cache miss)
541 silly packumentCache full:https://registry.npmjs.org/micromark-extension-math set size:undefined disposed:false
542 silly fetch manifest @alloc/quick-lru@^5.2.0
543 silly packumentCache full:https://registry.npmjs.org/@alloc%2fquick-lru cache-miss
544 http fetch GET 200 https://registry.npmjs.org/didyoumean 52ms (cache miss)
545 silly packumentCache full:https://registry.npmjs.org/didyoumean set size:undefined disposed:false
546 silly fetch manifest postcss-load-config@^4.0.2 || ^5.0 || ^6.0
547 silly packumentCache full:https://registry.npmjs.org/postcss-load-config cache-miss
548 http fetch GET 200 https://registry.npmjs.org/dlv 116ms (cache miss)
549 silly packumentCache full:https://registry.npmjs.org/dlv set size:undefined disposed:false
550 silly fetch manifest postcss-selector-parser@^6.1.2
551 silly packumentCache full:https://registry.npmjs.org/postcss-selector-parser cache-miss
552 http fetch GET 200 https://registry.npmjs.org/@types%2fkatex 210ms (cache miss)
553 silly packumentCache full:https://registry.npmjs.org/@types%2fkatex set size:undefined disposed:false
554 http fetch GET 200 https://registry.npmjs.org/fast-glob 75ms (cache miss)
555 silly packumentCache full:https://registry.npmjs.org/fast-glob set size:undefined disposed:false
556 http fetch GET 200 https://registry.npmjs.org/object-hash 49ms (cache miss)
557 silly packumentCache full:https://registry.npmjs.org/object-hash set size:undefined disposed:false
558 http fetch GET 200 https://registry.npmjs.org/micromatch 54ms (cache miss)
559 silly packumentCache full:https://registry.npmjs.org/micromatch set size:undefined disposed:false
560 http fetch GET 200 https://registry.npmjs.org/unified 127ms (cache miss)
561 silly packumentCache full:https://registry.npmjs.org/unified set size:undefined disposed:false
562 http fetch GET 200 https://registry.npmjs.org/@next%2fswc-win32-ia32-msvc 420ms (cache miss)
563 silly packumentCache full:https://registry.npmjs.org/@next%2fswc-win32-ia32-msvc set size:undefined disposed:false
564 http fetch GET 200 https://registry.npmjs.org/@typescript-eslint%2fparser 542ms (cache miss)
565 silly packumentCache full:https://registry.npmjs.org/@typescript-eslint%2fparser set size:undefined disposed:false
566 http fetch GET 200 https://registry.npmjs.org/@alloc%2fquick-lru 44ms (cache miss)
567 silly packumentCache full:https://registry.npmjs.org/@alloc%2fquick-lru set size:undefined disposed:false
568 http fetch GET 200 https://registry.npmjs.org/postcss-import 53ms (cache miss)
569 silly packumentCache full:https://registry.npmjs.org/postcss-import set size:undefined disposed:false
570 http fetch GET 200 https://registry.npmjs.org/postcss-selector-parser 44ms (cache miss)
571 silly packumentCache full:https://registry.npmjs.org/postcss-selector-parser set size:undefined disposed:false
572 http fetch GET 200 https://registry.npmjs.org/lilconfig 109ms (cache miss)
573 silly packumentCache full:https://registry.npmjs.org/lilconfig set size:undefined disposed:false
574 http fetch GET 200 https://registry.npmjs.org/postcss-js 116ms (cache miss)
575 silly packumentCache full:https://registry.npmjs.org/postcss-js set size:undefined disposed:false
576 http fetch GET 200 https://registry.npmjs.org/normalize-path 115ms (cache miss)
577 silly packumentCache full:https://registry.npmjs.org/normalize-path set size:undefined disposed:false
578 http fetch GET 200 https://registry.npmjs.org/postcss-nested 101ms (cache miss)
579 silly packumentCache full:https://registry.npmjs.org/postcss-nested set size:undefined disposed:false
580 http fetch GET 200 https://registry.npmjs.org/postcss-load-config 117ms (cache miss)
581 silly packumentCache full:https://registry.npmjs.org/postcss-load-config set size:undefined disposed:false
582 silly placeDep ROOT @types/mdx@2.0.13 OK for: @mdx-js/react@3.1.1 want: ^2.0.0
583 silly placeDep ROOT source-map@0.7.6 OK for: @next/mdx@14.2.35 want: ^0.7.0
584 silly placeDep ROOT undici-types@6.21.0 OK for: @types/node@20.19.40 want: ~6.21.0
585 silly placeDep ROOT @types/prop-types@15.7.15 OK for: @types/react@18.3.28 want: *
586 silly placeDep ROOT csstype@3.2.3 OK for: @types/react@18.3.28 want: ^3.2.2
587 silly placeDep ROOT browserslist@4.28.2 OK for: autoprefixer@10.5.0 want: ^4.28.2
588 silly placeDep ROOT caniuse-lite@1.0.30001792 OK for: autoprefixer@10.5.0 want: ^1.0.30001787
589 silly placeDep ROOT fraction.js@5.3.4 OK for: autoprefixer@10.5.0 want: ^5.3.4
590 silly placeDep ROOT picocolors@1.1.1 OK for: autoprefixer@10.5.0 want: ^1.1.1
591 silly placeDep ROOT postcss-value-parser@4.2.0 OK for: autoprefixer@10.5.0 want: ^4.2.0
592 silly fetch manifest baseline-browser-mapping@^2.10.12
593 silly packumentCache full:https://registry.npmjs.org/baseline-browser-mapping cache-miss
594 silly fetch manifest caniuse-lite@^1.0.30001782
595 silly packumentCache full:https://registry.npmjs.org/caniuse-lite cache-miss
596 silly fetch manifest electron-to-chromium@^1.5.328
597 silly packumentCache full:https://registry.npmjs.org/electron-to-chromium cache-miss
598 silly fetch manifest node-releases@^2.0.36
599 silly packumentCache full:https://registry.npmjs.org/node-releases cache-miss
600 silly fetch manifest update-browserslist-db@^1.2.3
601 silly packumentCache full:https://registry.npmjs.org/update-browserslist-db cache-miss
602 http cache https://registry.npmjs.org/caniuse-lite 4ms (cache hit)
603 silly packumentCache full:https://registry.npmjs.org/caniuse-lite set size:2291079 disposed:false
604 http fetch GET 200 https://registry.npmjs.org/node-releases 30ms (cache miss)
605 silly packumentCache full:https://registry.npmjs.org/node-releases set size:undefined disposed:false
606 http fetch GET 200 https://registry.npmjs.org/baseline-browser-mapping 31ms (cache miss)
607 silly packumentCache full:https://registry.npmjs.org/baseline-browser-mapping set size:undefined disposed:false
608 http fetch GET 200 https://registry.npmjs.org/update-browserslist-db 33ms (cache miss)
609 silly packumentCache full:https://registry.npmjs.org/update-browserslist-db set size:undefined disposed:false
610 http fetch GET 200 https://registry.npmjs.org/electron-to-chromium 120ms (cache miss)
611 silly packumentCache full:https://registry.npmjs.org/electron-to-chromium set size:undefined disposed:false
612 silly fetch manifest browserslist@>= 4.21.0
613 silly packumentCache full:https://registry.npmjs.org/browserslist cache-miss
614 http cache https://registry.npmjs.org/browserslist 2ms (cache hit)
615 silly packumentCache full:https://registry.npmjs.org/browserslist set size:504681 disposed:false
616 silly placeDep ROOT baseline-browser-mapping@2.10.29 OK for: browserslist@4.28.2 want: ^2.10.12
617 silly placeDep ROOT electron-to-chromium@1.5.353 OK for: browserslist@4.28.2 want: ^1.5.328
618 silly placeDep ROOT node-releases@2.0.38 OK for: browserslist@4.28.2 want: ^2.0.36
619 silly placeDep ROOT update-browserslist-db@1.2.3 OK for: browserslist@4.28.2 want: ^1.2.3
620 silly fetch manifest escalade@^3.2.0
621 silly packumentCache full:https://registry.npmjs.org/escalade cache-miss
622 http fetch GET 200 https://registry.npmjs.org/escalade 25ms (cache miss)
623 silly packumentCache full:https://registry.npmjs.org/escalade set size:undefined disposed:false
624 silly fetch manifest eslint@^6.0.0 || ^7.0.0 || >=8.0.0
625 silly packumentCache full:https://registry.npmjs.org/eslint cache-miss
626 http cache https://registry.npmjs.org/eslint 4ms (cache hit)
627 silly packumentCache full:https://registry.npmjs.org/eslint set size:1990528 disposed:false
628 silly fetch manifest jiti@*
629 silly packumentCache full:https://registry.npmjs.org/jiti cache-miss
630 http cache https://registry.npmjs.org/jiti 1ms (cache hit)
631 silly packumentCache full:https://registry.npmjs.org/jiti set size:387989 disposed:false
632 silly placeDep ROOT @eslint-community/eslint-utils@4.9.1 OK for: eslint@8.57.1 want: ^4.2.0
633 silly placeDep ROOT @eslint-community/regexpp@4.12.2 OK for: eslint@8.57.1 want: ^4.6.1
634 silly placeDep ROOT @eslint/eslintrc@2.1.4 OK for: eslint@8.57.1 want: ^2.1.4
635 silly placeDep ROOT @eslint/js@8.57.1 OK for: eslint@8.57.1 want: 8.57.1
636 silly placeDep ROOT @humanwhocodes/config-array@0.13.0 OK for: eslint@8.57.1 want: ^0.13.0
637 silly placeDep ROOT @humanwhocodes/module-importer@1.0.1 OK for: eslint@8.57.1 want: ^1.0.1
638 silly placeDep ROOT @nodelib/fs.walk@1.2.8 OK for: eslint@8.57.1 want: ^1.2.8
639 silly placeDep ROOT @ungap/structured-clone@1.3.1 OK for: eslint@8.57.1 want: ^1.2.0
640 silly placeDep ROOT ajv@6.15.0 OK for: eslint@8.57.1 want: ^6.12.4
641 silly placeDep ROOT chalk@4.1.2 OK for: eslint@8.57.1 want: ^4.0.0
642 silly placeDep ROOT cross-spawn@7.0.6 OK for: eslint@8.57.1 want: ^7.0.2
643 silly placeDep ROOT debug@4.4.3 OK for: eslint@8.57.1 want: ^4.3.2
644 silly placeDep ROOT doctrine@3.0.0 OK for: eslint@8.57.1 want: ^3.0.0
645 silly placeDep ROOT escape-string-regexp@4.0.0 OK for: eslint@8.57.1 want: ^4.0.0
646 silly placeDep ROOT eslint-scope@7.2.2 OK for: eslint@8.57.1 want: ^7.2.2
647 silly placeDep ROOT eslint-visitor-keys@3.4.3 OK for: eslint@8.57.1 want: ^3.4.3
648 silly placeDep ROOT espree@9.6.1 OK for: eslint@8.57.1 want: ^9.6.1
649 silly placeDep ROOT esquery@1.7.0 OK for: eslint@8.57.1 want: ^1.4.2
650 silly placeDep ROOT esutils@2.0.3 OK for: eslint@8.57.1 want: ^2.0.2
651 silly placeDep ROOT fast-deep-equal@3.1.3 OK for: eslint@8.57.1 want: ^3.1.3
652 silly placeDep ROOT file-entry-cache@6.0.1 OK for: eslint@8.57.1 want: ^6.0.1
653 silly placeDep ROOT find-up@5.0.0 OK for: eslint@8.57.1 want: ^5.0.0
654 silly placeDep ROOT glob-parent@6.0.2 OK for: eslint@8.57.1 want: ^6.0.2
655 silly placeDep ROOT globals@13.24.0 OK for: eslint@8.57.1 want: ^13.19.0
656 silly placeDep ROOT graphemer@1.4.0 OK for: eslint@8.57.1 want: ^1.4.0
657 silly placeDep ROOT ignore@5.3.2 OK for: eslint@8.57.1 want: ^5.2.0
658 silly placeDep ROOT imurmurhash@0.1.4 OK for: eslint@8.57.1 want: ^0.1.4
659 silly placeDep ROOT is-glob@4.0.3 OK for: eslint@8.57.1 want: ^4.0.0
660 silly placeDep ROOT is-path-inside@3.0.3 OK for: eslint@8.57.1 want: ^3.0.3
661 silly placeDep ROOT js-yaml@4.1.1 OK for: eslint@8.57.1 want: ^4.1.0
662 silly placeDep ROOT json-stable-stringify-without-jsonify@1.0.1 OK for: eslint@8.57.1 want: ^1.0.1
663 silly placeDep ROOT levn@0.4.1 OK for: eslint@8.57.1 want: ^0.4.1
664 silly placeDep ROOT lodash.merge@4.6.2 OK for: eslint@8.57.1 want: ^4.6.2
665 silly placeDep ROOT minimatch@3.1.5 OK for: eslint@8.57.1 want: ^3.1.2
666 silly placeDep ROOT natural-compare@1.4.0 OK for: eslint@8.57.1 want: ^1.4.0
667 silly placeDep ROOT optionator@0.9.4 OK for: eslint@8.57.1 want: ^0.9.3
668 silly placeDep ROOT strip-ansi@6.0.1 OK for: eslint@8.57.1 want: ^6.0.1
669 silly placeDep ROOT text-table@0.2.0 OK for: eslint@8.57.1 want: ^0.2.0
670 silly fetch manifest espree@^9.6.0
671 silly packumentCache full:https://registry.npmjs.org/espree cache-miss
672 silly fetch manifest import-fresh@^3.2.1
673 silly packumentCache full:https://registry.npmjs.org/import-fresh cache-miss
674 silly fetch manifest strip-json-comments@^3.1.1
675 silly packumentCache full:https://registry.npmjs.org/strip-json-comments cache-miss
676 silly fetch manifest debug@^4.3.1
677 silly packumentCache full:https://registry.npmjs.org/debug cache-miss
678 silly fetch manifest minimatch@^3.0.5
679 silly packumentCache full:https://registry.npmjs.org/minimatch cache-miss
680 silly fetch manifest @humanwhocodes/object-schema@^2.0.3
681 silly packumentCache full:https://registry.npmjs.org/@humanwhocodes%2fobject-schema cache-miss
682 silly fetch manifest fastq@^1.6.0
683 silly packumentCache full:https://registry.npmjs.org/fastq cache-miss
684 silly fetch manifest @nodelib/fs.scandir@2.1.5
685 silly packumentCache full:https://registry.npmjs.org/@nodelib%2ffs.scandir cache-miss
686 silly fetch manifest uri-js@^4.2.2
687 silly packumentCache full:https://registry.npmjs.org/uri-js cache-miss
688 silly fetch manifest fast-deep-equal@^3.1.1
689 silly packumentCache full:https://registry.npmjs.org/fast-deep-equal cache-miss
690 silly fetch manifest json-schema-traverse@^0.4.1
691 silly packumentCache full:https://registry.npmjs.org/json-schema-traverse cache-miss
692 silly fetch manifest fast-json-stable-stringify@^2.0.0
693 silly packumentCache full:https://registry.npmjs.org/fast-json-stable-stringify cache-miss
694 silly fetch manifest ansi-styles@^4.1.0
695 silly packumentCache full:https://registry.npmjs.org/ansi-styles cache-miss
696 silly fetch manifest supports-color@^7.1.0
697 silly packumentCache full:https://registry.npmjs.org/supports-color cache-miss
698 silly fetch manifest which@^2.0.1
699 silly packumentCache full:https://registry.npmjs.org/which cache-miss
700 http cache https://registry.npmjs.org/debug 5ms (cache hit)
701 silly packumentCache full:https://registry.npmjs.org/debug set size:195840 disposed:false
702 silly fetch manifest path-key@^3.1.0
703 silly packumentCache full:https://registry.npmjs.org/path-key cache-miss
704 http cache https://registry.npmjs.org/minimatch 6ms (cache hit)
705 silly packumentCache full:https://registry.npmjs.org/minimatch set size:375282 disposed:false
706 silly fetch manifest shebang-command@^2.0.0
707 silly packumentCache full:https://registry.npmjs.org/shebang-command cache-miss
708 http cache https://registry.npmjs.org/fast-deep-equal 7ms (cache hit)
709 silly packumentCache full:https://registry.npmjs.org/fast-deep-equal set size:48634 disposed:false
710 silly fetch manifest ms@^2.1.3
711 silly packumentCache full:https://registry.npmjs.org/ms cache-miss
712 http cache https://registry.npmjs.org/espree 9ms (cache hit)
713 silly packumentCache full:https://registry.npmjs.org/espree set size:326080 disposed:false
714 silly fetch manifest esrecurse@^4.3.0
715 silly packumentCache full:https://registry.npmjs.org/esrecurse cache-miss
716 http fetch GET 200 https://registry.npmjs.org/import-fresh 21ms (cache miss)
717 silly packumentCache full:https://registry.npmjs.org/import-fresh set size:undefined disposed:false
718 silly fetch manifest estraverse@^5.2.0
719 silly packumentCache full:https://registry.npmjs.org/estraverse cache-miss
720 http fetch GET 200 https://registry.npmjs.org/json-schema-traverse 27ms (cache miss)
721 silly packumentCache full:https://registry.npmjs.org/json-schema-traverse set size:undefined disposed:false
722 silly fetch manifest acorn@^8.9.0
723 silly packumentCache full:https://registry.npmjs.org/acorn cache-miss
724 http fetch GET 200 https://registry.npmjs.org/ansi-styles 27ms (cache miss)
725 silly packumentCache full:https://registry.npmjs.org/ansi-styles set size:undefined disposed:false
726 silly fetch manifest acorn-jsx@^5.3.2
727 silly packumentCache full:https://registry.npmjs.org/acorn-jsx cache-miss
728 http fetch GET 200 https://registry.npmjs.org/esrecurse 20ms (cache miss)
729 silly packumentCache full:https://registry.npmjs.org/esrecurse set size:undefined disposed:false
730 silly fetch manifest estraverse@^5.1.0
731 silly packumentCache full:https://registry.npmjs.org/estraverse cache-miss
732 http fetch GET 200 https://registry.npmjs.org/ms 24ms (cache miss)
733 silly packumentCache full:https://registry.npmjs.org/ms set size:undefined disposed:false
734 silly fetch manifest flat-cache@^3.0.4
735 silly packumentCache full:https://registry.npmjs.org/flat-cache cache-miss
736 http fetch GET 200 https://registry.npmjs.org/fast-json-stable-stringify 33ms (cache miss)
737 silly packumentCache full:https://registry.npmjs.org/fast-json-stable-stringify set size:undefined disposed:false
738 silly fetch manifest locate-path@^6.0.0
739 silly packumentCache full:https://registry.npmjs.org/locate-path cache-miss
740 http fetch GET 200 https://registry.npmjs.org/shebang-command 28ms (cache miss)
741 silly packumentCache full:https://registry.npmjs.org/shebang-command set size:undefined disposed:false
742 silly fetch manifest path-exists@^4.0.0
743 silly packumentCache full:https://registry.npmjs.org/path-exists cache-miss
744 http fetch GET 200 https://registry.npmjs.org/strip-json-comments 35ms (cache miss)
745 silly packumentCache full:https://registry.npmjs.org/strip-json-comments set size:undefined disposed:false
746 silly fetch manifest type-fest@^0.20.2
747 silly packumentCache full:https://registry.npmjs.org/type-fest cache-miss
748 http fetch GET 200 https://registry.npmjs.org/path-key 30ms (cache miss)
749 silly packumentCache full:https://registry.npmjs.org/path-key set size:undefined disposed:false
750 silly fetch manifest is-extglob@^2.1.1
751 silly packumentCache full:https://registry.npmjs.org/is-extglob cache-miss
752 http fetch GET 200 https://registry.npmjs.org/@nodelib%2ffs.scandir 38ms (cache miss)
753 silly packumentCache full:https://registry.npmjs.org/@nodelib%2ffs.scandir set size:undefined disposed:false
754 silly fetch manifest argparse@^2.0.1
755 silly packumentCache full:https://registry.npmjs.org/argparse cache-miss
756 http fetch GET 200 https://registry.npmjs.org/fastq 39ms (cache miss)
757 silly packumentCache full:https://registry.npmjs.org/fastq set size:undefined disposed:false
758 silly fetch manifest prelude-ls@^1.2.1
759 silly packumentCache full:https://registry.npmjs.org/prelude-ls cache-miss
760 http fetch GET 200 https://registry.npmjs.org/supports-color 39ms (cache miss)
761 silly packumentCache full:https://registry.npmjs.org/supports-color set size:undefined disposed:false
762 silly fetch manifest type-check@~0.4.0
763 silly packumentCache full:https://registry.npmjs.org/type-check cache-miss
764 http fetch GET 200 https://registry.npmjs.org/estraverse 20ms (cache miss)
765 silly packumentCache full:https://registry.npmjs.org/estraverse set size:undefined disposed:false
766 silly fetch manifest brace-expansion@^1.1.7
767 silly packumentCache full:https://registry.npmjs.org/brace-expansion cache-miss
768 http fetch GET 200 https://registry.npmjs.org/acorn-jsx 26ms (cache miss)
769 silly packumentCache full:https://registry.npmjs.org/acorn-jsx set size:undefined disposed:false
770 silly fetch manifest prelude-ls@^1.2.1
771 silly packumentCache full:https://registry.npmjs.org/prelude-ls cache-miss
772 http fetch GET 200 https://registry.npmjs.org/estraverse 26ms (cache miss)
773 silly packumentCache full:https://registry.npmjs.org/estraverse set size:undefined disposed:false
774 silly fetch manifest deep-is@^0.1.3
775 silly packumentCache full:https://registry.npmjs.org/deep-is cache-miss
776 http fetch GET 200 https://registry.npmjs.org/flat-cache 25ms (cache miss)
777 silly packumentCache full:https://registry.npmjs.org/flat-cache set size:undefined disposed:false
778 silly fetch manifest word-wrap@^1.2.5
779 silly packumentCache full:https://registry.npmjs.org/word-wrap cache-miss
780 http fetch GET 200 https://registry.npmjs.org/acorn 31ms (cache miss)
781 silly packumentCache full:https://registry.npmjs.org/acorn set size:undefined disposed:false
782 silly fetch manifest type-check@^0.4.0
783 silly packumentCache full:https://registry.npmjs.org/type-check cache-miss
784 http fetch GET 200 https://registry.npmjs.org/is-extglob 27ms (cache miss)
785 silly packumentCache full:https://registry.npmjs.org/is-extglob set size:undefined disposed:false
786 silly fetch manifest fast-levenshtein@^2.0.6
787 silly packumentCache full:https://registry.npmjs.org/fast-levenshtein cache-miss
788 http fetch GET 200 https://registry.npmjs.org/prelude-ls 23ms (cache miss)
789 silly packumentCache full:https://registry.npmjs.org/prelude-ls set size:undefined disposed:false
790 silly fetch manifest ansi-regex@^5.0.1
791 silly packumentCache full:https://registry.npmjs.org/ansi-regex cache-miss
792 http fetch GET 200 https://registry.npmjs.org/path-exists 28ms (cache miss)
793 silly packumentCache full:https://registry.npmjs.org/path-exists set size:undefined disposed:false
794 http fetch GET 200 https://registry.npmjs.org/locate-path 30ms (cache miss)
795 silly packumentCache full:https://registry.npmjs.org/locate-path set size:undefined disposed:false
796 http fetch GET 200 https://registry.npmjs.org/argparse 28ms (cache miss)
797 silly packumentCache full:https://registry.npmjs.org/argparse set size:undefined disposed:false
798 http fetch GET 200 https://registry.npmjs.org/brace-expansion 26ms (cache miss)
799 silly packumentCache full:https://registry.npmjs.org/brace-expansion set size:undefined disposed:false
800 http fetch GET 200 https://registry.npmjs.org/type-check 29ms (cache miss)
801 silly packumentCache full:https://registry.npmjs.org/type-check set size:undefined disposed:false
802 http fetch GET 200 https://registry.npmjs.org/type-fest 41ms (cache miss)
803 silly packumentCache full:https://registry.npmjs.org/type-fest set size:undefined disposed:false
804 http fetch GET 200 https://registry.npmjs.org/prelude-ls 25ms (cache miss)
805 silly packumentCache full:https://registry.npmjs.org/prelude-ls set size:undefined disposed:false
806 http fetch GET 200 https://registry.npmjs.org/type-check 21ms (cache miss)
807 silly packumentCache full:https://registry.npmjs.org/type-check set size:undefined disposed:false
808 http fetch GET 200 https://registry.npmjs.org/word-wrap 23ms (cache miss)
809 silly packumentCache full:https://registry.npmjs.org/word-wrap set size:undefined disposed:false
810 http fetch GET 200 https://registry.npmjs.org/fast-levenshtein 24ms (cache miss)
811 silly packumentCache full:https://registry.npmjs.org/fast-levenshtein set size:undefined disposed:false
812 http fetch GET 200 https://registry.npmjs.org/ansi-regex 28ms (cache miss)
813 silly packumentCache full:https://registry.npmjs.org/ansi-regex set size:undefined disposed:false
814 http fetch GET 200 https://registry.npmjs.org/which 111ms (cache miss)
815 silly packumentCache full:https://registry.npmjs.org/which set size:undefined disposed:false
816 http fetch GET 200 https://registry.npmjs.org/uri-js 119ms (cache miss)
817 silly packumentCache full:https://registry.npmjs.org/uri-js set size:undefined disposed:false
818 http fetch GET 200 https://registry.npmjs.org/deep-is 106ms (cache miss)
819 silly packumentCache full:https://registry.npmjs.org/deep-is set size:undefined disposed:false
820 http fetch GET 200 https://registry.npmjs.org/@humanwhocodes%2fobject-schema 258ms (cache miss)
821 silly packumentCache full:https://registry.npmjs.org/@humanwhocodes%2fobject-schema set size:undefined disposed:false
822 silly placeDep ROOT import-fresh@3.3.1 OK for: @eslint/eslintrc@2.1.4 want: ^3.2.1
823 silly placeDep ROOT strip-json-comments@3.1.1 OK for: @eslint/eslintrc@2.1.4 want: ^3.1.1
824 silly fetch manifest resolve-from@^4.0.0
825 silly packumentCache full:https://registry.npmjs.org/resolve-from cache-miss
826 silly fetch manifest parent-module@^1.0.0
827 silly packumentCache full:https://registry.npmjs.org/parent-module cache-miss
828 http fetch GET 200 https://registry.npmjs.org/resolve-from 28ms (cache miss)
829 silly packumentCache full:https://registry.npmjs.org/resolve-from set size:undefined disposed:false
830 http fetch GET 200 https://registry.npmjs.org/parent-module 122ms (cache miss)
831 silly packumentCache full:https://registry.npmjs.org/parent-module set size:undefined disposed:false
832 silly placeDep ROOT @humanwhocodes/object-schema@2.0.3 OK for: @humanwhocodes/config-array@0.13.0 want: ^2.0.3
833 silly placeDep ROOT @nodelib/fs.scandir@2.1.5 OK for: @nodelib/fs.walk@1.2.8 want: 2.1.5
834 silly placeDep ROOT fastq@1.20.1 OK for: @nodelib/fs.walk@1.2.8 want: ^1.6.0
835 silly fetch manifest run-parallel@^1.1.9
836 silly packumentCache full:https://registry.npmjs.org/run-parallel cache-miss
837 silly fetch manifest @nodelib/fs.stat@2.0.5
838 silly packumentCache full:https://registry.npmjs.org/@nodelib%2ffs.stat cache-miss
839 silly fetch manifest reusify@^1.0.4
840 silly packumentCache full:https://registry.npmjs.org/reusify cache-miss
841 http fetch GET 200 https://registry.npmjs.org/run-parallel 24ms (cache miss)
842 silly packumentCache full:https://registry.npmjs.org/run-parallel set size:undefined disposed:false
843 http fetch GET 200 https://registry.npmjs.org/reusify 33ms (cache miss)
844 silly packumentCache full:https://registry.npmjs.org/reusify set size:undefined disposed:false
845 http fetch GET 200 https://registry.npmjs.org/@nodelib%2ffs.stat 530ms (cache miss)
846 silly packumentCache full:https://registry.npmjs.org/@nodelib%2ffs.stat set size:undefined disposed:false
847 silly placeDep ROOT @nodelib/fs.stat@2.0.5 OK for: @nodelib/fs.scandir@2.1.5 want: 2.0.5
848 silly placeDep ROOT run-parallel@1.2.0 OK for: @nodelib/fs.scandir@2.1.5 want: ^1.1.9
849 silly fetch manifest queue-microtask@^1.2.2
850 silly packumentCache full:https://registry.npmjs.org/queue-microtask cache-miss
851 http fetch GET 200 https://registry.npmjs.org/queue-microtask 27ms (cache miss)
852 silly packumentCache full:https://registry.npmjs.org/queue-microtask set size:undefined disposed:false
853 silly placeDep ROOT fast-json-stable-stringify@2.1.0 OK for: ajv@6.15.0 want: ^2.0.0
854 silly placeDep ROOT json-schema-traverse@0.4.1 OK for: ajv@6.15.0 want: ^0.4.1
855 silly placeDep ROOT uri-js@4.4.1 OK for: ajv@6.15.0 want: ^4.2.2
856 silly fetch manifest punycode@^2.1.0
857 silly packumentCache full:https://registry.npmjs.org/punycode cache-miss
858 http fetch GET 200 https://registry.npmjs.org/punycode 31ms (cache miss)
859 silly packumentCache full:https://registry.npmjs.org/punycode set size:undefined disposed:false
860 silly placeDep ROOT ansi-styles@4.3.0 OK for: chalk@4.1.2 want: ^4.1.0
861 silly placeDep ROOT supports-color@7.2.0 OK for: chalk@4.1.2 want: ^7.1.0
862 silly fetch manifest color-convert@^2.0.1
863 silly packumentCache full:https://registry.npmjs.org/color-convert cache-miss
864 silly fetch manifest has-flag@^4.0.0
865 silly packumentCache full:https://registry.npmjs.org/has-flag cache-miss
866 http fetch GET 200 https://registry.npmjs.org/has-flag 24ms (cache miss)
867 silly packumentCache full:https://registry.npmjs.org/has-flag set size:undefined disposed:false
868 http fetch GET 200 https://registry.npmjs.org/color-convert 25ms (cache miss)
869 silly packumentCache full:https://registry.npmjs.org/color-convert set size:undefined disposed:false
870 silly placeDep ROOT color-convert@2.0.1 OK for: ansi-styles@4.3.0 want: ^2.0.1
871 silly fetch manifest color-name@~1.1.4
872 silly packumentCache full:https://registry.npmjs.org/color-name cache-miss
873 http fetch GET 200 https://registry.npmjs.org/color-name 30ms (cache miss)
874 silly packumentCache full:https://registry.npmjs.org/color-name set size:undefined disposed:false
875 silly placeDep ROOT color-name@1.1.4 OK for: color-convert@2.0.1 want: ~1.1.4
876 silly placeDep ROOT path-key@3.1.1 OK for: cross-spawn@7.0.6 want: ^3.1.0
877 silly placeDep ROOT shebang-command@2.0.0 OK for: cross-spawn@7.0.6 want: ^2.0.0
878 silly placeDep ROOT which@2.0.2 OK for: cross-spawn@7.0.6 want: ^2.0.1
879 silly fetch manifest shebang-regex@^3.0.0
880 silly packumentCache full:https://registry.npmjs.org/shebang-regex cache-miss
881 silly fetch manifest isexe@^2.0.0
882 silly packumentCache full:https://registry.npmjs.org/isexe cache-miss
883 http fetch GET 200 https://registry.npmjs.org/isexe 21ms (cache miss)
884 silly packumentCache full:https://registry.npmjs.org/isexe set size:undefined disposed:false
885 http fetch GET 200 https://registry.npmjs.org/shebang-regex 29ms (cache miss)
886 silly packumentCache full:https://registry.npmjs.org/shebang-regex set size:undefined disposed:false
887 silly placeDep ROOT ms@2.1.3 OK for: debug@4.4.3 want: ^2.1.3
888 silly fetch manifest eslint@^7.23.0 || ^8.0.0
889 silly packumentCache full:https://registry.npmjs.org/eslint cache-miss
890 http cache https://registry.npmjs.org/eslint 3ms (cache hit)
891 silly packumentCache full:https://registry.npmjs.org/eslint set size:1990528 disposed:false
892 silly fetch manifest typescript@>=3.3.1
893 silly packumentCache full:https://registry.npmjs.org/typescript cache-miss
894 http cache https://registry.npmjs.org/typescript 13ms (cache hit)
895 silly packumentCache full:https://registry.npmjs.org/typescript set size:15409943 disposed:false
896 silly fetch manifest eslint-plugin-import-x@*
897 silly packumentCache full:https://registry.npmjs.org/eslint-plugin-import-x cache-miss
898 http fetch GET 200 https://registry.npmjs.org/eslint-plugin-import-x 30ms (cache miss)
899 silly packumentCache full:https://registry.npmjs.org/eslint-plugin-import-x set size:undefined disposed:false
900 silly fetch manifest @typescript-eslint/utils@^8.56.0
901 silly packumentCache full:https://registry.npmjs.org/@typescript-eslint%2futils cache-miss
902 http fetch GET 200 https://registry.npmjs.org/@typescript-eslint%2futils 187ms (cache miss)
903 silly packumentCache full:https://registry.npmjs.org/@typescript-eslint%2futils set size:undefined disposed:false
904 silly placeDep ROOT @next/eslint-plugin-next@14.2.35 OK for: eslint-config-next@14.2.35 want: 14.2.35
905 silly placeDep ROOT @rushstack/eslint-patch@1.16.1 OK for: eslint-config-next@14.2.35 want: ^1.3.3
906 silly placeDep ROOT @typescript-eslint/eslint-plugin@8.59.2 OK for: eslint-config-next@14.2.35 want: ^5.4.2 || ^6.0.0 || ^7.0.0 || ^8.0.0
907 silly placeDep ROOT @typescript-eslint/parser@8.59.2 OK for: @typescript-eslint/eslint-plugin@8.59.2 want: ^8.59.2
908 silly placeDep ROOT eslint-import-resolver-node@0.3.10 OK for: eslint-config-next@14.2.35 want: ^0.3.6
909 silly placeDep ROOT eslint-import-resolver-typescript@3.10.1 OK for: eslint-config-next@14.2.35 want: ^3.5.2
910 silly placeDep ROOT eslint-plugin-import@2.32.0 OK for: eslint-config-next@14.2.35 want: ^2.28.1
911 silly placeDep ROOT eslint-plugin-jsx-a11y@6.10.2 OK for: eslint-config-next@14.2.35 want: ^6.7.1
912 silly placeDep ROOT eslint-plugin-react@7.37.5 OK for: eslint-config-next@14.2.35 want: ^7.33.2
913 silly placeDep ROOT eslint-plugin-react-hooks@5.0.0-canary-7118f5dd7-20230705 OK for: eslint-config-next@14.2.35 want: ^4.5.0 || 5.0.0-canary-7118f5dd7-20230705
914 silly fetch manifest glob@10.3.10
915 silly packumentCache full:https://registry.npmjs.org/glob cache-miss
916 silly fetch manifest ignore@^7.0.5
917 silly packumentCache full:https://registry.npmjs.org/ignore cache-miss
918 silly fetch manifest ts-api-utils@^2.5.0
919 silly packumentCache full:https://registry.npmjs.org/ts-api-utils cache-miss
920 silly fetch manifest @typescript-eslint/utils@8.59.2
921 silly packumentCache full:https://registry.npmjs.org/@typescript-eslint%2futils cache-miss
922 silly fetch manifest @typescript-eslint/type-utils@8.59.2
923 silly packumentCache full:https://registry.npmjs.org/@typescript-eslint%2ftype-utils cache-miss
924 silly fetch manifest @typescript-eslint/visitor-keys@8.59.2
925 silly packumentCache full:https://registry.npmjs.org/@typescript-eslint%2fvisitor-keys cache-miss
926 silly fetch manifest @typescript-eslint/scope-manager@8.59.2
927 silly packumentCache full:https://registry.npmjs.org/@typescript-eslint%2fscope-manager cache-miss
928 silly fetch manifest @typescript-eslint/types@8.59.2
929 silly packumentCache full:https://registry.npmjs.org/@typescript-eslint%2ftypes cache-miss
930 silly fetch manifest @typescript-eslint/visitor-keys@8.59.2
931 silly packumentCache full:https://registry.npmjs.org/@typescript-eslint%2fvisitor-keys cache-miss
932 silly fetch manifest @typescript-eslint/scope-manager@8.59.2
933 silly packumentCache full:https://registry.npmjs.org/@typescript-eslint%2fscope-manager cache-miss
934 silly fetch manifest @typescript-eslint/typescript-estree@8.59.2
935 silly packumentCache full:https://registry.npmjs.org/@typescript-eslint%2ftypescript-estree cache-miss
936 silly fetch manifest debug@^3.2.7
937 silly packumentCache full:https://registry.npmjs.org/debug cache-hit
938 silly fetch manifest is-core-module@^2.16.1
939 silly packumentCache full:https://registry.npmjs.org/is-core-module cache-miss
940 silly fetch manifest resolve@^2.0.0-next.6
941 silly packumentCache full:https://registry.npmjs.org/resolve cache-miss
942 silly fetch manifest tinyglobby@^0.2.13
943 silly packumentCache full:https://registry.npmjs.org/tinyglobby cache-miss
944 silly fetch manifest stable-hash@^0.0.5
945 silly packumentCache full:https://registry.npmjs.org/stable-hash cache-miss
946 http cache https://registry.npmjs.org/ignore 4ms (cache hit)
947 silly packumentCache full:https://registry.npmjs.org/ignore set size:237380 disposed:false
948 silly fetch manifest get-tsconfig@^4.10.0
949 silly packumentCache full:https://registry.npmjs.org/get-tsconfig cache-miss
950 http cache https://registry.npmjs.org/resolve 4ms (cache hit)
951 silly packumentCache full:https://registry.npmjs.org/resolve set size:252941 disposed:false
952 silly fetch manifest is-bun-module@^2.0.0
953 silly packumentCache full:https://registry.npmjs.org/is-bun-module cache-miss
954 http cache https://registry.npmjs.org/@typescript-eslint%2futils 17ms (cache hit)
955 silly packumentCache full:https://registry.npmjs.org/@typescript-eslint%2futils set size:10089025 disposed:false
956 silly fetch manifest unrs-resolver@^1.6.2
957 silly packumentCache full:https://registry.npmjs.org/unrs-resolver cache-miss
958 http fetch GET 200 https://registry.npmjs.org/stable-hash 40ms (cache miss)
959 silly packumentCache full:https://registry.npmjs.org/stable-hash set size:undefined disposed:false
960 silly fetch manifest @nolyfill/is-core-module@1.0.39
961 silly packumentCache full:https://registry.npmjs.org/@nolyfill%2fis-core-module cache-miss
962 http fetch GET 200 https://registry.npmjs.org/is-bun-module 38ms (cache miss)
963 silly packumentCache full:https://registry.npmjs.org/is-bun-module set size:undefined disposed:false
964 silly fetch manifest @rtsao/scc@^1.1.0
965 silly packumentCache full:https://registry.npmjs.org/@rtsao%2fscc cache-miss
966 http fetch GET 200 https://registry.npmjs.org/tinyglobby 44ms (cache miss)
967 silly packumentCache full:https://registry.npmjs.org/tinyglobby set size:undefined disposed:false
968 silly fetch manifest array-includes@^3.1.9
969 silly packumentCache full:https://registry.npmjs.org/array-includes cache-miss
970 http fetch GET 200 https://registry.npmjs.org/get-tsconfig 41ms (cache miss)
971 silly packumentCache full:https://registry.npmjs.org/get-tsconfig set size:undefined disposed:false
972 silly fetch manifest array.prototype.findlastindex@^1.2.6
973 silly packumentCache full:https://registry.npmjs.org/array.prototype.findlastindex cache-miss
974 http fetch GET 200 https://registry.npmjs.org/is-core-module 46ms (cache miss)
975 silly packumentCache full:https://registry.npmjs.org/is-core-module set size:undefined disposed:false
976 silly fetch manifest array.prototype.flat@^1.3.3
977 silly packumentCache full:https://registry.npmjs.org/array.prototype.flat cache-miss
978 http fetch GET 200 https://registry.npmjs.org/glob 48ms (cache miss)
979 silly packumentCache full:https://registry.npmjs.org/glob set size:undefined disposed:false
980 silly fetch manifest array.prototype.flatmap@^1.3.3
981 silly packumentCache full:https://registry.npmjs.org/array.prototype.flatmap cache-miss
982 http fetch GET 200 https://registry.npmjs.org/ts-api-utils 51ms (cache miss)
983 silly packumentCache full:https://registry.npmjs.org/ts-api-utils set size:undefined disposed:false
984 silly fetch manifest doctrine@^2.1.0
985 silly packumentCache full:https://registry.npmjs.org/doctrine cache-miss
986 http cache https://registry.npmjs.org/doctrine 1ms (cache hit)
987 silly packumentCache full:https://registry.npmjs.org/doctrine set size:64052 disposed:false
988 silly fetch manifest eslint-module-utils@^2.12.1
989 silly packumentCache full:https://registry.npmjs.org/eslint-module-utils cache-miss
990 http fetch GET 200 https://registry.npmjs.org/unrs-resolver 32ms (cache miss)
991 silly packumentCache full:https://registry.npmjs.org/unrs-resolver set size:undefined disposed:false
992 silly fetch manifest hasown@^2.0.2
993 silly packumentCache full:https://registry.npmjs.org/hasown cache-miss
994 http fetch GET 200 https://registry.npmjs.org/array.prototype.findlastindex 32ms (cache miss)
995 silly packumentCache full:https://registry.npmjs.org/array.prototype.findlastindex set size:undefined disposed:false
996 silly fetch manifest object.fromentries@^2.0.8
997 silly packumentCache full:https://registry.npmjs.org/object.fromentries cache-miss
998 http fetch GET 200 https://registry.npmjs.org/@nolyfill%2fis-core-module 44ms (cache miss)
999 silly packumentCache full:https://registry.npmjs.org/@nolyfill%2fis-core-module set size:undefined disposed:false
1000 silly fetch manifest object.groupby@^1.0.3
1001 silly packumentCache full:https://registry.npmjs.org/object.groupby cache-miss
1002 http fetch GET 200 https://registry.npmjs.org/@rtsao%2fscc 43ms (cache miss)
1003 silly packumentCache full:https://registry.npmjs.org/@rtsao%2fscc set size:undefined disposed:false
1004 silly fetch manifest object.values@^1.2.1
1005 silly packumentCache full:https://registry.npmjs.org/object.values cache-miss
1006 http fetch GET 200 https://registry.npmjs.org/array-includes 43ms (cache miss)
1007 silly packumentCache full:https://registry.npmjs.org/array-includes set size:undefined disposed:false
1008 silly fetch manifest semver@^6.3.1
1009 silly packumentCache full:https://registry.npmjs.org/semver cache-miss
1010 http fetch GET 200 https://registry.npmjs.org/array.prototype.flatmap 39ms (cache miss)
1011 silly packumentCache full:https://registry.npmjs.org/array.prototype.flatmap set size:undefined disposed:false
1012 silly fetch manifest string.prototype.trimend@^1.0.9
1013 silly packumentCache full:https://registry.npmjs.org/string.prototype.trimend cache-miss
1014 http fetch GET 200 https://registry.npmjs.org/hasown 37ms (cache miss)
1015 silly packumentCache full:https://registry.npmjs.org/hasown set size:undefined disposed:false
1016 silly fetch manifest tsconfig-paths@^3.15.0
1017 silly packumentCache full:https://registry.npmjs.org/tsconfig-paths cache-miss
1018 http fetch GET 200 https://registry.npmjs.org/eslint-module-utils 51ms (cache miss)
1019 silly packumentCache full:https://registry.npmjs.org/eslint-module-utils set size:undefined disposed:false
1020 silly fetch manifest aria-query@^5.3.2
1021 silly packumentCache full:https://registry.npmjs.org/aria-query cache-miss
1022 http fetch GET 200 https://registry.npmjs.org/object.fromentries 47ms (cache miss)
1023 silly packumentCache full:https://registry.npmjs.org/object.fromentries set size:undefined disposed:false
1024 silly fetch manifest array-includes@^3.1.8
1025 silly packumentCache full:https://registry.npmjs.org/array-includes cache-miss
1026 http fetch GET 200 https://registry.npmjs.org/object.groupby 39ms (cache miss)
1027 silly packumentCache full:https://registry.npmjs.org/object.groupby set size:undefined disposed:false
1028 silly fetch manifest array.prototype.flatmap@^1.3.2
1029 silly packumentCache full:https://registry.npmjs.org/array.prototype.flatmap cache-miss
1030 http fetch GET 200 https://registry.npmjs.org/string.prototype.trimend 36ms (cache miss)
1031 silly packumentCache full:https://registry.npmjs.org/string.prototype.trimend set size:undefined disposed:false
1032 silly fetch manifest ast-types-flow@^0.0.8
1033 silly packumentCache full:https://registry.npmjs.org/ast-types-flow cache-miss
1034 http cache https://registry.npmjs.org/array-includes 4ms (cache hit)
1035 silly packumentCache full:https://registry.npmjs.org/array-includes set size:77143 disposed:false
1036 silly fetch manifest axe-core@^4.10.0
1037 silly packumentCache full:https://registry.npmjs.org/axe-core cache-miss
1038 http cache https://registry.npmjs.org/array.prototype.flatmap 3ms (cache hit)
1039 silly packumentCache full:https://registry.npmjs.org/array.prototype.flatmap set size:51458 disposed:false
1040 silly fetch manifest axobject-query@^4.1.0
1041 silly packumentCache full:https://registry.npmjs.org/axobject-query cache-miss
1042 http fetch GET 200 https://registry.npmjs.org/semver 52ms (cache miss)
1043 silly packumentCache full:https://registry.npmjs.org/semver set size:undefined disposed:false
1044 silly fetch manifest damerau-levenshtein@^1.0.8
1045 silly packumentCache full:https://registry.npmjs.org/damerau-levenshtein cache-miss
1046 http fetch GET 200 https://registry.npmjs.org/tsconfig-paths 49ms (cache miss)
1047 silly packumentCache full:https://registry.npmjs.org/tsconfig-paths set size:undefined disposed:false
1048 silly fetch manifest emoji-regex@^9.2.2
1049 silly packumentCache full:https://registry.npmjs.org/emoji-regex cache-miss
1050 http fetch GET 200 https://registry.npmjs.org/array.prototype.flat 123ms (cache miss)
1051 silly packumentCache full:https://registry.npmjs.org/array.prototype.flat set size:undefined disposed:false
1052 silly fetch manifest jsx-ast-utils@^3.3.5
1053 silly packumentCache full:https://registry.npmjs.org/jsx-ast-utils cache-miss
1054 http fetch GET 200 https://registry.npmjs.org/damerau-levenshtein 31ms (cache miss)
1055 silly packumentCache full:https://registry.npmjs.org/damerau-levenshtein set size:undefined disposed:false
1056 silly fetch manifest language-tags@^1.0.9
1057 silly packumentCache full:https://registry.npmjs.org/language-tags cache-miss
1058 http fetch GET 200 https://registry.npmjs.org/axobject-query 44ms (cache miss)
1059 silly packumentCache full:https://registry.npmjs.org/axobject-query set size:undefined disposed:false
1060 silly fetch manifest safe-regex-test@^1.0.3
1061 silly packumentCache full:https://registry.npmjs.org/safe-regex-test cache-miss
1062 http fetch GET 200 https://registry.npmjs.org/jsx-ast-utils 47ms (cache miss)
1063 silly packumentCache full:https://registry.npmjs.org/jsx-ast-utils set size:undefined disposed:false
1064 silly fetch manifest string.prototype.includes@^2.0.1
1065 silly packumentCache full:https://registry.npmjs.org/string.prototype.includes cache-miss
1066 http fetch GET 200 https://registry.npmjs.org/language-tags 45ms (cache miss)
1067 silly packumentCache full:https://registry.npmjs.org/language-tags set size:undefined disposed:false
1068 silly fetch manifest array.prototype.findlast@^1.2.5
1069 silly packumentCache full:https://registry.npmjs.org/array.prototype.findlast cache-miss
1070 http fetch GET 200 https://registry.npmjs.org/safe-regex-test 45ms (cache miss)
1071 silly packumentCache full:https://registry.npmjs.org/safe-regex-test set size:undefined disposed:false
1072 silly fetch manifest array.prototype.tosorted@^1.1.4
1073 silly packumentCache full:https://registry.npmjs.org/array.prototype.tosorted cache-miss
1074 http fetch GET 200 https://registry.npmjs.org/object.values 133ms (cache miss)
1075 silly packumentCache full:https://registry.npmjs.org/object.values set size:undefined disposed:false
1076 silly fetch manifest es-iterator-helpers@^1.2.1
1077 silly packumentCache full:https://registry.npmjs.org/es-iterator-helpers cache-miss
1078 http fetch GET 200 https://registry.npmjs.org/emoji-regex 69ms (cache miss)
1079 silly packumentCache full:https://registry.npmjs.org/emoji-regex set size:undefined disposed:false
1080 silly fetch manifest estraverse@^5.3.0
1081 silly packumentCache full:https://registry.npmjs.org/estraverse cache-miss
1082 http cache https://registry.npmjs.org/estraverse 4ms (cache hit)
1083 silly packumentCache full:https://registry.npmjs.org/estraverse set size:62412 disposed:false
1084 silly fetch manifest jsx-ast-utils@^2.4.1 || ^3.0.0
1085 silly packumentCache full:https://registry.npmjs.org/jsx-ast-utils cache-miss
1086 http fetch GET 200 https://registry.npmjs.org/aria-query 124ms (cache miss)
1087 silly packumentCache full:https://registry.npmjs.org/aria-query set size:undefined disposed:false
1088 silly fetch manifest object.entries@^1.1.9
1089 silly packumentCache full:https://registry.npmjs.org/object.entries cache-miss
1090 http cache https://registry.npmjs.org/jsx-ast-utils 4ms (cache hit)
1091 silly packumentCache full:https://registry.npmjs.org/jsx-ast-utils set size:115998 disposed:false
1092 silly fetch manifest prop-types@^15.8.1
1093 silly packumentCache full:https://registry.npmjs.org/prop-types cache-miss
1094 http fetch GET 200 https://registry.npmjs.org/ast-types-flow 109ms (cache miss)
1095 silly packumentCache full:https://registry.npmjs.org/ast-types-flow set size:undefined disposed:false
1096 silly fetch manifest resolve@^2.0.0-next.5
1097 silly packumentCache full:https://registry.npmjs.org/resolve cache-hit
1098 silly fetch manifest string.prototype.matchall@^4.0.12
1099 silly packumentCache full:https://registry.npmjs.org/string.prototype.matchall cache-miss
1100 http fetch GET 200 https://registry.npmjs.org/array.prototype.findlast 38ms (cache miss)
1101 silly packumentCache full:https://registry.npmjs.org/array.prototype.findlast set size:undefined disposed:false
1102 silly fetch manifest string.prototype.repeat@^1.0.0
1103 silly packumentCache full:https://registry.npmjs.org/string.prototype.repeat cache-miss
1104 http fetch GET 200 https://registry.npmjs.org/@typescript-eslint%2fvisitor-keys 257ms (cache miss)
1105 silly packumentCache full:https://registry.npmjs.org/@typescript-eslint%2fvisitor-keys set size:undefined disposed:false
1106 http fetch GET 200 https://registry.npmjs.org/array.prototype.tosorted 59ms (cache miss)
1107 silly packumentCache full:https://registry.npmjs.org/array.prototype.tosorted set size:undefined disposed:false
1108 http fetch GET 200 https://registry.npmjs.org/string.prototype.includes 63ms (cache miss)
1109 silly packumentCache full:https://registry.npmjs.org/string.prototype.includes set size:undefined disposed:false
1110 http fetch GET 200 https://registry.npmjs.org/object.entries 54ms (cache miss)
1111 silly packumentCache full:https://registry.npmjs.org/object.entries set size:undefined disposed:false
1112 http fetch GET 200 https://registry.npmjs.org/string.prototype.matchall 49ms (cache miss)
1113 silly packumentCache full:https://registry.npmjs.org/string.prototype.matchall set size:undefined disposed:false
1114 http fetch GET 200 https://registry.npmjs.org/prop-types 55ms (cache miss)
1115 silly packumentCache full:https://registry.npmjs.org/prop-types set size:undefined disposed:false
1116 http fetch GET 200 https://registry.npmjs.org/es-iterator-helpers 68ms (cache miss)
1117 silly packumentCache full:https://registry.npmjs.org/es-iterator-helpers set size:undefined disposed:false
1118 http fetch GET 200 https://registry.npmjs.org/string.prototype.repeat 33ms (cache miss)
1119 silly packumentCache full:https://registry.npmjs.org/string.prototype.repeat set size:undefined disposed:false
1120 http fetch GET 200 https://registry.npmjs.org/@typescript-eslint%2fscope-manager 301ms (cache miss)
1121 silly packumentCache full:https://registry.npmjs.org/@typescript-eslint%2fscope-manager set size:undefined disposed:false
1122 http fetch GET 200 https://registry.npmjs.org/@typescript-eslint%2ftype-utils 324ms (cache miss)
1123 silly packumentCache full:https://registry.npmjs.org/@typescript-eslint%2ftype-utils set size:undefined disposed:false
1124 http fetch GET 200 https://registry.npmjs.org/axe-core 227ms (cache miss)
1125 silly packumentCache full:https://registry.npmjs.org/axe-core set size:undefined disposed:false
1126 http fetch GET 200 https://registry.npmjs.org/@typescript-eslint%2fscope-manager 372ms (cache miss)
1127 silly packumentCache full:https://registry.npmjs.org/@typescript-eslint%2fscope-manager set size:undefined disposed:false
1128 http fetch GET 200 https://registry.npmjs.org/@typescript-eslint%2ftypescript-estree 395ms (cache miss)
1129 silly packumentCache full:https://registry.npmjs.org/@typescript-eslint%2ftypescript-estree set size:undefined disposed:false
1130 http fetch GET 200 https://registry.npmjs.org/@typescript-eslint%2ftypes 439ms (cache miss)
1131 silly packumentCache full:https://registry.npmjs.org/@typescript-eslint%2ftypes set size:undefined disposed:false
1132 http fetch GET 200 https://registry.npmjs.org/@typescript-eslint%2fvisitor-keys 562ms (cache miss)
1133 silly packumentCache full:https://registry.npmjs.org/@typescript-eslint%2fvisitor-keys set size:undefined disposed:false
1134 silly placeDep ROOT glob@10.3.10 OK for: @next/eslint-plugin-next@14.2.35 want: 10.3.10
1135 silly fetch manifest minipass@^5.0.0 || ^6.0.2 || ^7.0.0
1136 silly packumentCache full:https://registry.npmjs.org/minipass cache-miss
1137 silly fetch manifest jackspeak@^2.3.5
1138 silly packumentCache full:https://registry.npmjs.org/jackspeak cache-miss
1139 silly fetch manifest minimatch@^9.0.1
1140 silly packumentCache full:https://registry.npmjs.org/minimatch cache-hit
1141 silly fetch manifest path-scurry@^1.10.1
1142 silly packumentCache full:https://registry.npmjs.org/path-scurry cache-miss
1143 silly fetch manifest foreground-child@^3.1.0
1144 silly packumentCache full:https://registry.npmjs.org/foreground-child cache-miss
1145 http fetch GET 200 https://registry.npmjs.org/jackspeak 41ms (cache miss)
1146 silly packumentCache full:https://registry.npmjs.org/jackspeak set size:undefined disposed:false
1147 http fetch GET 200 https://registry.npmjs.org/foreground-child 46ms (cache miss)
1148 silly packumentCache full:https://registry.npmjs.org/foreground-child set size:undefined disposed:false
1149 http fetch GET 200 https://registry.npmjs.org/path-scurry 46ms (cache miss)
1150 silly packumentCache full:https://registry.npmjs.org/path-scurry set size:undefined disposed:false
1151 http fetch GET 200 https://registry.npmjs.org/minipass 49ms (cache miss)
1152 silly packumentCache full:https://registry.npmjs.org/minipass set size:undefined disposed:false
1153 silly fetch manifest typescript@>=4.8.4 <6.1.0
1154 silly packumentCache full:https://registry.npmjs.org/typescript cache-miss
1155 http cache https://registry.npmjs.org/typescript 12ms (cache hit)
1156 silly packumentCache full:https://registry.npmjs.org/typescript set size:15409943 disposed:false
1157 silly fetch manifest eslint@^8.57.0 || ^9.0.0 || ^10.0.0
1158 silly packumentCache full:https://registry.npmjs.org/eslint cache-miss
1159 http cache https://registry.npmjs.org/eslint 3ms (cache hit)
1160 silly packumentCache full:https://registry.npmjs.org/eslint set size:1990528 disposed:false
1161 silly placeDep ROOT @typescript-eslint/scope-manager@8.59.2 OK for: @typescript-eslint/eslint-plugin@8.59.2 want: 8.59.2
1162 silly placeDep ROOT @typescript-eslint/type-utils@8.59.2 OK for: @typescript-eslint/eslint-plugin@8.59.2 want: 8.59.2
1163 silly placeDep ROOT @typescript-eslint/utils@8.59.2 OK for: @typescript-eslint/eslint-plugin@8.59.2 want: 8.59.2
1164 silly placeDep ROOT @typescript-eslint/visitor-keys@8.59.2 OK for: @typescript-eslint/eslint-plugin@8.59.2 want: 8.59.2
1165 silly placeDep node_modules/@typescript-eslint/eslint-plugin ignore@7.0.5 OK for: @typescript-eslint/eslint-plugin@8.59.2 want: ^7.0.5
1166 silly placeDep ROOT ts-api-utils@2.5.0 OK for: @typescript-eslint/eslint-plugin@8.59.2 want: ^2.5.0
1167 silly fetch manifest eslint-visitor-keys@^5.0.0
1168 silly packumentCache full:https://registry.npmjs.org/eslint-visitor-keys cache-miss
1169 http cache https://registry.npmjs.org/eslint-visitor-keys 3ms (cache hit)
1170 silly packumentCache full:https://registry.npmjs.org/eslint-visitor-keys set size:69949 disposed:false
1171 silly placeDep ROOT @typescript-eslint/types@8.59.2 OK for: @typescript-eslint/parser@8.59.2 want: 8.59.2
1172 silly placeDep ROOT @typescript-eslint/typescript-estree@8.59.2 OK for: @typescript-eslint/parser@8.59.2 want: 8.59.2
1173 silly fetch manifest semver@^7.7.3
1174 silly packumentCache full:https://registry.npmjs.org/semver cache-miss
1175 silly fetch manifest minimatch@^10.2.2
1176 silly packumentCache full:https://registry.npmjs.org/minimatch cache-hit
1177 silly fetch manifest tinyglobby@^0.2.15
1178 silly packumentCache full:https://registry.npmjs.org/tinyglobby cache-miss
1179 silly fetch manifest @typescript-eslint/tsconfig-utils@8.59.2
1180 silly packumentCache full:https://registry.npmjs.org/@typescript-eslint%2ftsconfig-utils cache-miss
1181 silly fetch manifest @typescript-eslint/project-service@8.59.2
1182 silly packumentCache full:https://registry.npmjs.org/@typescript-eslint%2fproject-service cache-miss
1183 http cache https://registry.npmjs.org/tinyglobby 2ms (cache hit)
1184 silly packumentCache full:https://registry.npmjs.org/tinyglobby set size:52660 disposed:false
1185 http cache https://registry.npmjs.org/semver 2ms (cache hit)
1186 silly packumentCache full:https://registry.npmjs.org/semver set size:233058 disposed:false
1187 http fetch GET 200 https://registry.npmjs.org/@typescript-eslint%2fproject-service 55ms (cache miss)
1188 silly packumentCache full:https://registry.npmjs.org/@typescript-eslint%2fproject-service set size:undefined disposed:false
1189 http fetch GET 200 https://registry.npmjs.org/@typescript-eslint%2ftsconfig-utils 60ms (cache miss)
1190 silly packumentCache full:https://registry.npmjs.org/@typescript-eslint%2ftsconfig-utils set size:undefined disposed:false
1191 silly placeDep ROOT @typescript-eslint/project-service@8.59.2 OK for: @typescript-eslint/typescript-estree@8.59.2 want: 8.59.2
1192 silly placeDep ROOT @typescript-eslint/tsconfig-utils@8.59.2 OK for: @typescript-eslint/typescript-estree@8.59.2 want: 8.59.2
1193 silly placeDep node_modules/@typescript-eslint/typescript-estree minimatch@10.2.5 OK for: @typescript-eslint/typescript-estree@8.59.2 want: ^10.2.2
1194 silly placeDep ROOT semver@7.8.0 OK for: @typescript-eslint/typescript-estree@8.59.2 want: ^7.7.3
1195 silly placeDep ROOT tinyglobby@0.2.16 OK for: @typescript-eslint/typescript-estree@8.59.2 want: ^0.2.15
1196 silly fetch manifest @typescript-eslint/tsconfig-utils@^8.59.2
1197 silly packumentCache full:https://registry.npmjs.org/@typescript-eslint%2ftsconfig-utils cache-miss
1198 silly fetch manifest brace-expansion@^5.0.5
1199 silly packumentCache full:https://registry.npmjs.org/brace-expansion cache-miss
1200 silly fetch manifest fdir@^6.5.0
1201 silly packumentCache full:https://registry.npmjs.org/fdir cache-miss
1202 silly fetch manifest picomatch@^4.0.4
1203 silly packumentCache full:https://registry.npmjs.org/picomatch cache-miss
1204 http cache https://registry.npmjs.org/brace-expansion 1ms (cache hit)
1205 silly packumentCache full:https://registry.npmjs.org/brace-expansion set size:70654 disposed:false
1206 http cache https://registry.npmjs.org/@typescript-eslint%2ftsconfig-utils 2ms (cache hit)
1207 silly packumentCache full:https://registry.npmjs.org/@typescript-eslint%2ftsconfig-utils set size:1200989 disposed:false
1208 http fetch GET 200 https://registry.npmjs.org/picomatch 23ms (cache miss)
1209 silly packumentCache full:https://registry.npmjs.org/picomatch set size:undefined disposed:false
1210 http fetch GET 200 https://registry.npmjs.org/fdir 44ms (cache miss)
1211 silly packumentCache full:https://registry.npmjs.org/fdir set size:undefined disposed:false
1212 silly placeDep node_modules/@typescript-eslint/visitor-keys eslint-visitor-keys@5.0.1 OK for: @typescript-eslint/visitor-keys@8.59.2 want: ^5.0.0
1213 silly placeDep node_modules/eslint-import-resolver-node debug@3.2.7 OK for: eslint-import-resolver-node@0.3.10 want: ^3.2.7
1214 silly placeDep ROOT is-core-module@2.16.2 OK for: eslint-import-resolver-node@0.3.10 want: ^2.16.1
1215 silly placeDep ROOT resolve@2.0.0-next.6 OK for: eslint-import-resolver-node@0.3.10 want: ^2.0.0-next.6
1216 silly fetch manifest hasown@^2.0.3
1217 silly packumentCache full:https://registry.npmjs.org/hasown cache-miss
1218 silly fetch manifest es-errors@^1.3.0
1219 silly packumentCache full:https://registry.npmjs.org/es-errors cache-miss
1220 silly fetch manifest path-parse@^1.0.7
1221 silly packumentCache full:https://registry.npmjs.org/path-parse cache-miss
1222 silly fetch manifest object-keys@^1.1.1
1223 silly packumentCache full:https://registry.npmjs.org/object-keys cache-miss
1224 silly fetch manifest node-exports-info@^1.6.0
1225 silly packumentCache full:https://registry.npmjs.org/node-exports-info cache-miss
1226 silly fetch manifest supports-preserve-symlinks-flag@^1.0.0
1227 silly packumentCache full:https://registry.npmjs.org/supports-preserve-symlinks-flag cache-miss
1228 http cache https://registry.npmjs.org/hasown 3ms (cache hit)
1229 silly packumentCache full:https://registry.npmjs.org/hasown set size:15429 disposed:false
1230 http fetch GET 200 https://registry.npmjs.org/object-keys 24ms (cache miss)
1231 silly packumentCache full:https://registry.npmjs.org/object-keys set size:undefined disposed:false
1232 http fetch GET 200 https://registry.npmjs.org/es-errors 26ms (cache miss)
1233 silly packumentCache full:https://registry.npmjs.org/es-errors set size:undefined disposed:false
1234 http fetch GET 200 https://registry.npmjs.org/supports-preserve-symlinks-flag 30ms (cache miss)
1235 silly packumentCache full:https://registry.npmjs.org/supports-preserve-symlinks-flag set size:undefined disposed:false
1236 http fetch GET 200 https://registry.npmjs.org/path-parse 31ms (cache miss)
1237 silly packumentCache full:https://registry.npmjs.org/path-parse set size:undefined disposed:false
1238 http fetch GET 200 https://registry.npmjs.org/node-exports-info 113ms (cache miss)
1239 silly packumentCache full:https://registry.npmjs.org/node-exports-info set size:undefined disposed:false
1240 silly placeDep ROOT @nolyfill/is-core-module@1.0.39 OK for: eslint-import-resolver-typescript@3.10.1 want: 1.0.39
1241 silly placeDep ROOT get-tsconfig@4.14.0 OK for: eslint-import-resolver-typescript@3.10.1 want: ^4.10.0
1242 silly placeDep ROOT is-bun-module@2.0.0 OK for: eslint-import-resolver-typescript@3.10.1 want: ^2.0.0
1243 silly placeDep ROOT stable-hash@0.0.5 OK for: eslint-import-resolver-typescript@3.10.1 want: ^0.0.5
1244 silly placeDep ROOT unrs-resolver@1.11.1 OK for: eslint-import-resolver-typescript@3.10.1 want: ^1.6.2
1245 silly fetch manifest resolve-pkg-maps@^1.0.0
1246 silly packumentCache full:https://registry.npmjs.org/resolve-pkg-maps cache-miss
1247 silly fetch manifest napi-postinstall@^0.3.0
1248 silly packumentCache full:https://registry.npmjs.org/napi-postinstall cache-miss
1249 silly fetch manifest @unrs/resolver-binding-win32-x64-msvc@1.11.1
1250 silly packumentCache full:https://registry.npmjs.org/@unrs%2fresolver-binding-win32-x64-msvc cache-miss
1251 silly fetch manifest @unrs/resolver-binding-win32-arm64-msvc@1.11.1
1252 silly packumentCache full:https://registry.npmjs.org/@unrs%2fresolver-binding-win32-arm64-msvc cache-miss
1253 silly fetch manifest @unrs/resolver-binding-win32-ia32-msvc@1.11.1
1254 silly packumentCache full:https://registry.npmjs.org/@unrs%2fresolver-binding-win32-ia32-msvc cache-miss
1255 silly fetch manifest @unrs/resolver-binding-linux-x64-gnu@1.11.1
1256 silly packumentCache full:https://registry.npmjs.org/@unrs%2fresolver-binding-linux-x64-gnu cache-miss
1257 silly fetch manifest @unrs/resolver-binding-linux-x64-musl@1.11.1
1258 silly packumentCache full:https://registry.npmjs.org/@unrs%2fresolver-binding-linux-x64-musl cache-miss
1259 silly fetch manifest @unrs/resolver-binding-freebsd-x64@1.11.1
1260 silly packumentCache full:https://registry.npmjs.org/@unrs%2fresolver-binding-freebsd-x64 cache-miss
1261 silly fetch manifest @unrs/resolver-binding-android-arm64@1.11.1
1262 silly packumentCache full:https://registry.npmjs.org/@unrs%2fresolver-binding-android-arm64 cache-miss
1263 silly fetch manifest @unrs/resolver-binding-linux-arm64-gnu@1.11.1
1264 silly packumentCache full:https://registry.npmjs.org/@unrs%2fresolver-binding-linux-arm64-gnu cache-miss
1265 silly fetch manifest @unrs/resolver-binding-linux-arm64-musl@1.11.1
1266 silly packumentCache full:https://registry.npmjs.org/@unrs%2fresolver-binding-linux-arm64-musl cache-miss
1267 silly fetch manifest @unrs/resolver-binding-android-arm-eabi@1.11.1
1268 silly packumentCache full:https://registry.npmjs.org/@unrs%2fresolver-binding-android-arm-eabi cache-miss
1269 silly fetch manifest @unrs/resolver-binding-linux-arm-gnueabihf@1.11.1
1270 silly packumentCache full:https://registry.npmjs.org/@unrs%2fresolver-binding-linux-arm-gnueabihf cache-miss
1271 silly fetch manifest @unrs/resolver-binding-linux-arm-musleabihf@1.11.1
1272 silly packumentCache full:https://registry.npmjs.org/@unrs%2fresolver-binding-linux-arm-musleabihf cache-miss
1273 silly fetch manifest @unrs/resolver-binding-linux-ppc64-gnu@1.11.1
1274 silly packumentCache full:https://registry.npmjs.org/@unrs%2fresolver-binding-linux-ppc64-gnu cache-miss
1275 http fetch GET 200 https://registry.npmjs.org/resolve-pkg-maps 22ms (cache miss)
1276 silly packumentCache full:https://registry.npmjs.org/resolve-pkg-maps set size:undefined disposed:false
1277 silly fetch manifest @unrs/resolver-binding-linux-riscv64-gnu@1.11.1
1278 silly packumentCache full:https://registry.npmjs.org/@unrs%2fresolver-binding-linux-riscv64-gnu cache-miss
1279 http fetch GET 200 https://registry.npmjs.org/napi-postinstall 50ms (cache miss)
1280 silly packumentCache full:https://registry.npmjs.org/napi-postinstall set size:undefined disposed:false
1281 silly fetch manifest @unrs/resolver-binding-linux-riscv64-musl@1.11.1
1282 silly packumentCache full:https://registry.npmjs.org/@unrs%2fresolver-binding-linux-riscv64-musl cache-miss
1283 http fetch GET 200 https://registry.npmjs.org/@unrs%2fresolver-binding-android-arm64 51ms (cache miss)
1284 silly packumentCache full:https://registry.npmjs.org/@unrs%2fresolver-binding-android-arm64 set size:undefined disposed:false
1285 silly fetch manifest @unrs/resolver-binding-linux-s390x-gnu@1.11.1
1286 silly packumentCache full:https://registry.npmjs.org/@unrs%2fresolver-binding-linux-s390x-gnu cache-miss
1287 http fetch GET 200 https://registry.npmjs.org/@unrs%2fresolver-binding-linux-ppc64-gnu 50ms (cache miss)
1288 silly packumentCache full:https://registry.npmjs.org/@unrs%2fresolver-binding-linux-ppc64-gnu set size:undefined disposed:false
1289 silly fetch manifest @unrs/resolver-binding-darwin-x64@1.11.1
1290 silly packumentCache full:https://registry.npmjs.org/@unrs%2fresolver-binding-darwin-x64 cache-miss
1291 http fetch GET 200 https://registry.npmjs.org/@unrs%2fresolver-binding-linux-arm64-musl 51ms (cache miss)
1292 silly packumentCache full:https://registry.npmjs.org/@unrs%2fresolver-binding-linux-arm64-musl set size:undefined disposed:false
1293 silly fetch manifest @unrs/resolver-binding-darwin-arm64@1.11.1
1294 silly packumentCache full:https://registry.npmjs.org/@unrs%2fresolver-binding-darwin-arm64 cache-miss
1295 http fetch GET 200 https://registry.npmjs.org/@unrs%2fresolver-binding-win32-arm64-msvc 53ms (cache miss)
1296 silly packumentCache full:https://registry.npmjs.org/@unrs%2fresolver-binding-win32-arm64-msvc set size:undefined disposed:false
1297 silly fetch manifest @unrs/resolver-binding-wasm32-wasi@1.11.1
1298 silly packumentCache full:https://registry.npmjs.org/@unrs%2fresolver-binding-wasm32-wasi cache-miss
1299 http fetch GET 200 https://registry.npmjs.org/@unrs%2fresolver-binding-win32-ia32-msvc 54ms (cache miss)
1300 silly packumentCache full:https://registry.npmjs.org/@unrs%2fresolver-binding-win32-ia32-msvc set size:undefined disposed:false
1301 http fetch GET 200 https://registry.npmjs.org/@unrs%2fresolver-binding-freebsd-x64 54ms (cache miss)
1302 silly packumentCache full:https://registry.npmjs.org/@unrs%2fresolver-binding-freebsd-x64 set size:undefined disposed:false
1303 http fetch GET 200 https://registry.npmjs.org/@unrs%2fresolver-binding-linux-x64-musl 54ms (cache miss)
1304 silly packumentCache full:https://registry.npmjs.org/@unrs%2fresolver-binding-linux-x64-musl set size:undefined disposed:false
1305 http fetch GET 200 https://registry.npmjs.org/@unrs%2fresolver-binding-linux-arm64-gnu 55ms (cache miss)
1306 silly packumentCache full:https://registry.npmjs.org/@unrs%2fresolver-binding-linux-arm64-gnu set size:undefined disposed:false
1307 http fetch GET 200 https://registry.npmjs.org/@unrs%2fresolver-binding-linux-riscv64-gnu 36ms (cache miss)
1308 silly packumentCache full:https://registry.npmjs.org/@unrs%2fresolver-binding-linux-riscv64-gnu set size:undefined disposed:false
1309 http fetch GET 200 https://registry.npmjs.org/@unrs%2fresolver-binding-linux-arm-gnueabihf 58ms (cache miss)
1310 silly packumentCache full:https://registry.npmjs.org/@unrs%2fresolver-binding-linux-arm-gnueabihf set size:undefined disposed:false
1311 http fetch GET 200 https://registry.npmjs.org/@unrs%2fresolver-binding-linux-arm-musleabihf 58ms (cache miss)
1312 silly packumentCache full:https://registry.npmjs.org/@unrs%2fresolver-binding-linux-arm-musleabihf set size:undefined disposed:false
1313 http fetch GET 200 https://registry.npmjs.org/@unrs%2fresolver-binding-linux-x64-gnu 60ms (cache miss)
1314 silly packumentCache full:https://registry.npmjs.org/@unrs%2fresolver-binding-linux-x64-gnu set size:undefined disposed:false
1315 http fetch GET 200 https://registry.npmjs.org/@unrs%2fresolver-binding-win32-x64-msvc 60ms (cache miss)
1316 silly packumentCache full:https://registry.npmjs.org/@unrs%2fresolver-binding-win32-x64-msvc set size:undefined disposed:false
1317 http fetch GET 200 https://registry.npmjs.org/@unrs%2fresolver-binding-android-arm-eabi 74ms (cache miss)
1318 silly packumentCache full:https://registry.npmjs.org/@unrs%2fresolver-binding-android-arm-eabi set size:undefined disposed:false
1319 http fetch GET 200 https://registry.npmjs.org/@unrs%2fresolver-binding-darwin-x64 29ms (cache miss)
1320 silly packumentCache full:https://registry.npmjs.org/@unrs%2fresolver-binding-darwin-x64 set size:undefined disposed:false
1321 http fetch GET 200 https://registry.npmjs.org/@unrs%2fresolver-binding-linux-s390x-gnu 38ms (cache miss)
1322 silly packumentCache full:https://registry.npmjs.org/@unrs%2fresolver-binding-linux-s390x-gnu set size:undefined disposed:false
1323 http fetch GET 200 https://registry.npmjs.org/@unrs%2fresolver-binding-wasm32-wasi 37ms (cache miss)
1324 silly packumentCache full:https://registry.npmjs.org/@unrs%2fresolver-binding-wasm32-wasi set size:undefined disposed:false
1325 http fetch GET 200 https://registry.npmjs.org/@unrs%2fresolver-binding-darwin-arm64 37ms (cache miss)
1326 silly packumentCache full:https://registry.npmjs.org/@unrs%2fresolver-binding-darwin-arm64 set size:undefined disposed:false
1327 http fetch GET 200 https://registry.npmjs.org/@unrs%2fresolver-binding-linux-riscv64-musl 47ms (cache miss)
1328 silly packumentCache full:https://registry.npmjs.org/@unrs%2fresolver-binding-linux-riscv64-musl set size:undefined disposed:false
1329 silly placeDep ROOT @rtsao/scc@1.1.0 OK for: eslint-plugin-import@2.32.0 want: ^1.1.0
1330 silly placeDep ROOT array-includes@3.1.9 OK for: eslint-plugin-import@2.32.0 want: ^3.1.9
1331 silly placeDep ROOT array.prototype.findlastindex@1.2.6 OK for: eslint-plugin-import@2.32.0 want: ^1.2.6
1332 silly placeDep ROOT array.prototype.flat@1.3.3 OK for: eslint-plugin-import@2.32.0 want: ^1.3.3
1333 silly placeDep ROOT array.prototype.flatmap@1.3.3 OK for: eslint-plugin-import@2.32.0 want: ^1.3.3
1334 silly placeDep node_modules/eslint-plugin-import debug@3.2.7 OK for: eslint-plugin-import@2.32.0 want: ^3.2.7
1335 silly placeDep node_modules/eslint-plugin-import doctrine@2.1.0 OK for: eslint-plugin-import@2.32.0 want: ^2.1.0
1336 silly placeDep ROOT eslint-module-utils@2.12.1 OK for: eslint-plugin-import@2.32.0 want: ^2.12.1
1337 silly placeDep ROOT hasown@2.0.3 OK for: eslint-plugin-import@2.32.0 want: ^2.0.2
1338 silly placeDep ROOT object.fromentries@2.0.8 OK for: eslint-plugin-import@2.32.0 want: ^2.0.8
1339 silly placeDep ROOT object.groupby@1.0.3 OK for: eslint-plugin-import@2.32.0 want: ^1.0.3
1340 silly placeDep ROOT object.values@1.2.1 OK for: eslint-plugin-import@2.32.0 want: ^1.2.1
1341 silly placeDep node_modules/eslint-plugin-import semver@6.3.1 OK for: eslint-plugin-import@2.32.0 want: ^6.3.1
1342 silly placeDep ROOT string.prototype.trimend@1.0.9 OK for: eslint-plugin-import@2.32.0 want: ^1.0.9
1343 silly placeDep ROOT tsconfig-paths@3.15.0 OK for: eslint-plugin-import@2.32.0 want: ^3.15.0
1344 silly fetch manifest call-bind@^1.0.8
1345 silly packumentCache full:https://registry.npmjs.org/call-bind cache-miss
1346 silly fetch manifest call-bound@^1.0.4
1347 silly packumentCache full:https://registry.npmjs.org/call-bound cache-miss
1348 silly fetch manifest define-properties@^1.2.1
1349 silly packumentCache full:https://registry.npmjs.org/define-properties cache-miss
1350 silly fetch manifest es-abstract@^1.24.0
1351 silly packumentCache full:https://registry.npmjs.org/es-abstract cache-miss
1352 silly fetch manifest es-object-atoms@^1.1.1
1353 silly packumentCache full:https://registry.npmjs.org/es-object-atoms cache-miss
1354 silly fetch manifest get-intrinsic@^1.3.0
1355 silly packumentCache full:https://registry.npmjs.org/get-intrinsic cache-miss
1356 silly fetch manifest is-string@^1.1.1
1357 silly packumentCache full:https://registry.npmjs.org/is-string cache-miss
1358 silly fetch manifest math-intrinsics@^1.1.0
1359 silly packumentCache full:https://registry.npmjs.org/math-intrinsics cache-miss
1360 silly fetch manifest call-bind@^1.0.8
1361 silly packumentCache full:https://registry.npmjs.org/call-bind cache-miss
1362 silly fetch manifest call-bound@^1.0.4
1363 silly packumentCache full:https://registry.npmjs.org/call-bound cache-miss
1364 silly fetch manifest define-properties@^1.2.1
1365 silly packumentCache full:https://registry.npmjs.org/define-properties cache-miss
1366 silly fetch manifest es-abstract@^1.23.9
1367 silly packumentCache full:https://registry.npmjs.org/es-abstract cache-miss
1368 silly fetch manifest es-object-atoms@^1.1.1
1369 silly packumentCache full:https://registry.npmjs.org/es-object-atoms cache-miss
1370 silly fetch manifest es-shim-unscopables@^1.1.0
1371 silly packumentCache full:https://registry.npmjs.org/es-shim-unscopables cache-miss
1372 silly fetch manifest call-bind@^1.0.8
1373 silly packumentCache full:https://registry.npmjs.org/call-bind cache-miss
1374 http fetch GET 200 https://registry.npmjs.org/math-intrinsics 24ms (cache miss)
1375 silly packumentCache full:https://registry.npmjs.org/math-intrinsics set size:undefined disposed:false
1376 silly fetch manifest define-properties@^1.2.1
1377 silly packumentCache full:https://registry.npmjs.org/define-properties cache-miss
1378 http fetch GET 200 https://registry.npmjs.org/call-bind 25ms (cache miss)
1379 silly packumentCache full:https://registry.npmjs.org/call-bind set size:undefined disposed:false
1380 silly fetch manifest es-abstract@^1.23.5
1381 silly packumentCache full:https://registry.npmjs.org/es-abstract cache-miss
1382 http fetch GET 200 https://registry.npmjs.org/call-bind 25ms (cache miss)
1383 silly packumentCache full:https://registry.npmjs.org/call-bind set size:undefined disposed:false
1384 silly fetch manifest es-shim-unscopables@^1.0.2
1385 silly packumentCache full:https://registry.npmjs.org/es-shim-unscopables cache-miss
1386 http fetch GET 200 https://registry.npmjs.org/define-properties 28ms (cache miss)
1387 silly packumentCache full:https://registry.npmjs.org/define-properties set size:undefined disposed:false
1388 silly fetch manifest es-abstract@^1.23.5
1389 silly packumentCache full:https://registry.npmjs.org/es-abstract cache-miss
1390 http fetch GET 200 https://registry.npmjs.org/call-bound 29ms (cache miss)
1391 silly packumentCache full:https://registry.npmjs.org/call-bound set size:undefined disposed:false
1392 silly fetch manifest es-shim-unscopables@^1.0.2
1393 silly packumentCache full:https://registry.npmjs.org/es-shim-unscopables cache-miss
1394 http fetch GET 200 https://registry.npmjs.org/call-bound 39ms (cache miss)
1395 silly packumentCache full:https://registry.npmjs.org/call-bound set size:undefined disposed:false
1396 silly fetch manifest function-bind@^1.1.2
1397 silly packumentCache full:https://registry.npmjs.org/function-bind cache-miss
1398 http fetch GET 200 https://registry.npmjs.org/call-bind 39ms (cache miss)
1399 silly packumentCache full:https://registry.npmjs.org/call-bind set size:undefined disposed:false
1400 silly fetch manifest call-bind@^1.0.7
1401 silly packumentCache full:https://registry.npmjs.org/call-bind cache-miss
1402 http fetch GET 200 https://registry.npmjs.org/define-properties 40ms (cache miss)
1403 silly packumentCache full:https://registry.npmjs.org/define-properties set size:undefined disposed:false
1404 silly fetch manifest es-abstract@^1.23.2
1405 silly packumentCache full:https://registry.npmjs.org/es-abstract cache-miss
1406 http fetch GET 200 https://registry.npmjs.org/is-string 42ms (cache miss)
1407 silly packumentCache full:https://registry.npmjs.org/is-string set size:undefined disposed:false
1408 silly fetch manifest es-object-atoms@^1.0.0
1409 silly packumentCache full:https://registry.npmjs.org/es-object-atoms cache-miss
1410 http fetch GET 200 https://registry.npmjs.org/es-object-atoms 42ms (cache miss)
1411 silly packumentCache full:https://registry.npmjs.org/es-object-atoms set size:undefined disposed:false
1412 silly fetch manifest call-bind@^1.0.7
1413 silly packumentCache full:https://registry.npmjs.org/call-bind cache-miss
1414 http fetch GET 200 https://registry.npmjs.org/es-object-atoms 42ms (cache miss)
1415 silly packumentCache full:https://registry.npmjs.org/es-object-atoms set size:undefined disposed:false
1416 silly fetch manifest es-abstract@^1.23.2
1417 silly packumentCache full:https://registry.npmjs.org/es-abstract cache-miss
1418 http fetch GET 200 https://registry.npmjs.org/get-intrinsic 43ms (cache miss)
1419 silly packumentCache full:https://registry.npmjs.org/get-intrinsic set size:undefined disposed:false
1420 silly fetch manifest call-bound@^1.0.3
1421 silly packumentCache full:https://registry.npmjs.org/call-bound cache-miss
1422 http cache https://registry.npmjs.org/call-bind 5ms (cache hit)
1423 silly packumentCache full:https://registry.npmjs.org/call-bind set size:32985 disposed:false
1424 silly fetch manifest es-object-atoms@^1.0.0
1425 silly packumentCache full:https://registry.npmjs.org/es-object-atoms cache-miss
1426 http cache https://registry.npmjs.org/es-object-atoms 4ms (cache hit)
1427 silly packumentCache full:https://registry.npmjs.org/es-object-atoms set size:15304 disposed:false
1428 silly fetch manifest call-bound@^1.0.2
1429 silly packumentCache full:https://registry.npmjs.org/call-bound cache-miss
1430 http cache https://registry.npmjs.org/call-bind 3ms (cache hit)
1431 silly packumentCache full:https://registry.npmjs.org/call-bind set size:32985 disposed:false
1432 silly packumentCache full:https://registry.npmjs.org/call-bind dispose
1433 silly fetch manifest json5@^1.0.2
1434 silly packumentCache full:https://registry.npmjs.org/json5 cache-miss
1435 http cache https://registry.npmjs.org/call-bound 3ms (cache hit)
1436 silly packumentCache full:https://registry.npmjs.org/call-bound set size:15317 disposed:false
1437 silly fetch manifest minimist@^1.2.6
1438 silly packumentCache full:https://registry.npmjs.org/minimist cache-miss
1439 http fetch GET 200 https://registry.npmjs.org/es-abstract 46ms (cache miss)
1440 silly packumentCache full:https://registry.npmjs.org/es-abstract set size:undefined disposed:false
1441 silly fetch manifest strip-bom@^3.0.0
1442 silly packumentCache full:https://registry.npmjs.org/strip-bom cache-miss
1443 http fetch GET 200 https://registry.npmjs.org/es-abstract 49ms (cache miss)
1444 silly packumentCache full:https://registry.npmjs.org/es-abstract set size:undefined disposed:false
1445 silly fetch manifest @types/json5@^0.0.29
1446 silly packumentCache full:https://registry.npmjs.org/@types%2fjson5 cache-miss
1447 http cache https://registry.npmjs.org/call-bound 5ms (cache hit)
1448 silly packumentCache full:https://registry.npmjs.org/call-bound set size:15317 disposed:false
1449 silly packumentCache full:https://registry.npmjs.org/call-bound dispose
1450 http cache https://registry.npmjs.org/es-object-atoms 5ms (cache hit)
1451 silly packumentCache full:https://registry.npmjs.org/es-object-atoms set size:15304 disposed:false
1452 silly packumentCache full:https://registry.npmjs.org/es-object-atoms dispose
1453 http fetch GET 200 https://registry.npmjs.org/define-properties 29ms (cache miss)
1454 silly packumentCache full:https://registry.npmjs.org/define-properties set size:undefined disposed:false
1455 http fetch GET 200 https://registry.npmjs.org/es-abstract 30ms (cache miss)
1456 silly packumentCache full:https://registry.npmjs.org/es-abstract set size:undefined disposed:false
1457 http fetch GET 200 https://registry.npmjs.org/es-abstract 35ms (cache miss)
1458 silly packumentCache full:https://registry.npmjs.org/es-abstract set size:undefined disposed:false
1459 http fetch GET 200 https://registry.npmjs.org/function-bind 25ms (cache miss)
1460 silly packumentCache full:https://registry.npmjs.org/function-bind set size:undefined disposed:false
1461 http fetch GET 200 https://registry.npmjs.org/strip-bom 28ms (cache miss)
1462 silly packumentCache full:https://registry.npmjs.org/strip-bom set size:undefined disposed:false
1463 http fetch GET 200 https://registry.npmjs.org/minimist 30ms (cache miss)
1464 silly packumentCache full:https://registry.npmjs.org/minimist set size:undefined disposed:false
1465 http fetch GET 200 https://registry.npmjs.org/json5 32ms (cache miss)
1466 silly packumentCache full:https://registry.npmjs.org/json5 set size:undefined disposed:false
1467 http fetch GET 200 https://registry.npmjs.org/es-abstract 36ms (cache miss)
1468 silly packumentCache full:https://registry.npmjs.org/es-abstract set size:undefined disposed:false
1469 http fetch GET 200 https://registry.npmjs.org/@types%2fjson5 46ms (cache miss)
1470 silly packumentCache full:https://registry.npmjs.org/@types%2fjson5 set size:undefined disposed:false
1471 http fetch GET 200 https://registry.npmjs.org/es-shim-unscopables 88ms (cache miss)
1472 silly packumentCache full:https://registry.npmjs.org/es-shim-unscopables set size:undefined disposed:false
1473 http fetch GET 200 https://registry.npmjs.org/es-shim-unscopables 91ms (cache miss)
1474 silly packumentCache full:https://registry.npmjs.org/es-shim-unscopables set size:undefined disposed:false
1475 http fetch GET 200 https://registry.npmjs.org/es-shim-unscopables 116ms (cache miss)
1476 silly packumentCache full:https://registry.npmjs.org/es-shim-unscopables set size:undefined disposed:false
1477 http fetch GET 200 https://registry.npmjs.org/es-abstract 84ms (cache miss)
1478 silly packumentCache full:https://registry.npmjs.org/es-abstract set size:undefined disposed:false
1479 silly placeDep ROOT call-bind@1.0.9 OK for: array-includes@3.1.9 want: ^1.0.8
1480 silly placeDep ROOT call-bound@1.0.4 OK for: array-includes@3.1.9 want: ^1.0.4
1481 silly placeDep ROOT define-properties@1.2.1 OK for: array-includes@3.1.9 want: ^1.2.1
1482 silly placeDep ROOT es-abstract@1.24.2 OK for: array-includes@3.1.9 want: ^1.24.0
1483 silly placeDep ROOT es-object-atoms@1.1.1 OK for: array-includes@3.1.9 want: ^1.1.1
1484 silly placeDep ROOT get-intrinsic@1.3.0 OK for: array-includes@3.1.9 want: ^1.3.0
1485 silly placeDep ROOT is-string@1.1.1 OK for: array-includes@3.1.9 want: ^1.1.1
1486 silly placeDep ROOT math-intrinsics@1.1.0 OK for: array-includes@3.1.9 want: ^1.1.0
1487 silly fetch manifest call-bind-apply-helpers@^1.0.2
1488 silly packumentCache full:https://registry.npmjs.org/call-bind-apply-helpers cache-miss
1489 silly fetch manifest es-define-property@^1.0.1
1490 silly packumentCache full:https://registry.npmjs.org/es-define-property cache-miss
1491 silly fetch manifest set-function-length@^1.2.2
1492 silly packumentCache full:https://registry.npmjs.org/set-function-length cache-miss
1493 silly fetch manifest call-bind-apply-helpers@^1.0.2
1494 silly packumentCache full:https://registry.npmjs.org/call-bind-apply-helpers cache-miss
1495 silly fetch manifest define-data-property@^1.0.1
1496 silly packumentCache full:https://registry.npmjs.org/define-data-property cache-miss
1497 silly fetch manifest has-property-descriptors@^1.0.0
1498 silly packumentCache full:https://registry.npmjs.org/has-property-descriptors cache-miss
1499 silly fetch manifest array-buffer-byte-length@^1.0.2
1500 silly packumentCache full:https://registry.npmjs.org/array-buffer-byte-length cache-miss
1501 silly fetch manifest arraybuffer.prototype.slice@^1.0.4
1502 silly packumentCache full:https://registry.npmjs.org/arraybuffer.prototype.slice cache-miss
1503 silly fetch manifest available-typed-arrays@^1.0.7
1504 silly packumentCache full:https://registry.npmjs.org/available-typed-arrays cache-miss
1505 silly fetch manifest data-view-buffer@^1.0.2
1506 silly packumentCache full:https://registry.npmjs.org/data-view-buffer cache-miss
1507 silly fetch manifest data-view-byte-length@^1.0.2
1508 silly packumentCache full:https://registry.npmjs.org/data-view-byte-length cache-miss
1509 silly fetch manifest data-view-byte-offset@^1.0.1
1510 silly packumentCache full:https://registry.npmjs.org/data-view-byte-offset cache-miss
1511 silly fetch manifest es-define-property@^1.0.1
1512 silly packumentCache full:https://registry.npmjs.org/es-define-property cache-miss
1513 silly fetch manifest es-set-tostringtag@^2.1.0
1514 silly packumentCache full:https://registry.npmjs.org/es-set-tostringtag cache-miss
1515 silly fetch manifest es-to-primitive@^1.3.0
1516 silly packumentCache full:https://registry.npmjs.org/es-to-primitive cache-miss
1517 http fetch GET 200 https://registry.npmjs.org/data-view-byte-offset 24ms (cache miss)
1518 silly packumentCache full:https://registry.npmjs.org/data-view-byte-offset set size:undefined disposed:false
1519 silly fetch manifest function.prototype.name@^1.1.8
1520 silly packumentCache full:https://registry.npmjs.org/function.prototype.name cache-miss
1521 http fetch GET 200 https://registry.npmjs.org/set-function-length 27ms (cache miss)
1522 silly packumentCache full:https://registry.npmjs.org/set-function-length set size:undefined disposed:false
1523 silly fetch manifest get-proto@^1.0.1
1524 silly packumentCache full:https://registry.npmjs.org/get-proto cache-miss
1525 http fetch GET 200 https://registry.npmjs.org/es-define-property 27ms (cache miss)
1526 silly packumentCache full:https://registry.npmjs.org/es-define-property set size:undefined disposed:false
1527 silly fetch manifest get-symbol-description@^1.1.0
1528 silly packumentCache full:https://registry.npmjs.org/get-symbol-description cache-miss
1529 http fetch GET 200 https://registry.npmjs.org/call-bind-apply-helpers 28ms (cache miss)
1530 silly packumentCache full:https://registry.npmjs.org/call-bind-apply-helpers set size:undefined disposed:false
1531 silly fetch manifest globalthis@^1.0.4
1532 silly packumentCache full:https://registry.npmjs.org/globalthis cache-miss
1533 http fetch GET 200 https://registry.npmjs.org/array-buffer-byte-length 29ms (cache miss)
1534 silly packumentCache full:https://registry.npmjs.org/array-buffer-byte-length set size:undefined disposed:false
1535 silly fetch manifest gopd@^1.2.0
1536 silly packumentCache full:https://registry.npmjs.org/gopd cache-miss
1537 http fetch GET 200 https://registry.npmjs.org/has-property-descriptors 30ms (cache miss)
1538 silly packumentCache full:https://registry.npmjs.org/has-property-descriptors set size:undefined disposed:false
1539 silly fetch manifest has-property-descriptors@^1.0.2
1540 silly packumentCache full:https://registry.npmjs.org/has-property-descriptors cache-miss
1541 http fetch GET 200 https://registry.npmjs.org/es-set-tostringtag 29ms (cache miss)
1542 silly packumentCache full:https://registry.npmjs.org/es-set-tostringtag set size:undefined disposed:false
1543 silly fetch manifest has-proto@^1.2.0
1544 silly packumentCache full:https://registry.npmjs.org/has-proto cache-miss
1545 http fetch GET 200 https://registry.npmjs.org/arraybuffer.prototype.slice 32ms (cache miss)
1546 silly packumentCache full:https://registry.npmjs.org/arraybuffer.prototype.slice set size:undefined disposed:false
1547 silly fetch manifest has-symbols@^1.1.0
1548 silly packumentCache full:https://registry.npmjs.org/has-symbols cache-miss
1549 http fetch GET 200 https://registry.npmjs.org/data-view-buffer 33ms (cache miss)
1550 silly packumentCache full:https://registry.npmjs.org/data-view-buffer set size:undefined disposed:false
1551 silly fetch manifest internal-slot@^1.1.0
1552 silly packumentCache full:https://registry.npmjs.org/internal-slot cache-miss
1553 http fetch GET 200 https://registry.npmjs.org/call-bind-apply-helpers 35ms (cache miss)
1554 silly packumentCache full:https://registry.npmjs.org/call-bind-apply-helpers set size:undefined disposed:false
1555 silly fetch manifest is-array-buffer@^3.0.5
1556 silly packumentCache full:https://registry.npmjs.org/is-array-buffer cache-miss
1557 http fetch GET 200 https://registry.npmjs.org/es-define-property 35ms (cache miss)
1558 silly packumentCache full:https://registry.npmjs.org/es-define-property set size:undefined disposed:false
1559 silly fetch manifest is-callable@^1.2.7
1560 silly packumentCache full:https://registry.npmjs.org/is-callable cache-miss
1561 http fetch GET 200 https://registry.npmjs.org/es-to-primitive 35ms (cache miss)
1562 silly packumentCache full:https://registry.npmjs.org/es-to-primitive set size:undefined disposed:false
1563 silly fetch manifest is-data-view@^1.0.2
1564 silly packumentCache full:https://registry.npmjs.org/is-data-view cache-miss
1565 http fetch GET 200 https://registry.npmjs.org/define-data-property 36ms (cache miss)
1566 silly packumentCache full:https://registry.npmjs.org/define-data-property set size:undefined disposed:false
1567 silly fetch manifest is-negative-zero@^2.0.3
1568 silly packumentCache full:https://registry.npmjs.org/is-negative-zero cache-miss
1569 http cache https://registry.npmjs.org/has-property-descriptors 7ms (cache hit)
1570 silly packumentCache full:https://registry.npmjs.org/has-property-descriptors set size:12452 disposed:false
1571 silly fetch manifest is-regex@^1.2.1
1572 silly packumentCache full:https://registry.npmjs.org/is-regex cache-miss
1573 http fetch GET 200 https://registry.npmjs.org/data-view-byte-length 37ms (cache miss)
1574 silly packumentCache full:https://registry.npmjs.org/data-view-byte-length set size:undefined disposed:false
1575 silly fetch manifest is-set@^2.0.3
1576 silly packumentCache full:https://registry.npmjs.org/is-set cache-miss
1577 http fetch GET 200 https://registry.npmjs.org/available-typed-arrays 38ms (cache miss)
1578 silly packumentCache full:https://registry.npmjs.org/available-typed-arrays set size:undefined disposed:false
1579 silly fetch manifest is-shared-array-buffer@^1.0.4
1580 silly packumentCache full:https://registry.npmjs.org/is-shared-array-buffer cache-miss
1581 http fetch GET 200 https://registry.npmjs.org/function.prototype.name 22ms (cache miss)
1582 silly packumentCache full:https://registry.npmjs.org/function.prototype.name set size:undefined disposed:false
1583 silly fetch manifest is-typed-array@^1.1.15
1584 silly packumentCache full:https://registry.npmjs.org/is-typed-array cache-miss
1585 http fetch GET 200 https://registry.npmjs.org/get-proto 26ms (cache miss)
1586 silly packumentCache full:https://registry.npmjs.org/get-proto set size:undefined disposed:false
1587 silly fetch manifest is-weakref@^1.1.1
1588 silly packumentCache full:https://registry.npmjs.org/is-weakref cache-miss
1589 http fetch GET 200 https://registry.npmjs.org/globalthis 24ms (cache miss)
1590 silly packumentCache full:https://registry.npmjs.org/globalthis set size:undefined disposed:false
1591 silly fetch manifest object-inspect@^1.13.4
1592 silly packumentCache full:https://registry.npmjs.org/object-inspect cache-miss
1593 http fetch GET 200 https://registry.npmjs.org/has-proto 23ms (cache miss)
1594 silly packumentCache full:https://registry.npmjs.org/has-proto set size:undefined disposed:false
1595 silly fetch manifest object.assign@^4.1.7
1596 silly packumentCache full:https://registry.npmjs.org/object.assign cache-miss
1597 http fetch GET 200 https://registry.npmjs.org/gopd 26ms (cache miss)
1598 silly packumentCache full:https://registry.npmjs.org/gopd set size:undefined disposed:false
1599 silly fetch manifest own-keys@^1.0.1
1600 silly packumentCache full:https://registry.npmjs.org/own-keys cache-miss
1601 http fetch GET 200 https://registry.npmjs.org/has-symbols 24ms (cache miss)
1602 silly packumentCache full:https://registry.npmjs.org/has-symbols set size:undefined disposed:false
1603 silly fetch manifest regexp.prototype.flags@^1.5.4
1604 silly packumentCache full:https://registry.npmjs.org/regexp.prototype.flags cache-miss
1605 http fetch GET 200 https://registry.npmjs.org/is-set 25ms (cache miss)
1606 silly packumentCache full:https://registry.npmjs.org/is-set set size:undefined disposed:false
1607 silly fetch manifest safe-array-concat@^1.1.3
1608 silly packumentCache full:https://registry.npmjs.org/safe-array-concat cache-miss
1609 http fetch GET 200 https://registry.npmjs.org/internal-slot 29ms (cache miss)
1610 silly packumentCache full:https://registry.npmjs.org/internal-slot set size:undefined disposed:false
1611 silly fetch manifest safe-push-apply@^1.0.0
1612 silly packumentCache full:https://registry.npmjs.org/safe-push-apply cache-miss
1613 http fetch GET 200 https://registry.npmjs.org/is-callable 30ms (cache miss)
1614 silly packumentCache full:https://registry.npmjs.org/is-callable set size:undefined disposed:false
1615 silly fetch manifest safe-regex-test@^1.1.0
1616 silly packumentCache full:https://registry.npmjs.org/safe-regex-test cache-miss
1617 http fetch GET 200 https://registry.npmjs.org/is-negative-zero 29ms (cache miss)
1618 silly packumentCache full:https://registry.npmjs.org/is-negative-zero set size:undefined disposed:false
1619 silly fetch manifest set-proto@^1.0.0
1620 silly packumentCache full:https://registry.npmjs.org/set-proto cache-miss
1621 http fetch GET 200 https://registry.npmjs.org/is-data-view 30ms (cache miss)
1622 silly packumentCache full:https://registry.npmjs.org/is-data-view set size:undefined disposed:false
1623 silly fetch manifest stop-iteration-iterator@^1.1.0
1624 silly packumentCache full:https://registry.npmjs.org/stop-iteration-iterator cache-miss
1625 http cache https://registry.npmjs.org/safe-regex-test 2ms (cache hit)
1626 silly packumentCache full:https://registry.npmjs.org/safe-regex-test set size:17412 disposed:false
1627 silly fetch manifest string.prototype.trim@^1.2.10
1628 silly packumentCache full:https://registry.npmjs.org/string.prototype.trim cache-miss
1629 http fetch GET 200 https://registry.npmjs.org/is-shared-array-buffer 31ms (cache miss)
1630 silly packumentCache full:https://registry.npmjs.org/is-shared-array-buffer set size:undefined disposed:false
1631 silly fetch manifest string.prototype.trimstart@^1.0.8
1632 silly packumentCache full:https://registry.npmjs.org/string.prototype.trimstart cache-miss
1633 http fetch GET 200 https://registry.npmjs.org/is-weakref 20ms (cache miss)
1634 silly packumentCache full:https://registry.npmjs.org/is-weakref set size:undefined disposed:false
1635 silly fetch manifest typed-array-buffer@^1.0.3
1636 silly packumentCache full:https://registry.npmjs.org/typed-array-buffer cache-miss
1637 http fetch GET 200 https://registry.npmjs.org/object.assign 23ms (cache miss)
1638 silly packumentCache full:https://registry.npmjs.org/object.assign set size:undefined disposed:false
1639 silly fetch manifest typed-array-byte-length@^1.0.3
1640 silly packumentCache full:https://registry.npmjs.org/typed-array-byte-length cache-miss
1641 http fetch GET 200 https://registry.npmjs.org/regexp.prototype.flags 27ms (cache miss)
1642 silly packumentCache full:https://registry.npmjs.org/regexp.prototype.flags set size:undefined disposed:false
1643 silly fetch manifest typed-array-byte-offset@^1.0.4
1644 silly packumentCache full:https://registry.npmjs.org/typed-array-byte-offset cache-miss
1645 http fetch GET 200 https://registry.npmjs.org/object-inspect 32ms (cache miss)
1646 silly packumentCache full:https://registry.npmjs.org/object-inspect set size:undefined disposed:false
1647 silly fetch manifest typed-array-length@^1.0.7
1648 silly packumentCache full:https://registry.npmjs.org/typed-array-length cache-miss
1649 http fetch GET 200 https://registry.npmjs.org/stop-iteration-iterator 25ms (cache miss)
1650 silly packumentCache full:https://registry.npmjs.org/stop-iteration-iterator set size:undefined disposed:false
1651 silly fetch manifest unbox-primitive@^1.1.0
1652 silly packumentCache full:https://registry.npmjs.org/unbox-primitive cache-miss
1653 http fetch GET 200 https://registry.npmjs.org/safe-array-concat 37ms (cache miss)
1654 silly packumentCache full:https://registry.npmjs.org/safe-array-concat set size:undefined disposed:false
1655 silly fetch manifest which-typed-array@^1.1.19
1656 silly packumentCache full:https://registry.npmjs.org/which-typed-array cache-miss
1657 http fetch GET 200 https://registry.npmjs.org/typed-array-buffer 28ms (cache miss)
1658 silly packumentCache full:https://registry.npmjs.org/typed-array-buffer set size:undefined disposed:false
1659 silly fetch manifest has-tostringtag@^1.0.2
1660 silly packumentCache full:https://registry.npmjs.org/has-tostringtag cache-miss
1661 http fetch GET 200 https://registry.npmjs.org/string.prototype.trim 34ms (cache miss)
1662 silly packumentCache full:https://registry.npmjs.org/string.prototype.trim set size:undefined disposed:false
1663 http fetch GET 200 https://registry.npmjs.org/is-typed-array 54ms (cache miss)
1664 silly packumentCache full:https://registry.npmjs.org/is-typed-array set size:undefined disposed:false
1665 http fetch GET 200 https://registry.npmjs.org/string.prototype.trimstart 32ms (cache miss)
1666 silly packumentCache full:https://registry.npmjs.org/string.prototype.trimstart set size:undefined disposed:false
1667 http fetch GET 200 https://registry.npmjs.org/typed-array-byte-length 36ms (cache miss)
1668 silly packumentCache full:https://registry.npmjs.org/typed-array-byte-length set size:undefined disposed:false
1669 http fetch GET 200 https://registry.npmjs.org/typed-array-byte-offset 29ms (cache miss)
1670 silly packumentCache full:https://registry.npmjs.org/typed-array-byte-offset set size:undefined disposed:false
1671 http fetch GET 200 https://registry.npmjs.org/typed-array-length 29ms (cache miss)
1672 silly packumentCache full:https://registry.npmjs.org/typed-array-length set size:undefined disposed:false
1673 http fetch GET 200 https://registry.npmjs.org/unbox-primitive 32ms (cache miss)
1674 silly packumentCache full:https://registry.npmjs.org/unbox-primitive set size:undefined disposed:false
1675 http fetch GET 200 https://registry.npmjs.org/which-typed-array 23ms (cache miss)
1676 silly packumentCache full:https://registry.npmjs.org/which-typed-array set size:undefined disposed:false
1677 http fetch GET 200 https://registry.npmjs.org/has-tostringtag 32ms (cache miss)
1678 silly packumentCache full:https://registry.npmjs.org/has-tostringtag set size:undefined disposed:false
1679 http fetch GET 200 https://registry.npmjs.org/get-symbol-description 111ms (cache miss)
1680 silly packumentCache full:https://registry.npmjs.org/get-symbol-description set size:undefined disposed:false
1681 http fetch GET 200 https://registry.npmjs.org/is-array-buffer 113ms (cache miss)
1682 silly packumentCache full:https://registry.npmjs.org/is-array-buffer set size:undefined disposed:false
1683 http fetch GET 200 https://registry.npmjs.org/set-proto 97ms (cache miss)
1684 silly packumentCache full:https://registry.npmjs.org/set-proto set size:undefined disposed:false
1685 http fetch GET 200 https://registry.npmjs.org/is-regex 132ms (cache miss)
1686 silly packumentCache full:https://registry.npmjs.org/is-regex set size:undefined disposed:false
1687 http fetch GET 200 https://registry.npmjs.org/own-keys 124ms (cache miss)
1688 silly packumentCache full:https://registry.npmjs.org/own-keys set size:undefined disposed:false
1689 http fetch GET 200 https://registry.npmjs.org/safe-push-apply 124ms (cache miss)
1690 silly packumentCache full:https://registry.npmjs.org/safe-push-apply set size:undefined disposed:false
1691 silly placeDep ROOT es-errors@1.3.0 OK for: array.prototype.findlastindex@1.2.6 want: ^1.3.0
1692 silly placeDep ROOT es-shim-unscopables@1.1.0 OK for: array.prototype.findlastindex@1.2.6 want: ^1.1.0
1693 silly placeDep ROOT call-bind-apply-helpers@1.0.2 OK for: call-bind@1.0.9 want: ^1.0.2
1694 silly placeDep ROOT es-define-property@1.0.1 OK for: call-bind@1.0.9 want: ^1.0.1
1695 silly placeDep ROOT set-function-length@1.2.2 OK for: call-bind@1.0.9 want: ^1.2.2
1696 silly fetch manifest define-data-property@^1.1.4
1697 silly packumentCache full:https://registry.npmjs.org/define-data-property cache-miss
1698 silly fetch manifest gopd@^1.0.1
1699 silly packumentCache full:https://registry.npmjs.org/gopd cache-miss
1700 http cache https://registry.npmjs.org/define-data-property 1ms (cache hit)
1701 silly packumentCache full:https://registry.npmjs.org/define-data-property set size:28048 disposed:false
1702 http cache https://registry.npmjs.org/gopd 2ms (cache hit)
1703 silly packumentCache full:https://registry.npmjs.org/gopd set size:11458 disposed:false
1704 silly placeDep ROOT function-bind@1.1.2 OK for: call-bind-apply-helpers@1.0.2 want: ^1.1.2
1705 silly placeDep ROOT define-data-property@1.1.4 OK for: define-properties@1.2.1 want: ^1.0.1
1706 silly placeDep ROOT has-property-descriptors@1.0.2 OK for: define-properties@1.2.1 want: ^1.0.0
1707 silly placeDep ROOT object-keys@1.1.1 OK for: define-properties@1.2.1 want: ^1.1.1
1708 silly placeDep ROOT gopd@1.2.0 OK for: define-data-property@1.1.4 want: ^1.0.1
1709 silly placeDep ROOT array-buffer-byte-length@1.0.2 OK for: es-abstract@1.24.2 want: ^1.0.2
1710 silly placeDep ROOT arraybuffer.prototype.slice@1.0.4 OK for: es-abstract@1.24.2 want: ^1.0.4
1711 silly placeDep ROOT available-typed-arrays@1.0.7 OK for: es-abstract@1.24.2 want: ^1.0.7
1712 silly placeDep ROOT data-view-buffer@1.0.2 OK for: es-abstract@1.24.2 want: ^1.0.2
1713 silly placeDep ROOT data-view-byte-length@1.0.2 OK for: es-abstract@1.24.2 want: ^1.0.2
1714 silly placeDep ROOT data-view-byte-offset@1.0.1 OK for: es-abstract@1.24.2 want: ^1.0.1
1715 silly placeDep ROOT es-set-tostringtag@2.1.0 OK for: es-abstract@1.24.2 want: ^2.1.0
1716 silly placeDep ROOT es-to-primitive@1.3.0 OK for: es-abstract@1.24.2 want: ^1.3.0
1717 silly placeDep ROOT function.prototype.name@1.1.8 OK for: es-abstract@1.24.2 want: ^1.1.8
1718 silly placeDep ROOT get-proto@1.0.1 OK for: es-abstract@1.24.2 want: ^1.0.1
1719 silly placeDep ROOT get-symbol-description@1.1.0 OK for: es-abstract@1.24.2 want: ^1.1.0
1720 silly placeDep ROOT globalthis@1.0.4 OK for: es-abstract@1.24.2 want: ^1.0.4
1721 silly placeDep ROOT has-proto@1.2.0 OK for: es-abstract@1.24.2 want: ^1.2.0
1722 silly placeDep ROOT has-symbols@1.1.0 OK for: es-abstract@1.24.2 want: ^1.1.0
1723 silly placeDep ROOT internal-slot@1.1.0 OK for: es-abstract@1.24.2 want: ^1.1.0
1724 silly placeDep ROOT is-array-buffer@3.0.5 OK for: es-abstract@1.24.2 want: ^3.0.5
1725 silly placeDep ROOT is-callable@1.2.7 OK for: es-abstract@1.24.2 want: ^1.2.7
1726 silly placeDep ROOT is-data-view@1.0.2 OK for: es-abstract@1.24.2 want: ^1.0.2
1727 silly placeDep ROOT is-negative-zero@2.0.3 OK for: es-abstract@1.24.2 want: ^2.0.3
1728 silly placeDep ROOT is-regex@1.2.1 OK for: es-abstract@1.24.2 want: ^1.2.1
1729 silly placeDep ROOT is-set@2.0.3 OK for: es-abstract@1.24.2 want: ^2.0.3
1730 silly placeDep ROOT is-shared-array-buffer@1.0.4 OK for: es-abstract@1.24.2 want: ^1.0.4
1731 silly placeDep ROOT is-typed-array@1.1.15 OK for: es-abstract@1.24.2 want: ^1.1.15
1732 silly placeDep ROOT is-weakref@1.1.1 OK for: es-abstract@1.24.2 want: ^1.1.1
1733 silly placeDep ROOT object-inspect@1.13.4 OK for: es-abstract@1.24.2 want: ^1.13.4
1734 silly placeDep ROOT object.assign@4.1.7 OK for: es-abstract@1.24.2 want: ^4.1.7
1735 silly placeDep ROOT own-keys@1.0.1 OK for: es-abstract@1.24.2 want: ^1.0.1
1736 silly placeDep ROOT regexp.prototype.flags@1.5.4 OK for: es-abstract@1.24.2 want: ^1.5.4
1737 silly placeDep ROOT safe-array-concat@1.1.4 OK for: es-abstract@1.24.2 want: ^1.1.3
1738 silly placeDep ROOT safe-push-apply@1.0.0 OK for: es-abstract@1.24.2 want: ^1.0.0
1739 silly placeDep ROOT safe-regex-test@1.1.0 OK for: es-abstract@1.24.2 want: ^1.1.0
1740 silly placeDep ROOT set-proto@1.0.0 OK for: es-abstract@1.24.2 want: ^1.0.0
1741 silly placeDep ROOT stop-iteration-iterator@1.1.0 OK for: es-abstract@1.24.2 want: ^1.1.0
1742 silly placeDep ROOT string.prototype.trim@1.2.10 OK for: es-abstract@1.24.2 want: ^1.2.10
1743 silly placeDep ROOT string.prototype.trimstart@1.0.8 OK for: es-abstract@1.24.2 want: ^1.0.8
1744 silly placeDep ROOT typed-array-buffer@1.0.3 OK for: es-abstract@1.24.2 want: ^1.0.3
1745 silly placeDep ROOT typed-array-byte-length@1.0.3 OK for: es-abstract@1.24.2 want: ^1.0.3
1746 silly placeDep ROOT typed-array-byte-offset@1.0.4 OK for: es-abstract@1.24.2 want: ^1.0.4
1747 silly placeDep ROOT typed-array-length@1.0.7 OK for: es-abstract@1.24.2 want: ^1.0.7
1748 silly placeDep ROOT unbox-primitive@1.1.0 OK for: es-abstract@1.24.2 want: ^1.1.0
1749 silly placeDep ROOT which-typed-array@1.1.20 OK for: es-abstract@1.24.2 want: ^1.1.19
1750 silly fetch manifest is-array-buffer@^3.0.4
1751 silly packumentCache full:https://registry.npmjs.org/is-array-buffer cache-miss
1752 silly fetch manifest possible-typed-array-names@^1.0.0
1753 silly packumentCache full:https://registry.npmjs.org/possible-typed-array-names cache-miss
1754 silly fetch manifest is-data-view@^1.0.1
1755 silly packumentCache full:https://registry.npmjs.org/is-data-view cache-miss
1756 silly fetch manifest is-date-object@^1.0.5
1757 silly packumentCache full:https://registry.npmjs.org/is-date-object cache-miss
1758 silly fetch manifest is-symbol@^1.0.4
1759 silly packumentCache full:https://registry.npmjs.org/is-symbol cache-miss
1760 silly fetch manifest functions-have-names@^1.2.3
1761 silly packumentCache full:https://registry.npmjs.org/functions-have-names cache-miss
1762 silly fetch manifest dunder-proto@^1.0.1
1763 silly packumentCache full:https://registry.npmjs.org/dunder-proto cache-miss
1764 silly fetch manifest dunder-proto@^1.0.0
1765 silly packumentCache full:https://registry.npmjs.org/dunder-proto cache-miss
1766 silly fetch manifest side-channel@^1.1.0
1767 silly packumentCache full:https://registry.npmjs.org/side-channel cache-miss
1768 silly fetch manifest is-typed-array@^1.1.13
1769 silly packumentCache full:https://registry.npmjs.org/is-typed-array cache-miss
1770 silly fetch manifest which-typed-array@^1.1.16
1771 silly packumentCache full:https://registry.npmjs.org/which-typed-array cache-miss
1772 silly fetch manifest set-function-name@^2.0.2
1773 silly packumentCache full:https://registry.npmjs.org/set-function-name cache-miss
1774 silly fetch manifest isarray@^2.0.5
1775 silly packumentCache full:https://registry.npmjs.org/isarray cache-miss
1776 silly fetch manifest isarray@^2.0.5
1777 silly packumentCache full:https://registry.npmjs.org/isarray cache-miss
1778 silly fetch manifest dunder-proto@^1.0.1
1779 silly packumentCache full:https://registry.npmjs.org/dunder-proto cache-miss
1780 http cache https://registry.npmjs.org/is-array-buffer 4ms (cache hit)
1781 silly packumentCache full:https://registry.npmjs.org/is-array-buffer set size:33562 disposed:false
1782 silly fetch manifest for-each@^0.3.3
1783 silly packumentCache full:https://registry.npmjs.org/for-each cache-miss
1784 http cache https://registry.npmjs.org/is-typed-array 3ms (cache hit)
1785 silly packumentCache full:https://registry.npmjs.org/is-typed-array set size:79965 disposed:false
1786 silly fetch manifest for-each@^0.3.3
1787 silly packumentCache full:https://registry.npmjs.org/for-each cache-miss
1788 http cache https://registry.npmjs.org/is-data-view 5ms (cache hit)
1789 silly packumentCache full:https://registry.npmjs.org/is-data-view set size:13756 disposed:false
1790 silly fetch manifest reflect.getprototypeof@^1.0.9
1791 silly packumentCache full:https://registry.npmjs.org/reflect.getprototypeof cache-miss
1792 http cache https://registry.npmjs.org/which-typed-array 5ms (cache hit)
1793 silly packumentCache full:https://registry.npmjs.org/which-typed-array set size:93605 disposed:false
1794 silly fetch manifest for-each@^0.3.3
1795 silly packumentCache full:https://registry.npmjs.org/for-each cache-miss
1796 http fetch GET 200 https://registry.npmjs.org/dunder-proto 20ms (cache miss)
1797 silly packumentCache full:https://registry.npmjs.org/dunder-proto set size:undefined disposed:false
1798 silly fetch manifest possible-typed-array-names@^1.0.0
1799 silly packumentCache full:https://registry.npmjs.org/possible-typed-array-names cache-miss
1800 http fetch GET 200 https://registry.npmjs.org/isarray 21ms (cache miss)
1801 silly packumentCache full:https://registry.npmjs.org/isarray set size:undefined disposed:false
1802 silly fetch manifest reflect.getprototypeof@^1.0.6
1803 silly packumentCache full:https://registry.npmjs.org/reflect.getprototypeof cache-miss
1804 http fetch GET 200 https://registry.npmjs.org/dunder-proto 27ms (cache miss)
1805 silly packumentCache full:https://registry.npmjs.org/dunder-proto set size:undefined disposed:false
1806 silly fetch manifest has-bigints@^1.0.2
1807 silly packumentCache full:https://registry.npmjs.org/has-bigints cache-miss
1808 http fetch GET 200 https://registry.npmjs.org/dunder-proto 27ms (cache miss)
1809 silly packumentCache full:https://registry.npmjs.org/dunder-proto set size:undefined disposed:false
1810 silly fetch manifest which-boxed-primitive@^1.1.1
1811 silly packumentCache full:https://registry.npmjs.org/which-boxed-primitive cache-miss
1812 http fetch GET 200 https://registry.npmjs.org/isarray 28ms (cache miss)
1813 silly packumentCache full:https://registry.npmjs.org/isarray set size:undefined disposed:false
1814 silly fetch manifest for-each@^0.3.5
1815 silly packumentCache full:https://registry.npmjs.org/for-each cache-miss
1816 http fetch GET 200 https://registry.npmjs.org/set-function-name 28ms (cache miss)
1817 silly packumentCache full:https://registry.npmjs.org/set-function-name set size:undefined disposed:false
1818 http fetch GET 200 https://registry.npmjs.org/functions-have-names 29ms (cache miss)
1819 silly packumentCache full:https://registry.npmjs.org/functions-have-names set size:undefined disposed:false
1820 http fetch GET 200 https://registry.npmjs.org/possible-typed-array-names 31ms (cache miss)
1821 silly packumentCache full:https://registry.npmjs.org/possible-typed-array-names set size:undefined disposed:false
1822 http fetch GET 200 https://registry.npmjs.org/side-channel 31ms (cache miss)
1823 silly packumentCache full:https://registry.npmjs.org/side-channel set size:undefined disposed:false
1824 http fetch GET 200 https://registry.npmjs.org/reflect.getprototypeof 26ms (cache miss)
1825 silly packumentCache full:https://registry.npmjs.org/reflect.getprototypeof set size:undefined disposed:false
1826 http fetch GET 200 https://registry.npmjs.org/is-symbol 32ms (cache miss)
1827 silly packumentCache full:https://registry.npmjs.org/is-symbol set size:undefined disposed:false
1828 http fetch GET 200 https://registry.npmjs.org/for-each 29ms (cache miss)
1829 silly packumentCache full:https://registry.npmjs.org/for-each set size:undefined disposed:false
1830 http fetch GET 200 https://registry.npmjs.org/is-date-object 33ms (cache miss)
1831 silly packumentCache full:https://registry.npmjs.org/is-date-object set size:undefined disposed:false
1832 http fetch GET 200 https://registry.npmjs.org/for-each 30ms (cache miss)
1833 silly packumentCache full:https://registry.npmjs.org/for-each set size:undefined disposed:false
1834 http fetch GET 200 https://registry.npmjs.org/for-each 36ms (cache miss)
1835 silly packumentCache full:https://registry.npmjs.org/for-each set size:undefined disposed:false
1836 http fetch GET 200 https://registry.npmjs.org/possible-typed-array-names 21ms (cache miss)
1837 silly packumentCache full:https://registry.npmjs.org/possible-typed-array-names set size:undefined disposed:false
1838 http fetch GET 200 https://registry.npmjs.org/reflect.getprototypeof 24ms (cache miss)
1839 silly packumentCache full:https://registry.npmjs.org/reflect.getprototypeof set size:undefined disposed:false
1840 http fetch GET 200 https://registry.npmjs.org/for-each 20ms (cache miss)
1841 silly packumentCache full:https://registry.npmjs.org/for-each set size:undefined disposed:false
1842 http fetch GET 200 https://registry.npmjs.org/has-bigints 21ms (cache miss)
1843 silly packumentCache full:https://registry.npmjs.org/has-bigints set size:undefined disposed:false
1844 http fetch GET 200 https://registry.npmjs.org/which-boxed-primitive 28ms (cache miss)
1845 silly packumentCache full:https://registry.npmjs.org/which-boxed-primitive set size:undefined disposed:false
1846 silly placeDep ROOT possible-typed-array-names@1.1.0 OK for: available-typed-arrays@1.0.7 want: ^1.0.0
1847 silly placeDep ROOT has-tostringtag@1.0.2 OK for: es-set-tostringtag@2.1.0 want: ^1.0.2
1848 silly placeDep ROOT is-date-object@1.1.0 OK for: es-to-primitive@1.3.0 want: ^1.0.5
1849 silly placeDep ROOT is-symbol@1.1.1 OK for: es-to-primitive@1.3.0 want: ^1.0.4
1850 silly placeDep node_modules/eslint-module-utils debug@3.2.7 OK for: eslint-module-utils@2.12.1 want: ^3.2.7
1851 silly placeDep ROOT aria-query@5.3.2 OK for: eslint-plugin-jsx-a11y@6.10.2 want: ^5.3.2
1852 silly placeDep ROOT ast-types-flow@0.0.8 OK for: eslint-plugin-jsx-a11y@6.10.2 want: ^0.0.8
1853 silly placeDep ROOT axe-core@4.11.4 OK for: eslint-plugin-jsx-a11y@6.10.2 want: ^4.10.0
1854 silly placeDep ROOT axobject-query@4.1.0 OK for: eslint-plugin-jsx-a11y@6.10.2 want: ^4.1.0
1855 silly placeDep ROOT damerau-levenshtein@1.0.8 OK for: eslint-plugin-jsx-a11y@6.10.2 want: ^1.0.8
1856 silly placeDep ROOT emoji-regex@9.2.2 OK for: eslint-plugin-jsx-a11y@6.10.2 want: ^9.2.2
1857 silly placeDep ROOT jsx-ast-utils@3.3.5 OK for: eslint-plugin-jsx-a11y@6.10.2 want: ^3.3.5
1858 silly placeDep ROOT language-tags@1.0.9 OK for: eslint-plugin-jsx-a11y@6.10.2 want: ^1.0.9
1859 silly placeDep ROOT string.prototype.includes@2.0.1 OK for: eslint-plugin-jsx-a11y@6.10.2 want: ^2.0.1
1860 silly fetch manifest language-subtag-registry@^0.3.20
1861 silly packumentCache full:https://registry.npmjs.org/language-subtag-registry cache-miss
1862 http fetch GET 200 https://registry.npmjs.org/language-subtag-registry 119ms (cache miss)
1863 silly packumentCache full:https://registry.npmjs.org/language-subtag-registry set size:undefined disposed:false
1864 silly placeDep ROOT array.prototype.findlast@1.2.5 OK for: eslint-plugin-react@7.37.5 want: ^1.2.5
1865 silly placeDep ROOT array.prototype.tosorted@1.1.4 OK for: eslint-plugin-react@7.37.5 want: ^1.1.4
1866 silly placeDep node_modules/eslint-plugin-react doctrine@2.1.0 OK for: eslint-plugin-react@7.37.5 want: ^2.1.0
1867 silly placeDep ROOT es-iterator-helpers@1.3.2 OK for: eslint-plugin-react@7.37.5 want: ^1.2.1
1868 silly placeDep ROOT estraverse@5.3.0 OK for: eslint-plugin-react@7.37.5 want: ^5.3.0
1869 silly placeDep ROOT object.entries@1.1.9 OK for: eslint-plugin-react@7.37.5 want: ^1.1.9
1870 silly placeDep ROOT prop-types@15.8.1 OK for: eslint-plugin-react@7.37.5 want: ^15.8.1
1871 silly placeDep node_modules/eslint-plugin-react semver@6.3.1 OK for: eslint-plugin-react@7.37.5 want: ^6.3.1
1872 silly placeDep ROOT string.prototype.matchall@4.0.12 OK for: eslint-plugin-react@7.37.5 want: ^4.0.12
1873 silly placeDep ROOT string.prototype.repeat@1.0.0 OK for: eslint-plugin-react@7.37.5 want: ^1.0.0
1874 silly fetch manifest iterator.prototype@^1.1.5
1875 silly packumentCache full:https://registry.npmjs.org/iterator.prototype cache-miss
1876 silly fetch manifest loose-envify@^1.4.0
1877 silly packumentCache full:https://registry.npmjs.org/loose-envify cache-miss
1878 silly fetch manifest object-assign@^4.1.1
1879 silly packumentCache full:https://registry.npmjs.org/object-assign cache-miss
1880 silly fetch manifest react-is@^16.13.1
1881 silly packumentCache full:https://registry.npmjs.org/react-is cache-miss
1882 http cache https://registry.npmjs.org/loose-envify 3ms (cache hit)
1883 silly packumentCache full:https://registry.npmjs.org/loose-envify set size:12559 disposed:false
1884 http fetch GET 200 https://registry.npmjs.org/object-assign 33ms (cache miss)
1885 silly packumentCache full:https://registry.npmjs.org/object-assign set size:undefined disposed:false
1886 http fetch GET 200 https://registry.npmjs.org/iterator.prototype 116ms (cache miss)
1887 silly packumentCache full:https://registry.npmjs.org/iterator.prototype set size:undefined disposed:false
1888 http fetch GET 200 https://registry.npmjs.org/react-is 220ms (cache miss)
1889 silly packumentCache full:https://registry.npmjs.org/react-is set size:undefined disposed:false
1890 silly placeDep ROOT iterator.prototype@1.1.5 OK for: es-iterator-helpers@1.3.2 want: ^1.1.5
1891 silly placeDep ROOT esrecurse@4.3.0 OK for: eslint-scope@7.2.2 want: ^4.3.0
1892 silly placeDep ROOT acorn@8.16.0 OK for: espree@9.6.1 want: ^8.9.0
1893 silly placeDep ROOT acorn-jsx@5.3.2 OK for: espree@9.6.1 want: ^5.3.2
1894 silly placeDep ROOT reusify@1.1.0 OK for: fastq@1.20.1 want: ^1.0.4
1895 silly placeDep ROOT flat-cache@3.2.0 OK for: file-entry-cache@6.0.1 want: ^3.0.4
1896 silly fetch manifest keyv@^4.5.3
1897 silly packumentCache full:https://registry.npmjs.org/keyv cache-miss
1898 silly fetch manifest rimraf@^3.0.2
1899 silly packumentCache full:https://registry.npmjs.org/rimraf cache-miss
1900 silly fetch manifest flatted@^3.2.9
1901 silly packumentCache full:https://registry.npmjs.org/flatted cache-miss
1902 http fetch GET 200 https://registry.npmjs.org/flatted 32ms (cache miss)
1903 silly packumentCache full:https://registry.npmjs.org/flatted set size:undefined disposed:false
1904 http fetch GET 200 https://registry.npmjs.org/keyv 62ms (cache miss)
1905 silly packumentCache full:https://registry.npmjs.org/keyv set size:undefined disposed:false
1906 http fetch GET 200 https://registry.npmjs.org/rimraf 535ms (cache miss)
1907 silly packumentCache full:https://registry.npmjs.org/rimraf set size:undefined disposed:false
1908 silly placeDep ROOT locate-path@6.0.0 OK for: find-up@5.0.0 want: ^6.0.0
1909 silly placeDep ROOT path-exists@4.0.0 OK for: find-up@5.0.0 want: ^4.0.0
1910 silly fetch manifest p-locate@^5.0.0
1911 silly packumentCache full:https://registry.npmjs.org/p-locate cache-miss
1912 http fetch GET 200 https://registry.npmjs.org/p-locate 31ms (cache miss)
1913 silly packumentCache full:https://registry.npmjs.org/p-locate set size:undefined disposed:false
1914 silly placeDep ROOT flatted@3.4.2 OK for: flat-cache@3.2.0 want: ^3.2.9
1915 silly placeDep ROOT keyv@4.5.4 OK for: flat-cache@3.2.0 want: ^4.5.3
1916 silly placeDep ROOT rimraf@3.0.2 OK for: flat-cache@3.2.0 want: ^3.0.2
1917 silly fetch manifest json-buffer@3.0.1
1918 silly packumentCache full:https://registry.npmjs.org/json-buffer cache-miss
1919 silly fetch manifest glob@^7.1.3
1920 silly packumentCache full:https://registry.npmjs.org/glob cache-miss
1921 http cache https://registry.npmjs.org/glob 3ms (cache hit)
1922 silly packumentCache full:https://registry.npmjs.org/glob set size:469465 disposed:false
1923 http fetch GET 200 https://registry.npmjs.org/json-buffer 40ms (cache miss)
1924 silly packumentCache full:https://registry.npmjs.org/json-buffer set size:undefined disposed:false
1925 silly placeDep ROOT functions-have-names@1.2.3 OK for: function.prototype.name@1.1.8 want: ^1.2.3
1926 silly placeDep ROOT dunder-proto@1.0.1 OK for: get-proto@1.0.1 want: ^1.0.1
1927 silly placeDep ROOT resolve-pkg-maps@1.0.0 OK for: get-tsconfig@4.14.0 want: ^1.0.0
1928 silly placeDep ROOT foreground-child@3.3.1 OK for: glob@10.3.10 want: ^3.1.0
1929 silly placeDep ROOT jackspeak@2.3.6 OK for: glob@10.3.10 want: ^2.3.5
1930 silly placeDep node_modules/glob minimatch@9.0.9 OK for: glob@10.3.10 want: ^9.0.1
1931 silly placeDep ROOT minipass@7.1.3 OK for: glob@10.3.10 want: ^5.0.0 || ^6.0.2 || ^7.0.0
1932 silly placeDep ROOT path-scurry@1.11.1 OK for: glob@10.3.10 want: ^1.10.1
1933 silly fetch manifest signal-exit@^4.0.1
1934 silly packumentCache full:https://registry.npmjs.org/signal-exit cache-miss
1935 silly fetch manifest @isaacs/cliui@^8.0.2
1936 silly packumentCache full:https://registry.npmjs.org/@isaacs%2fcliui cache-miss
1937 silly fetch manifest @pkgjs/parseargs@^0.11.0
1938 silly packumentCache full:https://registry.npmjs.org/@pkgjs%2fparseargs cache-miss
1939 silly fetch manifest brace-expansion@^2.0.2
1940 silly packumentCache full:https://registry.npmjs.org/brace-expansion cache-hit
1941 silly fetch manifest lru-cache@^10.2.0
1942 silly packumentCache full:https://registry.npmjs.org/lru-cache cache-miss
1943 http fetch GET 200 https://registry.npmjs.org/@isaacs%2fcliui 37ms (cache miss)
1944 silly packumentCache full:https://registry.npmjs.org/@isaacs%2fcliui set size:undefined disposed:false
1945 http fetch GET 200 https://registry.npmjs.org/@pkgjs%2fparseargs 45ms (cache miss)
1946 silly packumentCache full:https://registry.npmjs.org/@pkgjs%2fparseargs set size:undefined disposed:false
1947 http fetch GET 200 https://registry.npmjs.org/lru-cache 46ms (cache miss)
1948 silly packumentCache full:https://registry.npmjs.org/lru-cache set size:undefined disposed:false
1949 http fetch GET 200 https://registry.npmjs.org/signal-exit 118ms (cache miss)
1950 silly packumentCache full:https://registry.npmjs.org/signal-exit set size:undefined disposed:false
1951 silly placeDep ROOT signal-exit@4.1.0 OK for: foreground-child@3.3.1 want: ^4.0.1
1952 silly placeDep ROOT type-fest@0.20.2 OK for: globals@13.24.0 want: ^0.20.2
1953 silly placeDep ROOT parent-module@1.0.1 OK for: import-fresh@3.3.1 want: ^1.0.0
1954 silly placeDep ROOT resolve-from@4.0.0 OK for: import-fresh@3.3.1 want: ^4.0.0
1955 silly fetch manifest callsites@^3.0.0
1956 silly packumentCache full:https://registry.npmjs.org/callsites cache-miss
1957 http fetch GET 200 https://registry.npmjs.org/callsites 29ms (cache miss)
1958 silly packumentCache full:https://registry.npmjs.org/callsites set size:undefined disposed:false
1959 silly placeDep ROOT side-channel@1.1.0 OK for: internal-slot@1.1.0 want: ^1.1.0
1960 silly fetch manifest side-channel-list@^1.0.0
1961 silly packumentCache full:https://registry.npmjs.org/side-channel-list cache-miss
1962 silly fetch manifest side-channel-map@^1.0.1
1963 silly packumentCache full:https://registry.npmjs.org/side-channel-map cache-miss
1964 silly fetch manifest side-channel-weakmap@^1.0.2
1965 silly packumentCache full:https://registry.npmjs.org/side-channel-weakmap cache-miss
1966 http fetch GET 200 https://registry.npmjs.org/side-channel-list 25ms (cache miss)
1967 silly packumentCache full:https://registry.npmjs.org/side-channel-list set size:undefined disposed:false
1968 http fetch GET 200 https://registry.npmjs.org/side-channel-map 28ms (cache miss)
1969 silly packumentCache full:https://registry.npmjs.org/side-channel-map set size:undefined disposed:false
1970 http fetch GET 200 https://registry.npmjs.org/side-channel-weakmap 30ms (cache miss)
1971 silly packumentCache full:https://registry.npmjs.org/side-channel-weakmap set size:undefined disposed:false
1972 silly placeDep ROOT is-extglob@2.1.1 OK for: is-glob@4.0.3 want: ^2.1.1
1973 silly placeDep ROOT set-function-name@2.0.2 OK for: iterator.prototype@1.1.5 want: ^2.0.2
1974 silly placeDep ROOT @isaacs/cliui@8.0.2 OK for: jackspeak@2.3.6 want: ^8.0.2
1975 silly placeDep ROOT @pkgjs/parseargs@0.11.0 OK for: jackspeak@2.3.6 want: ^0.11.0
1976 silly fetch manifest wrap-ansi@^8.1.0
1977 silly packumentCache full:https://registry.npmjs.org/wrap-ansi cache-miss
1978 silly fetch manifest strip-ansi@^7.0.1
1979 silly packumentCache full:https://registry.npmjs.org/strip-ansi cache-miss
1980 silly fetch manifest string-width@^5.1.2
1981 silly packumentCache full:https://registry.npmjs.org/string-width cache-miss
1982 silly fetch manifest wrap-ansi-cjs@npm:wrap-ansi@^7.0.0
1983 silly packumentCache full:https://registry.npmjs.org/wrap-ansi cache-miss
1984 silly fetch manifest strip-ansi-cjs@npm:strip-ansi@^6.0.1
1985 silly packumentCache full:https://registry.npmjs.org/strip-ansi cache-miss
1986 silly fetch manifest string-width-cjs@npm:string-width@^4.2.0
1987 silly packumentCache full:https://registry.npmjs.org/string-width cache-miss
1988 http cache https://registry.npmjs.org/strip-ansi 2ms (cache hit)
1989 silly packumentCache full:https://registry.npmjs.org/strip-ansi set size:44998 disposed:false
1990 http cache https://registry.npmjs.org/strip-ansi 4ms (cache hit)
1991 silly packumentCache full:https://registry.npmjs.org/strip-ansi set size:44998 disposed:false
1992 silly packumentCache full:https://registry.npmjs.org/strip-ansi dispose
1993 http fetch GET 200 https://registry.npmjs.org/wrap-ansi 27ms (cache miss)
1994 silly packumentCache full:https://registry.npmjs.org/wrap-ansi set size:undefined disposed:false
1995 http fetch GET 200 https://registry.npmjs.org/string-width 27ms (cache miss)
1996 silly packumentCache full:https://registry.npmjs.org/string-width set size:undefined disposed:false
1997 http fetch GET 200 https://registry.npmjs.org/wrap-ansi 28ms (cache miss)
1998 silly packumentCache full:https://registry.npmjs.org/wrap-ansi set size:undefined disposed:false
1999 http fetch GET 200 https://registry.npmjs.org/string-width 42ms (cache miss)
2000 silly packumentCache full:https://registry.npmjs.org/string-width set size:undefined disposed:false
2001 silly placeDep ROOT string-width@5.1.2 OK for: @isaacs/cliui@8.0.2 want: ^5.1.2
2002 silly placeDep ROOT string-width-cjs@4.2.3 OK for: @isaacs/cliui@8.0.2 want: npm:string-width@^4.2.0
2003 silly placeDep node_modules/@isaacs/cliui strip-ansi@7.2.0 OK for: @isaacs/cliui@8.0.2 want: ^7.0.1
2004 silly placeDep ROOT strip-ansi-cjs@6.0.1 OK for: @isaacs/cliui@8.0.2 want: npm:strip-ansi@^6.0.1
2005 silly placeDep ROOT wrap-ansi@8.1.0 OK for: @isaacs/cliui@8.0.2 want: ^8.1.0
2006 silly placeDep ROOT wrap-ansi-cjs@7.0.0 OK for: @isaacs/cliui@8.0.2 want: npm:wrap-ansi@^7.0.0
2007 silly fetch manifest eastasianwidth@^0.2.0
2008 silly packumentCache full:https://registry.npmjs.org/eastasianwidth cache-miss
2009 silly fetch manifest emoji-regex@^8.0.0
2010 silly packumentCache full:https://registry.npmjs.org/emoji-regex cache-miss
2011 silly fetch manifest is-fullwidth-code-point@^3.0.0
2012 silly packumentCache full:https://registry.npmjs.org/is-fullwidth-code-point cache-miss
2013 silly fetch manifest ansi-regex@^6.2.2
2014 silly packumentCache full:https://registry.npmjs.org/ansi-regex cache-miss
2015 silly fetch manifest ansi-styles@^6.1.0
2016 silly packumentCache full:https://registry.npmjs.org/ansi-styles cache-miss
2017 silly fetch manifest string-width@^4.1.0
2018 silly packumentCache full:https://registry.npmjs.org/string-width cache-miss
2019 http cache https://registry.npmjs.org/ansi-regex 2ms (cache hit)
2020 silly packumentCache full:https://registry.npmjs.org/ansi-regex set size:43572 disposed:false
2021 http cache https://registry.npmjs.org/ansi-styles 3ms (cache hit)
2022 silly packumentCache full:https://registry.npmjs.org/ansi-styles set size:63233 disposed:false
2023 http cache https://registry.npmjs.org/emoji-regex 3ms (cache hit)
2024 silly packumentCache full:https://registry.npmjs.org/emoji-regex set size:89064 disposed:false
2025 http cache https://registry.npmjs.org/string-width 4ms (cache hit)
2026 silly packumentCache full:https://registry.npmjs.org/string-width set size:70381 disposed:false
2027 http fetch GET 200 https://registry.npmjs.org/is-fullwidth-code-point 30ms (cache miss)
2028 silly packumentCache full:https://registry.npmjs.org/is-fullwidth-code-point set size:undefined disposed:false
2029 http fetch GET 200 https://registry.npmjs.org/eastasianwidth 43ms (cache miss)
2030 silly packumentCache full:https://registry.npmjs.org/eastasianwidth set size:undefined disposed:false
2031 silly placeDep ROOT argparse@2.0.1 OK for: js-yaml@4.1.1 want: ^2.0.1
2032 silly placeDep ROOT commander@8.3.0 OK for: katex@0.16.45 want: ^8.3.0
2033 silly placeDep ROOT json-buffer@3.0.1 OK for: keyv@4.5.4 want: 3.0.1
2034 silly placeDep ROOT language-subtag-registry@0.3.23 OK for: language-tags@1.0.9 want: ^0.3.20
2035 silly placeDep ROOT prelude-ls@1.2.1 OK for: levn@0.4.1 want: ^1.2.1
2036 silly placeDep ROOT type-check@0.4.0 OK for: levn@0.4.1 want: ~0.4.0
2037 silly placeDep ROOT p-locate@5.0.0 OK for: locate-path@6.0.0 want: ^5.0.0
2038 silly fetch manifest p-limit@^3.0.2
2039 silly packumentCache full:https://registry.npmjs.org/p-limit cache-miss
2040 http fetch GET 200 https://registry.npmjs.org/p-limit 39ms (cache miss)
2041 silly packumentCache full:https://registry.npmjs.org/p-limit set size:undefined disposed:false
2042 silly placeDep ROOT brace-expansion@1.1.14 OK for: minimatch@3.1.5 want: ^1.1.7
2043 silly fetch manifest concat-map@0.0.1
2044 silly packumentCache full:https://registry.npmjs.org/concat-map cache-miss
2045 silly fetch manifest balanced-match@^1.0.0
2046 silly packumentCache full:https://registry.npmjs.org/balanced-match cache-miss
2047 http fetch GET 200 https://registry.npmjs.org/balanced-match 31ms (cache miss)
2048 silly packumentCache full:https://registry.npmjs.org/balanced-match set size:undefined disposed:false
2049 http fetch GET 200 https://registry.npmjs.org/concat-map 33ms (cache miss)
2050 silly packumentCache full:https://registry.npmjs.org/concat-map set size:undefined disposed:false
2051 silly placeDep ROOT balanced-match@1.0.2 OK for: brace-expansion@1.1.14 want: ^1.0.0
2052 silly placeDep ROOT concat-map@0.0.1 OK for: brace-expansion@1.1.14 want: 0.0.1
2053 silly fetch manifest react@^18.2.0
2054 silly packumentCache full:https://registry.npmjs.org/react cache-miss
2055 http cache https://registry.npmjs.org/react 7ms (cache hit)
2056 silly packumentCache full:https://registry.npmjs.org/react set size:6650647 disposed:false
2057 silly placeDep ROOT @next/env@14.2.35 OK for: next@14.2.35 want: 14.2.35
2058 silly placeDep ROOT @next/swc-darwin-arm64@14.2.33 OK for: next@14.2.35 want: 14.2.33
2059 silly placeDep ROOT @next/swc-darwin-x64@14.2.33 OK for: next@14.2.35 want: 14.2.33
2060 silly placeDep ROOT @next/swc-linux-arm64-gnu@14.2.33 OK for: next@14.2.35 want: 14.2.33
2061 silly placeDep ROOT @next/swc-linux-arm64-musl@14.2.33 OK for: next@14.2.35 want: 14.2.33
2062 silly placeDep ROOT @next/swc-linux-x64-gnu@14.2.33 OK for: next@14.2.35 want: 14.2.33
2063 silly placeDep ROOT @next/swc-linux-x64-musl@14.2.33 OK for: next@14.2.35 want: 14.2.33
2064 silly placeDep ROOT @next/swc-win32-arm64-msvc@14.2.33 OK for: next@14.2.35 want: 14.2.33
2065 silly placeDep ROOT @next/swc-win32-ia32-msvc@14.2.33 OK for: next@14.2.35 want: 14.2.33
2066 silly placeDep ROOT @next/swc-win32-x64-msvc@14.2.33 OK for: next@14.2.35 want: 14.2.33
2067 silly placeDep ROOT @swc/helpers@0.5.5 OK for: next@14.2.35 want: 0.5.5
2068 silly placeDep ROOT busboy@1.6.0 OK for: next@14.2.35 want: 1.6.0
2069 silly placeDep ROOT graceful-fs@4.2.11 OK for: next@14.2.35 want: ^4.2.11
2070 silly placeDep node_modules/next postcss@8.4.31 OK for: next@14.2.35 want: 8.4.31
2071 silly placeDep ROOT styled-jsx@5.1.1 OK for: next@14.2.35 want: 5.1.1
2072 silly fetch manifest tslib@^2.4.0
2073 silly packumentCache full:https://registry.npmjs.org/tslib cache-miss
2074 silly fetch manifest @swc/counter@^0.1.3
2075 silly packumentCache full:https://registry.npmjs.org/@swc%2fcounter cache-miss
2076 silly fetch manifest streamsearch@^1.1.0
2077 silly packumentCache full:https://registry.npmjs.org/streamsearch cache-miss
2078 silly fetch manifest nanoid@^3.3.6
2079 silly packumentCache full:https://registry.npmjs.org/nanoid cache-miss
2080 silly fetch manifest source-map-js@^1.0.2
2081 silly packumentCache full:https://registry.npmjs.org/source-map-js cache-miss
2082 silly fetch manifest client-only@0.0.1
2083 silly packumentCache full:https://registry.npmjs.org/client-only cache-miss
2084 http cache https://registry.npmjs.org/source-map-js 2ms (cache hit)
2085 silly packumentCache full:https://registry.npmjs.org/source-map-js set size:62640 disposed:false
2086 http cache https://registry.npmjs.org/nanoid 3ms (cache hit)
2087 silly packumentCache full:https://registry.npmjs.org/nanoid set size:310559 disposed:false
2088 http fetch GET 200 https://registry.npmjs.org/streamsearch 21ms (cache miss)
2089 silly packumentCache full:https://registry.npmjs.org/streamsearch set size:undefined disposed:false
2090 http fetch GET 200 https://registry.npmjs.org/client-only 35ms (cache miss)
2091 silly packumentCache full:https://registry.npmjs.org/client-only set size:undefined disposed:false
2092 http fetch GET 200 https://registry.npmjs.org/tslib 36ms (cache miss)
2093 silly packumentCache full:https://registry.npmjs.org/tslib set size:undefined disposed:false
2094 http fetch GET 200 https://registry.npmjs.org/@swc%2fcounter 126ms (cache miss)
2095 silly packumentCache full:https://registry.npmjs.org/@swc%2fcounter set size:undefined disposed:false
2096 silly placeDep ROOT @swc/counter@0.1.3 OK for: @swc/helpers@0.5.5 want: ^0.1.3
2097 silly placeDep ROOT tslib@2.8.1 OK for: @swc/helpers@0.5.5 want: ^2.4.0
2098 silly placeDep ROOT streamsearch@1.1.0 OK for: busboy@1.6.0 want: ^1.1.0
2099 silly placeDep ROOT deep-is@0.1.4 OK for: optionator@0.9.4 want: ^0.1.3
2100 silly placeDep ROOT fast-levenshtein@2.0.6 OK for: optionator@0.9.4 want: ^2.0.6
2101 silly placeDep ROOT word-wrap@1.2.5 OK for: optionator@0.9.4 want: ^1.2.5
2102 silly placeDep ROOT p-limit@3.1.0 OK for: p-locate@5.0.0 want: ^3.0.2
2103 silly fetch manifest yocto-queue@^0.1.0
2104 silly packumentCache full:https://registry.npmjs.org/yocto-queue cache-miss
2105 http fetch GET 200 https://registry.npmjs.org/yocto-queue 116ms (cache miss)
2106 silly packumentCache full:https://registry.npmjs.org/yocto-queue set size:undefined disposed:false
2107 silly placeDep ROOT yocto-queue@0.1.0 OK for: p-limit@3.1.0 want: ^0.1.0
2108 silly placeDep ROOT callsites@3.1.0 OK for: parent-module@1.0.1 want: ^3.0.0
2109 silly placeDep ROOT lru-cache@10.4.3 OK for: path-scurry@1.11.1 want: ^10.2.0
2110 silly placeDep ROOT nanoid@3.3.12 OK for: postcss@8.5.14 want: ^3.3.11
2111 silly placeDep ROOT source-map-js@1.2.1 OK for: postcss@8.5.14 want: ^1.2.1
2112 silly placeDep ROOT loose-envify@1.4.0 OK for: prop-types@15.8.1 want: ^1.4.0
2113 silly placeDep ROOT object-assign@4.1.1 OK for: prop-types@15.8.1 want: ^4.1.1
2114 silly placeDep ROOT react-is@16.13.1 OK for: prop-types@15.8.1 want: ^16.13.1
2115 silly fetch manifest js-tokens@^3.0.0 || ^4.0.0
2116 silly packumentCache full:https://registry.npmjs.org/js-tokens cache-miss
2117 http fetch GET 200 https://registry.npmjs.org/js-tokens 37ms (cache miss)
2118 silly packumentCache full:https://registry.npmjs.org/js-tokens set size:undefined disposed:false
2119 silly placeDep ROOT js-tokens@4.0.0 OK for: loose-envify@1.4.0 want: ^3.0.0 || ^4.0.0
2120 silly placeDep ROOT scheduler@0.23.2 OK for: react-dom@18.3.1 want: ^0.23.2
2121 silly placeDep ROOT @types/hast@3.0.4 OK for: rehype-highlight@7.0.2 want: ^3.0.0
2122 silly placeDep ROOT hast-util-to-text@4.0.2 OK for: rehype-highlight@7.0.2 want: ^4.0.0
2123 silly placeDep ROOT lowlight@3.3.0 OK for: rehype-highlight@7.0.2 want: ^3.0.0
2124 silly placeDep ROOT unist-util-visit@5.1.0 OK for: rehype-highlight@7.0.2 want: ^5.0.0
2125 silly placeDep ROOT vfile@6.0.3 OK for: rehype-highlight@7.0.2 want: ^6.0.0
2126 silly fetch manifest @types/unist@*
2127 silly packumentCache full:https://registry.npmjs.org/@types%2funist cache-miss
2128 silly fetch manifest @types/unist@^3.0.0
2129 silly packumentCache full:https://registry.npmjs.org/@types%2funist cache-miss
2130 silly fetch manifest hast-util-is-element@^3.0.0
2131 silly packumentCache full:https://registry.npmjs.org/hast-util-is-element cache-miss
2132 silly fetch manifest unist-util-find-after@^5.0.0
2133 silly packumentCache full:https://registry.npmjs.org/unist-util-find-after cache-miss
2134 silly fetch manifest devlop@^1.0.0
2135 silly packumentCache full:https://registry.npmjs.org/devlop cache-miss
2136 silly fetch manifest @types/unist@^3.0.0
2137 silly packumentCache full:https://registry.npmjs.org/@types%2funist cache-miss
2138 silly fetch manifest unist-util-is@^6.0.0
2139 silly packumentCache full:https://registry.npmjs.org/unist-util-is cache-miss
2140 silly fetch manifest @types/unist@^3.0.0
2141 silly packumentCache full:https://registry.npmjs.org/@types%2funist cache-miss
2142 silly fetch manifest vfile-message@^4.0.0
2143 silly packumentCache full:https://registry.npmjs.org/vfile-message cache-miss
2144 http fetch GET 200 https://registry.npmjs.org/hast-util-is-element 32ms (cache miss)
2145 silly packumentCache full:https://registry.npmjs.org/hast-util-is-element set size:undefined disposed:false
2146 http fetch GET 200 https://registry.npmjs.org/unist-util-is 34ms (cache miss)
2147 silly packumentCache full:https://registry.npmjs.org/unist-util-is set size:undefined disposed:false
2148 http fetch GET 200 https://registry.npmjs.org/devlop 35ms (cache miss)
2149 silly packumentCache full:https://registry.npmjs.org/devlop set size:undefined disposed:false
2150 http fetch GET 200 https://registry.npmjs.org/@types%2funist 123ms (cache miss)
2151 silly packumentCache full:https://registry.npmjs.org/@types%2funist set size:undefined disposed:false
2152 http fetch GET 200 https://registry.npmjs.org/vfile-message 124ms (cache miss)
2153 silly packumentCache full:https://registry.npmjs.org/vfile-message set size:undefined disposed:false
2154 http fetch GET 200 https://registry.npmjs.org/@types%2funist 126ms (cache miss)
2155 silly packumentCache full:https://registry.npmjs.org/@types%2funist set size:undefined disposed:false
2156 http fetch GET 200 https://registry.npmjs.org/@types%2funist 126ms (cache miss)
2157 silly packumentCache full:https://registry.npmjs.org/@types%2funist set size:undefined disposed:false
2158 http fetch GET 200 https://registry.npmjs.org/@types%2funist 126ms (cache miss)
2159 silly packumentCache full:https://registry.npmjs.org/@types%2funist set size:undefined disposed:false
2160 http fetch GET 200 https://registry.npmjs.org/unist-util-find-after 127ms (cache miss)
2161 silly packumentCache full:https://registry.npmjs.org/unist-util-find-after set size:undefined disposed:false
2162 silly placeDep ROOT @types/unist@3.0.3 OK for: @types/hast@3.0.4 want: *
2163 silly placeDep ROOT hast-util-is-element@3.0.0 OK for: hast-util-to-text@4.0.2 want: ^3.0.0
2164 silly placeDep ROOT unist-util-find-after@5.0.0 OK for: hast-util-to-text@4.0.2 want: ^5.0.0
2165 silly placeDep ROOT devlop@1.1.0 OK for: lowlight@3.3.0 want: ^1.0.0
2166 silly fetch manifest dequal@^2.0.0
2167 silly packumentCache full:https://registry.npmjs.org/dequal cache-miss
2168 http fetch GET 200 https://registry.npmjs.org/dequal 127ms (cache miss)
2169 silly packumentCache full:https://registry.npmjs.org/dequal set size:undefined disposed:false
2170 silly placeDep ROOT dequal@2.0.3 OK for: devlop@1.1.0 want: ^2.0.0
2171 silly placeDep ROOT @types/katex@0.16.8 OK for: rehype-katex@7.0.1 want: ^0.16.0
2172 silly placeDep ROOT hast-util-from-html-isomorphic@2.0.0 OK for: rehype-katex@7.0.1 want: ^2.0.0
2173 silly placeDep ROOT unist-util-visit-parents@6.0.2 OK for: rehype-katex@7.0.1 want: ^6.0.0
2174 silly fetch manifest hast-util-from-html@^2.0.0
2175 silly packumentCache full:https://registry.npmjs.org/hast-util-from-html cache-miss
2176 silly fetch manifest hast-util-from-dom@^5.0.0
2177 silly packumentCache full:https://registry.npmjs.org/hast-util-from-dom cache-miss
2178 silly fetch manifest unist-util-remove-position@^5.0.0
2179 silly packumentCache full:https://registry.npmjs.org/unist-util-remove-position cache-miss
2180 http fetch GET 200 https://registry.npmjs.org/unist-util-remove-position 27ms (cache miss)
2181 silly packumentCache full:https://registry.npmjs.org/unist-util-remove-position set size:undefined disposed:false
2182 http fetch GET 200 https://registry.npmjs.org/hast-util-from-html 117ms (cache miss)
2183 silly packumentCache full:https://registry.npmjs.org/hast-util-from-html set size:undefined disposed:false
2184 http fetch GET 200 https://registry.npmjs.org/hast-util-from-dom 119ms (cache miss)
2185 silly packumentCache full:https://registry.npmjs.org/hast-util-from-dom set size:undefined disposed:false
2186 silly placeDep ROOT hast-util-from-dom@5.0.1 OK for: hast-util-from-html-isomorphic@2.0.0 want: ^5.0.0
2187 silly placeDep ROOT hast-util-from-html@2.0.3 OK for: hast-util-from-html-isomorphic@2.0.0 want: ^2.0.0
2188 silly placeDep ROOT unist-util-remove-position@5.0.0 OK for: hast-util-from-html-isomorphic@2.0.0 want: ^5.0.0
2189 silly fetch manifest hastscript@^9.0.0
2190 silly packumentCache full:https://registry.npmjs.org/hastscript cache-miss
2191 silly fetch manifest web-namespaces@^2.0.0
2192 silly packumentCache full:https://registry.npmjs.org/web-namespaces cache-miss
2193 silly fetch manifest hast-util-from-parse5@^8.0.0
2194 silly packumentCache full:https://registry.npmjs.org/hast-util-from-parse5 cache-miss
2195 silly fetch manifest parse5@^7.0.0
2196 silly packumentCache full:https://registry.npmjs.org/parse5 cache-miss
2197 http fetch GET 200 https://registry.npmjs.org/hastscript 34ms (cache miss)
2198 silly packumentCache full:https://registry.npmjs.org/hastscript set size:undefined disposed:false
2199 http fetch GET 200 https://registry.npmjs.org/parse5 34ms (cache miss)
2200 silly packumentCache full:https://registry.npmjs.org/parse5 set size:undefined disposed:false
2201 http fetch GET 200 https://registry.npmjs.org/web-namespaces 123ms (cache miss)
2202 silly packumentCache full:https://registry.npmjs.org/web-namespaces set size:undefined disposed:false
2203 http fetch GET 200 https://registry.npmjs.org/hast-util-from-parse5 125ms (cache miss)
2204 silly packumentCache full:https://registry.npmjs.org/hast-util-from-parse5 set size:undefined disposed:false
2205 silly placeDep ROOT hastscript@9.0.1 OK for: hast-util-from-dom@5.0.1 want: ^9.0.0
2206 silly placeDep ROOT web-namespaces@2.0.1 OK for: hast-util-from-dom@5.0.1 want: ^2.0.0
2207 silly fetch manifest comma-separated-tokens@^2.0.0
2208 silly packumentCache full:https://registry.npmjs.org/comma-separated-tokens cache-miss
2209 silly fetch manifest hast-util-parse-selector@^4.0.0
2210 silly packumentCache full:https://registry.npmjs.org/hast-util-parse-selector cache-miss
2211 silly fetch manifest property-information@^7.0.0
2212 silly packumentCache full:https://registry.npmjs.org/property-information cache-miss
2213 silly fetch manifest space-separated-tokens@^2.0.0
2214 silly packumentCache full:https://registry.npmjs.org/space-separated-tokens cache-miss
2215 http fetch GET 200 https://registry.npmjs.org/property-information 38ms (cache miss)
2216 silly packumentCache full:https://registry.npmjs.org/property-information set size:undefined disposed:false
2217 http fetch GET 200 https://registry.npmjs.org/comma-separated-tokens 113ms (cache miss)
2218 silly packumentCache full:https://registry.npmjs.org/comma-separated-tokens set size:undefined disposed:false
2219 http fetch GET 200 https://registry.npmjs.org/hast-util-parse-selector 115ms (cache miss)
2220 silly packumentCache full:https://registry.npmjs.org/hast-util-parse-selector set size:undefined disposed:false
2221 http fetch GET 200 https://registry.npmjs.org/space-separated-tokens 133ms (cache miss)
2222 silly packumentCache full:https://registry.npmjs.org/space-separated-tokens set size:undefined disposed:false
2223 silly placeDep ROOT hast-util-from-parse5@8.0.3 OK for: hast-util-from-html@2.0.3 want: ^8.0.0
2224 silly placeDep ROOT parse5@7.3.0 OK for: hast-util-from-html@2.0.3 want: ^7.0.0
2225 silly placeDep ROOT vfile-message@4.0.3 OK for: hast-util-from-html@2.0.3 want: ^4.0.0
2226 silly fetch manifest vfile-location@^5.0.0
2227 silly packumentCache full:https://registry.npmjs.org/vfile-location cache-miss
2228 silly fetch manifest entities@^6.0.0
2229 silly packumentCache full:https://registry.npmjs.org/entities cache-miss
2230 silly fetch manifest unist-util-stringify-position@^4.0.0
2231 silly packumentCache full:https://registry.npmjs.org/unist-util-stringify-position cache-miss
2232 http fetch GET 200 https://registry.npmjs.org/entities 30ms (cache miss)
2233 silly packumentCache full:https://registry.npmjs.org/entities set size:undefined disposed:false
2234 http fetch GET 200 https://registry.npmjs.org/unist-util-stringify-position 34ms (cache miss)
2235 silly packumentCache full:https://registry.npmjs.org/unist-util-stringify-position set size:undefined disposed:false
2236 http fetch GET 200 https://registry.npmjs.org/vfile-location 43ms (cache miss)
2237 silly packumentCache full:https://registry.npmjs.org/vfile-location set size:undefined disposed:false
2238 silly placeDep ROOT property-information@7.1.0 OK for: hast-util-from-parse5@8.0.3 want: ^7.0.0
2239 silly placeDep ROOT vfile-location@5.0.3 OK for: hast-util-from-parse5@8.0.3 want: ^5.0.0
2240 silly placeDep ROOT comma-separated-tokens@2.0.3 OK for: hastscript@9.0.1 want: ^2.0.0
2241 silly placeDep ROOT hast-util-parse-selector@4.0.0 OK for: hastscript@9.0.1 want: ^4.0.0
2242 silly placeDep ROOT space-separated-tokens@2.0.2 OK for: hastscript@9.0.1 want: ^2.0.0
2243 silly placeDep ROOT entities@6.0.1 OK for: parse5@7.3.0 want: ^6.0.0
2244 silly placeDep ROOT @types/mdast@4.0.4 OK for: remark-math@6.0.0 want: ^4.0.0
2245 silly placeDep ROOT mdast-util-math@3.0.0 OK for: remark-math@6.0.0 want: ^3.0.0
2246 silly placeDep ROOT micromark-extension-math@3.1.0 OK for: remark-math@6.0.0 want: ^3.0.0
2247 silly placeDep ROOT unified@11.0.5 OK for: remark-math@6.0.0 want: ^11.0.0
2248 silly fetch manifest longest-streak@^3.0.0
2249 silly packumentCache full:https://registry.npmjs.org/longest-streak cache-miss
2250 silly fetch manifest mdast-util-from-markdown@^2.0.0
2251 silly packumentCache full:https://registry.npmjs.org/mdast-util-from-markdown cache-miss
2252 silly fetch manifest mdast-util-to-markdown@^2.1.0
2253 silly packumentCache full:https://registry.npmjs.org/mdast-util-to-markdown cache-miss
2254 silly fetch manifest micromark-factory-space@^2.0.0
2255 silly packumentCache full:https://registry.npmjs.org/micromark-factory-space cache-miss
2256 silly fetch manifest micromark-util-character@^2.0.0
2257 silly packumentCache full:https://registry.npmjs.org/micromark-util-character cache-miss
2258 silly fetch manifest micromark-util-symbol@^2.0.0
2259 silly packumentCache full:https://registry.npmjs.org/micromark-util-symbol cache-miss
2260 silly fetch manifest micromark-util-types@^2.0.0
2261 silly packumentCache full:https://registry.npmjs.org/micromark-util-types cache-miss
2262 silly fetch manifest bail@^2.0.0
2263 silly packumentCache full:https://registry.npmjs.org/bail cache-miss
2264 silly fetch manifest extend@^3.0.0
2265 silly packumentCache full:https://registry.npmjs.org/extend cache-miss
2266 silly fetch manifest is-plain-obj@^4.0.0
2267 silly packumentCache full:https://registry.npmjs.org/is-plain-obj cache-miss
2268 silly fetch manifest trough@^2.0.0
2269 silly packumentCache full:https://registry.npmjs.org/trough cache-miss
2270 http fetch GET 200 https://registry.npmjs.org/bail 35ms (cache miss)
2271 silly packumentCache full:https://registry.npmjs.org/bail set size:undefined disposed:false
2272 http fetch GET 200 https://registry.npmjs.org/micromark-factory-space 36ms (cache miss)
2273 silly packumentCache full:https://registry.npmjs.org/micromark-factory-space set size:undefined disposed:false
2274 http fetch GET 200 https://registry.npmjs.org/micromark-util-symbol 36ms (cache miss)
2275 silly packumentCache full:https://registry.npmjs.org/micromark-util-symbol set size:undefined disposed:false
2276 http fetch GET 200 https://registry.npmjs.org/is-plain-obj 37ms (cache miss)
2277 silly packumentCache full:https://registry.npmjs.org/is-plain-obj set size:undefined disposed:false
2278 http fetch GET 200 https://registry.npmjs.org/extend 38ms (cache miss)
2279 silly packumentCache full:https://registry.npmjs.org/extend set size:undefined disposed:false
2280 http fetch GET 200 https://registry.npmjs.org/micromark-util-types 101ms (cache miss)
2281 silly packumentCache full:https://registry.npmjs.org/micromark-util-types set size:undefined disposed:false
2282 http fetch GET 200 https://registry.npmjs.org/longest-streak 118ms (cache miss)
2283 silly packumentCache full:https://registry.npmjs.org/longest-streak set size:undefined disposed:false
2284 http fetch GET 200 https://registry.npmjs.org/trough 117ms (cache miss)
2285 silly packumentCache full:https://registry.npmjs.org/trough set size:undefined disposed:false
2286 http fetch GET 200 https://registry.npmjs.org/mdast-util-from-markdown 120ms (cache miss)
2287 silly packumentCache full:https://registry.npmjs.org/mdast-util-from-markdown set size:undefined disposed:false
2288 http fetch GET 200 https://registry.npmjs.org/mdast-util-to-markdown 122ms (cache miss)
2289 silly packumentCache full:https://registry.npmjs.org/mdast-util-to-markdown set size:undefined disposed:false
2290 http fetch GET 200 https://registry.npmjs.org/micromark-util-character 125ms (cache miss)
2291 silly packumentCache full:https://registry.npmjs.org/micromark-util-character set size:undefined disposed:false
2292 silly placeDep ROOT longest-streak@3.1.0 OK for: mdast-util-math@3.0.0 want: ^3.0.0
2293 silly placeDep ROOT mdast-util-from-markdown@2.0.3 OK for: mdast-util-math@3.0.0 want: ^2.0.0
2294 silly placeDep ROOT mdast-util-to-markdown@2.1.2 OK for: mdast-util-math@3.0.0 want: ^2.1.0
2295 silly fetch manifest decode-named-character-reference@^1.0.0
2296 silly packumentCache full:https://registry.npmjs.org/decode-named-character-reference cache-miss
2297 silly fetch manifest mdast-util-to-string@^4.0.0
2298 silly packumentCache full:https://registry.npmjs.org/mdast-util-to-string cache-miss
2299 silly fetch manifest micromark@^4.0.0
2300 silly packumentCache full:https://registry.npmjs.org/micromark cache-miss
2301 silly fetch manifest micromark-util-decode-numeric-character-reference@^2.0.0
2302 silly packumentCache full:https://registry.npmjs.org/micromark-util-decode-numeric-character-reference cache-miss
2303 silly fetch manifest micromark-util-decode-string@^2.0.0
2304 silly packumentCache full:https://registry.npmjs.org/micromark-util-decode-string cache-miss
2305 silly fetch manifest micromark-util-normalize-identifier@^2.0.0
2306 silly packumentCache full:https://registry.npmjs.org/micromark-util-normalize-identifier cache-miss
2307 silly fetch manifest mdast-util-phrasing@^4.0.0
2308 silly packumentCache full:https://registry.npmjs.org/mdast-util-phrasing cache-miss
2309 silly fetch manifest mdast-util-to-string@^4.0.0
2310 silly packumentCache full:https://registry.npmjs.org/mdast-util-to-string cache-miss
2311 silly fetch manifest micromark-util-classify-character@^2.0.0
2312 silly packumentCache full:https://registry.npmjs.org/micromark-util-classify-character cache-miss
2313 silly fetch manifest micromark-util-decode-string@^2.0.0
2314 silly packumentCache full:https://registry.npmjs.org/micromark-util-decode-string cache-miss
2315 silly fetch manifest zwitch@^2.0.0
2316 silly packumentCache full:https://registry.npmjs.org/zwitch cache-miss
2317 http fetch GET 200 https://registry.npmjs.org/micromark-util-decode-numeric-character-reference 31ms (cache miss)
2318 silly packumentCache full:https://registry.npmjs.org/micromark-util-decode-numeric-character-reference set size:undefined disposed:false
2319 http fetch GET 200 https://registry.npmjs.org/micromark-util-decode-string 32ms (cache miss)
2320 silly packumentCache full:https://registry.npmjs.org/micromark-util-decode-string set size:undefined disposed:false
2321 http fetch GET 200 https://registry.npmjs.org/micromark-util-normalize-identifier 33ms (cache miss)
2322 silly packumentCache full:https://registry.npmjs.org/micromark-util-normalize-identifier set size:undefined disposed:false
2323 http fetch GET 200 https://registry.npmjs.org/micromark-util-decode-string 33ms (cache miss)
2324 silly packumentCache full:https://registry.npmjs.org/micromark-util-decode-string set size:undefined disposed:false
2325 http fetch GET 200 https://registry.npmjs.org/decode-named-character-reference 102ms (cache miss)
2326 silly packumentCache full:https://registry.npmjs.org/decode-named-character-reference set size:undefined disposed:false
2327 http fetch GET 200 https://registry.npmjs.org/mdast-util-to-string 115ms (cache miss)
2328 silly packumentCache full:https://registry.npmjs.org/mdast-util-to-string set size:undefined disposed:false
2329 http fetch GET 200 https://registry.npmjs.org/mdast-util-to-string 117ms (cache miss)
2330 silly packumentCache full:https://registry.npmjs.org/mdast-util-to-string set size:undefined disposed:false
2331 http fetch GET 200 https://registry.npmjs.org/zwitch 123ms (cache miss)
2332 silly packumentCache full:https://registry.npmjs.org/zwitch set size:undefined disposed:false
2333 http fetch GET 200 https://registry.npmjs.org/mdast-util-phrasing 124ms (cache miss)
2334 silly packumentCache full:https://registry.npmjs.org/mdast-util-phrasing set size:undefined disposed:false
2335 http fetch GET 200 https://registry.npmjs.org/micromark 125ms (cache miss)
2336 silly packumentCache full:https://registry.npmjs.org/micromark set size:undefined disposed:false
2337 http fetch GET 200 https://registry.npmjs.org/micromark-util-classify-character 131ms (cache miss)
2338 silly packumentCache full:https://registry.npmjs.org/micromark-util-classify-character set size:undefined disposed:false
2339 silly placeDep ROOT decode-named-character-reference@1.3.0 OK for: mdast-util-from-markdown@2.0.3 want: ^1.0.0
2340 silly placeDep ROOT mdast-util-to-string@4.0.0 OK for: mdast-util-from-markdown@2.0.3 want: ^4.0.0
2341 silly placeDep ROOT micromark@4.0.2 OK for: mdast-util-from-markdown@2.0.3 want: ^4.0.0
2342 silly placeDep ROOT micromark-util-decode-numeric-character-reference@2.0.2 OK for: mdast-util-from-markdown@2.0.3 want: ^2.0.0
2343 silly placeDep ROOT micromark-util-decode-string@2.0.1 OK for: mdast-util-from-markdown@2.0.3 want: ^2.0.0
2344 silly placeDep ROOT micromark-util-normalize-identifier@2.0.1 OK for: mdast-util-from-markdown@2.0.3 want: ^2.0.0
2345 silly placeDep ROOT micromark-util-symbol@2.0.1 OK for: mdast-util-from-markdown@2.0.3 want: ^2.0.0
2346 silly placeDep ROOT micromark-util-types@2.0.2 OK for: mdast-util-from-markdown@2.0.3 want: ^2.0.0
2347 silly placeDep ROOT unist-util-stringify-position@4.0.0 OK for: mdast-util-from-markdown@2.0.3 want: ^4.0.0
2348 silly fetch manifest character-entities@^2.0.0
2349 silly packumentCache full:https://registry.npmjs.org/character-entities cache-miss
2350 silly fetch manifest @types/debug@^4.0.0
2351 silly packumentCache full:https://registry.npmjs.org/@types%2fdebug cache-miss
2352 silly fetch manifest micromark-core-commonmark@^2.0.0
2353 silly packumentCache full:https://registry.npmjs.org/micromark-core-commonmark cache-miss
2354 silly fetch manifest micromark-util-chunked@^2.0.0
2355 silly packumentCache full:https://registry.npmjs.org/micromark-util-chunked cache-miss
2356 silly fetch manifest micromark-util-combine-extensions@^2.0.0
2357 silly packumentCache full:https://registry.npmjs.org/micromark-util-combine-extensions cache-miss
2358 silly fetch manifest micromark-util-encode@^2.0.0
2359 silly packumentCache full:https://registry.npmjs.org/micromark-util-encode cache-miss
2360 silly fetch manifest micromark-util-resolve-all@^2.0.0
2361 silly packumentCache full:https://registry.npmjs.org/micromark-util-resolve-all cache-miss
2362 silly fetch manifest micromark-util-sanitize-uri@^2.0.0
2363 silly packumentCache full:https://registry.npmjs.org/micromark-util-sanitize-uri cache-miss
2364 silly fetch manifest micromark-util-subtokenize@^2.0.0
2365 silly packumentCache full:https://registry.npmjs.org/micromark-util-subtokenize cache-miss
2366 http fetch GET 200 https://registry.npmjs.org/micromark-util-subtokenize 25ms (cache miss)
2367 silly packumentCache full:https://registry.npmjs.org/micromark-util-subtokenize set size:undefined disposed:false
2368 http fetch GET 200 https://registry.npmjs.org/character-entities 26ms (cache miss)
2369 silly packumentCache full:https://registry.npmjs.org/character-entities set size:undefined disposed:false
2370 http fetch GET 200 https://registry.npmjs.org/micromark-util-sanitize-uri 34ms (cache miss)
2371 silly packumentCache full:https://registry.npmjs.org/micromark-util-sanitize-uri set size:undefined disposed:false
2372 http fetch GET 200 https://registry.npmjs.org/micromark-core-commonmark 36ms (cache miss)
2373 silly packumentCache full:https://registry.npmjs.org/micromark-core-commonmark set size:undefined disposed:false
2374 http fetch GET 200 https://registry.npmjs.org/micromark-util-chunked 36ms (cache miss)
2375 silly packumentCache full:https://registry.npmjs.org/micromark-util-chunked set size:undefined disposed:false
2376 http fetch GET 200 https://registry.npmjs.org/micromark-util-combine-extensions 112ms (cache miss)
2377 silly packumentCache full:https://registry.npmjs.org/micromark-util-combine-extensions set size:undefined disposed:false
2378 http fetch GET 200 https://registry.npmjs.org/micromark-util-resolve-all 114ms (cache miss)
2379 silly packumentCache full:https://registry.npmjs.org/micromark-util-resolve-all set size:undefined disposed:false
2380 http fetch GET 200 https://registry.npmjs.org/micromark-util-encode 135ms (cache miss)
2381 silly packumentCache full:https://registry.npmjs.org/micromark-util-encode set size:undefined disposed:false
2382 http fetch GET 200 https://registry.npmjs.org/@types%2fdebug 142ms (cache miss)
2383 silly packumentCache full:https://registry.npmjs.org/@types%2fdebug set size:undefined disposed:false
2384 silly placeDep ROOT character-entities@2.0.2 OK for: decode-named-character-reference@1.3.0 want: ^2.0.0
2385 silly placeDep ROOT mdast-util-phrasing@4.1.0 OK for: mdast-util-to-markdown@2.1.2 want: ^4.0.0
2386 silly placeDep ROOT micromark-util-classify-character@2.0.1 OK for: mdast-util-to-markdown@2.1.2 want: ^2.0.0
2387 silly placeDep ROOT zwitch@2.0.4 OK for: mdast-util-to-markdown@2.1.2 want: ^2.0.0
2388 silly placeDep ROOT unist-util-is@6.0.1 OK for: mdast-util-phrasing@4.1.0 want: ^6.0.0
2389 silly placeDep ROOT @types/debug@4.1.13 OK for: micromark@4.0.2 want: ^4.0.0
2390 silly placeDep ROOT micromark-core-commonmark@2.0.3 OK for: micromark@4.0.2 want: ^2.0.0
2391 silly placeDep ROOT micromark-factory-space@2.0.1 OK for: micromark@4.0.2 want: ^2.0.0
2392 silly placeDep ROOT micromark-util-character@2.1.1 OK for: micromark@4.0.2 want: ^2.0.0
2393 silly placeDep ROOT micromark-util-chunked@2.0.1 OK for: micromark@4.0.2 want: ^2.0.0
2394 silly placeDep ROOT micromark-util-combine-extensions@2.0.1 OK for: micromark@4.0.2 want: ^2.0.0
2395 silly placeDep ROOT micromark-util-encode@2.0.1 OK for: micromark@4.0.2 want: ^2.0.0
2396 silly placeDep ROOT micromark-util-resolve-all@2.0.1 OK for: micromark@4.0.2 want: ^2.0.0
2397 silly placeDep ROOT micromark-util-sanitize-uri@2.0.1 OK for: micromark@4.0.2 want: ^2.0.0
2398 silly placeDep ROOT micromark-util-subtokenize@2.1.0 OK for: micromark@4.0.2 want: ^2.0.0
2399 silly fetch manifest @types/ms@*
2400 silly packumentCache full:https://registry.npmjs.org/@types%2fms cache-miss
2401 silly fetch manifest micromark-factory-destination@^2.0.0
2402 silly packumentCache full:https://registry.npmjs.org/micromark-factory-destination cache-miss
2403 silly fetch manifest micromark-factory-label@^2.0.0
2404 silly packumentCache full:https://registry.npmjs.org/micromark-factory-label cache-miss
2405 silly fetch manifest micromark-factory-title@^2.0.0
2406 silly packumentCache full:https://registry.npmjs.org/micromark-factory-title cache-miss
2407 silly fetch manifest micromark-factory-whitespace@^2.0.0
2408 silly packumentCache full:https://registry.npmjs.org/micromark-factory-whitespace cache-miss
2409 silly fetch manifest micromark-util-html-tag-name@^2.0.0
2410 silly packumentCache full:https://registry.npmjs.org/micromark-util-html-tag-name cache-miss
2411 http fetch GET 200 https://registry.npmjs.org/micromark-factory-whitespace 27ms (cache miss)
2412 silly packumentCache full:https://registry.npmjs.org/micromark-factory-whitespace set size:undefined disposed:false
2413 http fetch GET 200 https://registry.npmjs.org/micromark-factory-title 28ms (cache miss)
2414 silly packumentCache full:https://registry.npmjs.org/micromark-factory-title set size:undefined disposed:false
2415 http fetch GET 200 https://registry.npmjs.org/micromark-util-html-tag-name 28ms (cache miss)
2416 silly packumentCache full:https://registry.npmjs.org/micromark-util-html-tag-name set size:undefined disposed:false
2417 http fetch GET 200 https://registry.npmjs.org/@types%2fms 31ms (cache miss)
2418 silly packumentCache full:https://registry.npmjs.org/@types%2fms set size:undefined disposed:false
2419 http fetch GET 200 https://registry.npmjs.org/micromark-factory-destination 31ms (cache miss)
2420 silly packumentCache full:https://registry.npmjs.org/micromark-factory-destination set size:undefined disposed:false
2421 http fetch GET 200 https://registry.npmjs.org/micromark-factory-label 36ms (cache miss)
2422 silly packumentCache full:https://registry.npmjs.org/micromark-factory-label set size:undefined disposed:false
2423 silly placeDep ROOT @types/ms@2.1.0 OK for: @types/debug@4.1.13 want: *
2424 silly placeDep ROOT micromark-factory-destination@2.0.1 OK for: micromark-core-commonmark@2.0.3 want: ^2.0.0
2425 silly placeDep ROOT micromark-factory-label@2.0.1 OK for: micromark-core-commonmark@2.0.3 want: ^2.0.0
2426 silly placeDep ROOT micromark-factory-title@2.0.1 OK for: micromark-core-commonmark@2.0.3 want: ^2.0.0
2427 silly placeDep ROOT micromark-factory-whitespace@2.0.1 OK for: micromark-core-commonmark@2.0.3 want: ^2.0.0
2428 silly placeDep ROOT micromark-util-html-tag-name@2.0.1 OK for: micromark-core-commonmark@2.0.3 want: ^2.0.0
2429 silly placeDep ROOT node-exports-info@1.6.0 OK for: resolve@2.0.0-next.6 want: ^1.6.0
2430 silly placeDep ROOT path-parse@1.0.7 OK for: resolve@2.0.0-next.6 want: ^1.0.7
2431 silly placeDep ROOT supports-preserve-symlinks-flag@1.0.0 OK for: resolve@2.0.0-next.6 want: ^1.0.0
2432 silly placeDep node_modules/node-exports-info semver@6.3.1 OK for: node-exports-info@1.6.0 want: ^6.3.1
2433 silly placeDep node_modules/rimraf glob@7.2.3 OK for: rimraf@3.0.2 want: ^7.1.3
2434 silly fetch manifest once@^1.3.0
2435 silly packumentCache full:https://registry.npmjs.org/once cache-miss
2436 silly fetch manifest inflight@^1.0.4
2437 silly packumentCache full:https://registry.npmjs.org/inflight cache-miss
2438 silly fetch manifest inherits@2
2439 silly packumentCache full:https://registry.npmjs.org/inherits cache-miss
2440 silly fetch manifest fs.realpath@^1.0.0
2441 silly packumentCache full:https://registry.npmjs.org/fs.realpath cache-miss
2442 silly fetch manifest path-is-absolute@^1.0.0
2443 silly packumentCache full:https://registry.npmjs.org/path-is-absolute cache-miss
2444 http fetch GET 200 https://registry.npmjs.org/inherits 29ms (cache miss)
2445 silly packumentCache full:https://registry.npmjs.org/inherits set size:undefined disposed:false
2446 http fetch GET 200 https://registry.npmjs.org/once 31ms (cache miss)
2447 silly packumentCache full:https://registry.npmjs.org/once set size:undefined disposed:false
2448 http fetch GET 200 https://registry.npmjs.org/fs.realpath 30ms (cache miss)
2449 silly packumentCache full:https://registry.npmjs.org/fs.realpath set size:undefined disposed:false
2450 http fetch GET 200 https://registry.npmjs.org/inflight 98ms (cache miss)
2451 silly packumentCache full:https://registry.npmjs.org/inflight set size:undefined disposed:false
2452 http fetch GET 200 https://registry.npmjs.org/path-is-absolute 107ms (cache miss)
2453 silly packumentCache full:https://registry.npmjs.org/path-is-absolute set size:undefined disposed:false
2454 silly placeDep ROOT queue-microtask@1.2.3 OK for: run-parallel@1.2.0 want: ^1.2.2
2455 silly placeDep ROOT isarray@2.0.5 OK for: safe-array-concat@1.1.4 want: ^2.0.5
2456 silly placeDep ROOT shebang-regex@3.0.0 OK for: shebang-command@2.0.0 want: ^3.0.0
2457 silly placeDep ROOT side-channel-list@1.0.1 OK for: side-channel@1.1.0 want: ^1.0.0
2458 silly placeDep ROOT side-channel-map@1.0.1 OK for: side-channel@1.1.0 want: ^1.0.1
2459 silly placeDep ROOT side-channel-weakmap@1.0.2 OK for: side-channel@1.1.0 want: ^1.0.2
2460 silly placeDep ROOT eastasianwidth@0.2.0 OK for: string-width@5.1.2 want: ^0.2.0
2461 silly placeDep node_modules/string-width strip-ansi@7.2.0 OK for: string-width@5.1.2 want: ^7.0.1
2462 silly placeDep node_modules/string-width-cjs emoji-regex@8.0.0 OK for: string-width@4.2.3 want: ^8.0.0
2463 silly placeDep ROOT is-fullwidth-code-point@3.0.0 OK for: string-width@4.2.3 want: ^3.0.0
2464 silly placeDep ROOT ansi-regex@5.0.1 OK for: strip-ansi@6.0.1 want: ^5.0.1
2465 silly placeDep ROOT client-only@0.0.1 OK for: styled-jsx@5.1.1 want: 0.0.1
2466 silly placeDep ROOT has-flag@4.0.0 OK for: supports-color@7.2.0 want: ^4.0.0
2467 silly fetch manifest postcss@^8.4.47
2468 silly packumentCache full:https://registry.npmjs.org/postcss cache-hit
2469 silly fetch manifest tsx@^4.8.1
2470 silly packumentCache full:https://registry.npmjs.org/tsx cache-miss
2471 http fetch GET 200 https://registry.npmjs.org/tsx 170ms (cache miss)
2472 silly packumentCache full:https://registry.npmjs.org/tsx set size:undefined disposed:false
2473 silly fetch manifest yaml@^2.4.2
2474 silly packumentCache full:https://registry.npmjs.org/yaml cache-miss
2475 http fetch GET 200 https://registry.npmjs.org/yaml 36ms (cache miss)
2476 silly packumentCache full:https://registry.npmjs.org/yaml set size:undefined disposed:false
2477 silly placeDep ROOT @alloc/quick-lru@5.2.0 OK for: tailwindcss@3.4.19 want: ^5.2.0
2478 silly placeDep ROOT arg@5.0.2 OK for: tailwindcss@3.4.19 want: ^5.0.2
2479 silly placeDep ROOT chokidar@3.6.0 OK for: tailwindcss@3.4.19 want: ^3.6.0
2480 silly placeDep ROOT didyoumean@1.2.2 OK for: tailwindcss@3.4.19 want: ^1.2.2
2481 silly placeDep ROOT dlv@1.1.3 OK for: tailwindcss@3.4.19 want: ^1.1.3
2482 silly placeDep ROOT fast-glob@3.3.3 OK for: tailwindcss@3.4.19 want: ^3.3.2
2483 silly placeDep ROOT jiti@1.21.7 OK for: tailwindcss@3.4.19 want: ^1.21.7
2484 silly placeDep ROOT lilconfig@3.1.3 OK for: tailwindcss@3.4.19 want: ^3.1.3
2485 silly placeDep ROOT micromatch@4.0.8 OK for: tailwindcss@3.4.19 want: ^4.0.8
2486 silly placeDep ROOT normalize-path@3.0.0 OK for: tailwindcss@3.4.19 want: ^3.0.0
2487 silly placeDep ROOT object-hash@3.0.0 OK for: tailwindcss@3.4.19 want: ^3.0.0
2488 silly placeDep ROOT postcss-import@15.1.0 OK for: tailwindcss@3.4.19 want: ^15.1.0
2489 silly placeDep ROOT postcss-js@4.1.0 OK for: tailwindcss@3.4.19 want: ^4.0.1
2490 silly placeDep ROOT postcss-load-config@6.0.1 OK for: tailwindcss@3.4.19 want: ^4.0.2 || ^5.0 || ^6.0
2491 silly placeDep ROOT postcss-nested@6.2.0 OK for: tailwindcss@3.4.19 want: ^6.2.0
2492 silly placeDep ROOT postcss-selector-parser@6.1.2 OK for: tailwindcss@3.4.19 want: ^6.1.2
2493 silly placeDep node_modules/tailwindcss resolve@1.22.12 OK for: tailwindcss@3.4.19 want: ^1.22.8
2494 silly placeDep ROOT sucrase@3.35.1 OK for: tailwindcss@3.4.19 want: ^3.35.0
2495 silly fetch manifest braces@~3.0.2
2496 silly packumentCache full:https://registry.npmjs.org/braces cache-miss
2497 silly fetch manifest anymatch@~3.1.2
2498 silly packumentCache full:https://registry.npmjs.org/anymatch cache-miss
2499 silly fetch manifest readdirp@~3.6.0
2500 silly packumentCache full:https://registry.npmjs.org/readdirp cache-miss
2501 silly fetch manifest glob-parent@~5.1.2
2502 silly packumentCache full:https://registry.npmjs.org/glob-parent cache-miss
2503 silly fetch manifest is-binary-path@~2.1.0
2504 silly packumentCache full:https://registry.npmjs.org/is-binary-path cache-miss
2505 silly fetch manifest normalize-path@~3.0.0
2506 silly packumentCache full:https://registry.npmjs.org/normalize-path cache-miss
2507 silly fetch manifest fsevents@~2.3.2
2508 silly packumentCache full:https://registry.npmjs.org/fsevents cache-miss
2509 silly fetch manifest glob-parent@^5.1.2
2510 silly packumentCache full:https://registry.npmjs.org/glob-parent cache-miss
2511 silly fetch manifest merge2@^1.3.0
2512 silly packumentCache full:https://registry.npmjs.org/merge2 cache-miss
2513 silly fetch manifest braces@^3.0.3
2514 silly packumentCache full:https://registry.npmjs.org/braces cache-miss
2515 silly fetch manifest picomatch@^2.3.1
2516 silly packumentCache full:https://registry.npmjs.org/picomatch cache-miss
2517 silly fetch manifest resolve@^1.1.7
2518 silly packumentCache full:https://registry.npmjs.org/resolve cache-hit
2519 silly fetch manifest read-cache@^1.0.0
2520 silly packumentCache full:https://registry.npmjs.org/read-cache cache-miss
2521 silly fetch manifest camelcase-css@^2.0.1
2522 silly packumentCache full:https://registry.npmjs.org/camelcase-css cache-miss
2523 silly fetch manifest postcss-selector-parser@^6.1.1
2524 silly packumentCache full:https://registry.npmjs.org/postcss-selector-parser cache-miss
2525 silly fetch manifest cssesc@^3.0.0
2526 silly packumentCache full:https://registry.npmjs.org/cssesc cache-miss
2527 http cache https://registry.npmjs.org/postcss-selector-parser 3ms (cache hit)
2528 silly packumentCache full:https://registry.npmjs.org/postcss-selector-parser set size:177140 disposed:false
2529 silly fetch manifest util-deprecate@^1.0.2
2530 silly packumentCache full:https://registry.npmjs.org/util-deprecate cache-miss
2531 http cache https://registry.npmjs.org/normalize-path 5ms (cache hit)
2532 silly packumentCache full:https://registry.npmjs.org/normalize-path set size:28713 disposed:false
2533 silly fetch manifest @jridgewell/gen-mapping@^0.3.2
2534 silly packumentCache full:https://registry.npmjs.org/@jridgewell%2fgen-mapping cache-miss
2535 http cache https://registry.npmjs.org/glob-parent 6ms (cache hit)
2536 silly packumentCache full:https://registry.npmjs.org/glob-parent set size:42445 disposed:false
2537 silly fetch manifest commander@^4.0.0
2538 silly packumentCache full:https://registry.npmjs.org/commander cache-miss
2539 http cache https://registry.npmjs.org/glob-parent 8ms (cache hit)
2540 silly packumentCache full:https://registry.npmjs.org/glob-parent set size:42445 disposed:false
2541 silly packumentCache full:https://registry.npmjs.org/glob-parent dispose
2542 silly fetch manifest lines-and-columns@^1.1.6
2543 silly packumentCache full:https://registry.npmjs.org/lines-and-columns cache-miss
2544 http cache https://registry.npmjs.org/picomatch 8ms (cache hit)
2545 silly packumentCache full:https://registry.npmjs.org/picomatch set size:126376 disposed:false
2546 silly fetch manifest mz@^2.7.0
2547 silly packumentCache full:https://registry.npmjs.org/mz cache-miss
2548 http cache https://registry.npmjs.org/commander 4ms (cache hit)
2549 silly packumentCache full:https://registry.npmjs.org/commander set size:306301 disposed:false
2550 silly fetch manifest pirates@^4.0.1
2551 silly packumentCache full:https://registry.npmjs.org/pirates cache-miss
2552 http fetch GET 200 https://registry.npmjs.org/camelcase-css 32ms (cache miss)
2553 silly packumentCache full:https://registry.npmjs.org/camelcase-css set size:undefined disposed:false
2554 silly fetch manifest ts-interface-checker@^0.1.9
2555 silly packumentCache full:https://registry.npmjs.org/ts-interface-checker cache-miss
2556 http fetch GET 200 https://registry.npmjs.org/cssesc 32ms (cache miss)
2557 silly packumentCache full:https://registry.npmjs.org/cssesc set size:undefined disposed:false
2558 http fetch GET 200 https://registry.npmjs.org/merge2 33ms (cache miss)
2559 silly packumentCache full:https://registry.npmjs.org/merge2 set size:undefined disposed:false
2560 http fetch GET 200 https://registry.npmjs.org/util-deprecate 29ms (cache miss)
2561 silly packumentCache full:https://registry.npmjs.org/util-deprecate set size:undefined disposed:false
2562 http fetch GET 200 https://registry.npmjs.org/is-binary-path 35ms (cache miss)
2563 silly packumentCache full:https://registry.npmjs.org/is-binary-path set size:undefined disposed:false
2564 http fetch GET 200 https://registry.npmjs.org/read-cache 34ms (cache miss)
2565 silly packumentCache full:https://registry.npmjs.org/read-cache set size:undefined disposed:false
2566 http fetch GET 200 https://registry.npmjs.org/braces 35ms (cache miss)
2567 silly packumentCache full:https://registry.npmjs.org/braces set size:undefined disposed:false
2568 http fetch GET 200 https://registry.npmjs.org/lines-and-columns 27ms (cache miss)
2569 silly packumentCache full:https://registry.npmjs.org/lines-and-columns set size:undefined disposed:false
2570 http fetch GET 200 https://registry.npmjs.org/braces 36ms (cache miss)
2571 silly packumentCache full:https://registry.npmjs.org/braces set size:undefined disposed:false
2572 http fetch GET 200 https://registry.npmjs.org/fsevents 37ms (cache miss)
2573 silly packumentCache full:https://registry.npmjs.org/fsevents set size:undefined disposed:false
2574 http fetch GET 200 https://registry.npmjs.org/mz 32ms (cache miss)
2575 silly packumentCache full:https://registry.npmjs.org/mz set size:undefined disposed:false
2576 http fetch GET 200 https://registry.npmjs.org/pirates 30ms (cache miss)
2577 silly packumentCache full:https://registry.npmjs.org/pirates set size:undefined disposed:false
2578 http fetch GET 200 https://registry.npmjs.org/readdirp 42ms (cache miss)
2579 silly packumentCache full:https://registry.npmjs.org/readdirp set size:undefined disposed:false
2580 http fetch GET 200 https://registry.npmjs.org/@jridgewell%2fgen-mapping 44ms (cache miss)
2581 silly packumentCache full:https://registry.npmjs.org/@jridgewell%2fgen-mapping set size:undefined disposed:false
2582 http fetch GET 200 https://registry.npmjs.org/anymatch 117ms (cache miss)
2583 silly packumentCache full:https://registry.npmjs.org/anymatch set size:undefined disposed:false
2584 http fetch GET 200 https://registry.npmjs.org/ts-interface-checker 121ms (cache miss)
2585 silly packumentCache full:https://registry.npmjs.org/ts-interface-checker set size:undefined disposed:false
2586 silly placeDep ROOT anymatch@3.1.3 OK for: chokidar@3.6.0 want: ~3.1.2
2587 silly placeDep ROOT braces@3.0.3 OK for: chokidar@3.6.0 want: ~3.0.2
2588 silly placeDep ROOT fsevents@2.3.3 OK for: chokidar@3.6.0 want: ~2.3.2
2589 silly placeDep node_modules/chokidar glob-parent@5.1.2 OK for: chokidar@3.6.0 want: ~5.1.2
2590 silly placeDep ROOT is-binary-path@2.1.0 OK for: chokidar@3.6.0 want: ~2.1.0
2591 silly placeDep ROOT readdirp@3.6.0 OK for: chokidar@3.6.0 want: ~3.6.0
2592 silly fetch manifest picomatch@^2.0.4
2593 silly packumentCache full:https://registry.npmjs.org/picomatch cache-hit
2594 silly fetch manifest fill-range@^7.1.1
2595 silly packumentCache full:https://registry.npmjs.org/fill-range cache-miss
2596 silly fetch manifest binary-extensions@^2.0.0
2597 silly packumentCache full:https://registry.npmjs.org/binary-extensions cache-miss
2598 silly fetch manifest picomatch@^2.2.1
2599 silly packumentCache full:https://registry.npmjs.org/picomatch cache-hit
2600 http fetch GET 200 https://registry.npmjs.org/binary-extensions 121ms (cache miss)
2601 silly packumentCache full:https://registry.npmjs.org/binary-extensions set size:undefined disposed:false
2602 http fetch GET 200 https://registry.npmjs.org/fill-range 137ms (cache miss)
2603 silly packumentCache full:https://registry.npmjs.org/fill-range set size:undefined disposed:false
2604 silly placeDep ROOT picomatch@2.3.2 OK for: anymatch@3.1.3 want: ^2.0.4
2605 silly placeDep ROOT fill-range@7.1.1 OK for: braces@3.0.3 want: ^7.1.1
2606 silly fetch manifest to-regex-range@^5.0.1
2607 silly packumentCache full:https://registry.npmjs.org/to-regex-range cache-miss
2608 http fetch GET 200 https://registry.npmjs.org/to-regex-range 24ms (cache miss)
2609 silly packumentCache full:https://registry.npmjs.org/to-regex-range set size:undefined disposed:false
2610 silly placeDep node_modules/fast-glob glob-parent@5.1.2 OK for: fast-glob@3.3.3 want: ^5.1.2
2611 silly placeDep ROOT merge2@1.4.1 OK for: fast-glob@3.3.3 want: ^1.3.0
2612 silly placeDep ROOT to-regex-range@5.0.1 OK for: fill-range@7.1.1 want: ^5.0.1
2613 silly fetch manifest is-number@^7.0.0
2614 silly packumentCache full:https://registry.npmjs.org/is-number cache-miss
2615 http fetch GET 200 https://registry.npmjs.org/is-number 34ms (cache miss)
2616 silly packumentCache full:https://registry.npmjs.org/is-number set size:undefined disposed:false
2617 silly placeDep ROOT binary-extensions@2.3.0 OK for: is-binary-path@2.1.0 want: ^2.0.0
2618 silly placeDep ROOT read-cache@1.0.0 OK for: postcss-import@15.1.0 want: ^1.0.0
2619 silly placeDep node_modules/postcss-import resolve@1.22.12 OK for: postcss-import@15.1.0 want: ^1.1.7
2620 silly fetch manifest pify@^2.3.0
2621 silly packumentCache full:https://registry.npmjs.org/pify cache-miss
2622 http fetch GET 200 https://registry.npmjs.org/pify 112ms (cache miss)
2623 silly packumentCache full:https://registry.npmjs.org/pify set size:undefined disposed:false
2624 silly placeDep ROOT camelcase-css@2.0.1 OK for: postcss-js@4.1.0 want: ^2.0.1
2625 silly placeDep ROOT cssesc@3.0.0 OK for: postcss-selector-parser@6.1.2 want: ^3.0.0
2626 silly placeDep ROOT util-deprecate@1.0.2 OK for: postcss-selector-parser@6.1.2 want: ^1.0.2
2627 silly placeDep ROOT pify@2.3.0 OK for: read-cache@1.0.0 want: ^2.3.0
2628 silly placeDep ROOT @jridgewell/gen-mapping@0.3.13 OK for: sucrase@3.35.1 want: ^0.3.2
2629 silly placeDep node_modules/sucrase commander@4.1.1 OK for: sucrase@3.35.1 want: ^4.0.0
2630 silly placeDep ROOT lines-and-columns@1.2.4 OK for: sucrase@3.35.1 want: ^1.1.6
2631 silly placeDep ROOT mz@2.7.0 OK for: sucrase@3.35.1 want: ^2.7.0
2632 silly placeDep ROOT pirates@4.0.7 OK for: sucrase@3.35.1 want: ^4.0.1
2633 silly placeDep ROOT ts-interface-checker@0.1.13 OK for: sucrase@3.35.1 want: ^0.1.9
2634 silly fetch manifest @jridgewell/sourcemap-codec@^1.5.0
2635 silly packumentCache full:https://registry.npmjs.org/@jridgewell%2fsourcemap-codec cache-miss
2636 silly fetch manifest @jridgewell/trace-mapping@^0.3.24
2637 silly packumentCache full:https://registry.npmjs.org/@jridgewell%2ftrace-mapping cache-miss
2638 silly fetch manifest any-promise@^1.0.0
2639 silly packumentCache full:https://registry.npmjs.org/any-promise cache-miss
2640 silly fetch manifest thenify-all@^1.0.0
2641 silly packumentCache full:https://registry.npmjs.org/thenify-all cache-miss
2642 http fetch GET 200 https://registry.npmjs.org/any-promise 27ms (cache miss)
2643 silly packumentCache full:https://registry.npmjs.org/any-promise set size:undefined disposed:false
2644 http fetch GET 200 https://registry.npmjs.org/thenify-all 34ms (cache miss)
2645 silly packumentCache full:https://registry.npmjs.org/thenify-all set size:undefined disposed:false
2646 http fetch GET 200 https://registry.npmjs.org/@jridgewell%2fsourcemap-codec 43ms (cache miss)
2647 silly packumentCache full:https://registry.npmjs.org/@jridgewell%2fsourcemap-codec set size:undefined disposed:false
2648 http fetch GET 200 https://registry.npmjs.org/@jridgewell%2ftrace-mapping 121ms (cache miss)
2649 silly packumentCache full:https://registry.npmjs.org/@jridgewell%2ftrace-mapping set size:undefined disposed:false
2650 silly placeDep ROOT @jridgewell/sourcemap-codec@1.5.5 OK for: @jridgewell/gen-mapping@0.3.13 want: ^1.5.0
2651 silly placeDep ROOT @jridgewell/trace-mapping@0.3.31 OK for: @jridgewell/gen-mapping@0.3.13 want: ^0.3.24
2652 silly fetch manifest @jridgewell/resolve-uri@^3.1.0
2653 silly packumentCache full:https://registry.npmjs.org/@jridgewell%2fresolve-uri cache-miss
2654 http fetch GET 200 https://registry.npmjs.org/@jridgewell%2fresolve-uri 47ms (cache miss)
2655 silly packumentCache full:https://registry.npmjs.org/@jridgewell%2fresolve-uri set size:undefined disposed:false
2656 silly placeDep ROOT @jridgewell/resolve-uri@3.1.2 OK for: @jridgewell/trace-mapping@0.3.31 want: ^3.1.0
2657 silly placeDep ROOT any-promise@1.3.0 OK for: mz@2.7.0 want: ^1.0.0
2658 silly placeDep ROOT thenify-all@1.6.0 OK for: mz@2.7.0 want: ^1.0.0
2659 silly fetch manifest thenify@>= 3.1.0 < 4
2660 silly packumentCache full:https://registry.npmjs.org/thenify cache-miss
2661 http fetch GET 200 https://registry.npmjs.org/thenify 38ms (cache miss)
2662 silly packumentCache full:https://registry.npmjs.org/thenify set size:undefined disposed:false
2663 silly placeDep ROOT thenify@3.3.1 OK for: thenify-all@1.6.0 want: >= 3.1.0 < 4
2664 silly placeDep node_modules/tinyglobby fdir@6.5.0 OK for: tinyglobby@0.2.16 want: ^6.5.0
2665 silly placeDep node_modules/tinyglobby picomatch@4.0.4 OK for: fdir@6.5.0 want: ^3 || ^4
2666 silly placeDep ROOT is-number@7.0.0 OK for: to-regex-range@5.0.1 want: ^7.0.0
2667 silly placeDep ROOT @types/json5@0.0.29 OK for: tsconfig-paths@3.15.0 want: ^0.0.29
2668 silly placeDep ROOT json5@1.0.2 OK for: tsconfig-paths@3.15.0 want: ^1.0.2
2669 silly placeDep ROOT minimist@1.2.8 OK for: tsconfig-paths@3.15.0 want: ^1.2.6
2670 silly placeDep ROOT strip-bom@3.0.0 OK for: tsconfig-paths@3.15.0 want: ^3.0.0
2671 silly fetch manifest minimist@^1.2.0
2672 silly packumentCache full:https://registry.npmjs.org/minimist cache-miss
2673 http cache https://registry.npmjs.org/minimist 2ms (cache hit)
2674 silly packumentCache full:https://registry.npmjs.org/minimist set size:77063 disposed:false
2675 silly placeDep ROOT for-each@0.3.5 OK for: typed-array-byte-length@1.0.3 want: ^0.3.3
2676 silly placeDep ROOT reflect.getprototypeof@1.0.10 OK for: typed-array-byte-offset@1.0.4 want: ^1.0.9
2677 silly fetch manifest which-builtin-type@^1.2.1
2678 silly packumentCache full:https://registry.npmjs.org/which-builtin-type cache-miss
2679 http fetch GET 200 https://registry.npmjs.org/which-builtin-type 23ms (cache miss)
2680 silly packumentCache full:https://registry.npmjs.org/which-builtin-type set size:undefined disposed:false
2681 silly placeDep ROOT which-builtin-type@1.2.1 OK for: reflect.getprototypeof@1.0.10 want: ^1.2.1
2682 silly fetch manifest is-async-function@^2.0.0
2683 silly packumentCache full:https://registry.npmjs.org/is-async-function cache-miss
2684 silly fetch manifest is-finalizationregistry@^1.1.0
2685 silly packumentCache full:https://registry.npmjs.org/is-finalizationregistry cache-miss
2686 silly fetch manifest is-generator-function@^1.0.10
2687 silly packumentCache full:https://registry.npmjs.org/is-generator-function cache-miss
2688 silly fetch manifest which-boxed-primitive@^1.1.0
2689 silly packumentCache full:https://registry.npmjs.org/which-boxed-primitive cache-miss
2690 silly fetch manifest which-collection@^1.0.2
2691 silly packumentCache full:https://registry.npmjs.org/which-collection cache-miss
2692 http cache https://registry.npmjs.org/which-boxed-primitive 3ms (cache hit)
2693 silly packumentCache full:https://registry.npmjs.org/which-boxed-primitive set size:19407 disposed:false
2694 http fetch GET 200 https://registry.npmjs.org/is-finalizationregistry 27ms (cache miss)
2695 silly packumentCache full:https://registry.npmjs.org/is-finalizationregistry set size:undefined disposed:false
2696 http fetch GET 200 https://registry.npmjs.org/which-collection 27ms (cache miss)
2697 silly packumentCache full:https://registry.npmjs.org/which-collection set size:undefined disposed:false
2698 http fetch GET 200 https://registry.npmjs.org/is-generator-function 28ms (cache miss)
2699 silly packumentCache full:https://registry.npmjs.org/is-generator-function set size:undefined disposed:false
2700 http fetch GET 200 https://registry.npmjs.org/is-async-function 29ms (cache miss)
2701 silly packumentCache full:https://registry.npmjs.org/is-async-function set size:undefined disposed:false
2702 silly placeDep ROOT has-bigints@1.1.0 OK for: unbox-primitive@1.1.0 want: ^1.0.2
2703 silly placeDep ROOT which-boxed-primitive@1.1.1 OK for: unbox-primitive@1.1.0 want: ^1.1.1
2704 silly fetch manifest is-bigint@^1.1.0
2705 silly packumentCache full:https://registry.npmjs.org/is-bigint cache-miss
2706 silly fetch manifest is-boolean-object@^1.2.1
2707 silly packumentCache full:https://registry.npmjs.org/is-boolean-object cache-miss
2708 silly fetch manifest is-number-object@^1.1.1
2709 silly packumentCache full:https://registry.npmjs.org/is-number-object cache-miss
2710 http fetch GET 200 https://registry.npmjs.org/is-bigint 23ms (cache miss)
2711 silly packumentCache full:https://registry.npmjs.org/is-bigint set size:undefined disposed:false
2712 http fetch GET 200 https://registry.npmjs.org/is-boolean-object 27ms (cache miss)
2713 silly packumentCache full:https://registry.npmjs.org/is-boolean-object set size:undefined disposed:false
2714 http fetch GET 200 https://registry.npmjs.org/is-number-object 27ms (cache miss)
2715 silly packumentCache full:https://registry.npmjs.org/is-number-object set size:undefined disposed:false
2716 silly placeDep ROOT bail@2.0.2 OK for: unified@11.0.5 want: ^2.0.0
2717 silly placeDep ROOT extend@3.0.2 OK for: unified@11.0.5 want: ^3.0.0
2718 silly placeDep ROOT is-plain-obj@4.1.0 OK for: unified@11.0.5 want: ^4.0.0
2719 silly placeDep ROOT trough@2.2.0 OK for: unified@11.0.5 want: ^2.0.0
2720 silly placeDep ROOT @unrs/resolver-binding-android-arm-eabi@1.11.1 OK for: unrs-resolver@1.11.1 want: 1.11.1
2721 silly placeDep ROOT @unrs/resolver-binding-android-arm64@1.11.1 OK for: unrs-resolver@1.11.1 want: 1.11.1
2722 silly placeDep ROOT @unrs/resolver-binding-darwin-arm64@1.11.1 OK for: unrs-resolver@1.11.1 want: 1.11.1
2723 silly placeDep ROOT @unrs/resolver-binding-darwin-x64@1.11.1 OK for: unrs-resolver@1.11.1 want: 1.11.1
2724 silly placeDep ROOT @unrs/resolver-binding-freebsd-x64@1.11.1 OK for: unrs-resolver@1.11.1 want: 1.11.1
2725 silly placeDep ROOT @unrs/resolver-binding-linux-arm-gnueabihf@1.11.1 OK for: unrs-resolver@1.11.1 want: 1.11.1
2726 silly placeDep ROOT @unrs/resolver-binding-linux-arm-musleabihf@1.11.1 OK for: unrs-resolver@1.11.1 want: 1.11.1
2727 silly placeDep ROOT @unrs/resolver-binding-linux-arm64-gnu@1.11.1 OK for: unrs-resolver@1.11.1 want: 1.11.1
2728 silly placeDep ROOT @unrs/resolver-binding-linux-arm64-musl@1.11.1 OK for: unrs-resolver@1.11.1 want: 1.11.1
2729 silly placeDep ROOT @unrs/resolver-binding-linux-ppc64-gnu@1.11.1 OK for: unrs-resolver@1.11.1 want: 1.11.1
2730 silly placeDep ROOT @unrs/resolver-binding-linux-riscv64-gnu@1.11.1 OK for: unrs-resolver@1.11.1 want: 1.11.1
2731 silly placeDep ROOT @unrs/resolver-binding-linux-riscv64-musl@1.11.1 OK for: unrs-resolver@1.11.1 want: 1.11.1
2732 silly placeDep ROOT @unrs/resolver-binding-linux-s390x-gnu@1.11.1 OK for: unrs-resolver@1.11.1 want: 1.11.1
2733 silly placeDep ROOT @unrs/resolver-binding-linux-x64-gnu@1.11.1 OK for: unrs-resolver@1.11.1 want: 1.11.1
2734 silly placeDep ROOT @unrs/resolver-binding-linux-x64-musl@1.11.1 OK for: unrs-resolver@1.11.1 want: 1.11.1
2735 silly placeDep ROOT @unrs/resolver-binding-wasm32-wasi@1.11.1 OK for: unrs-resolver@1.11.1 want: 1.11.1
2736 silly placeDep ROOT @unrs/resolver-binding-win32-arm64-msvc@1.11.1 OK for: unrs-resolver@1.11.1 want: 1.11.1
2737 silly placeDep ROOT @unrs/resolver-binding-win32-ia32-msvc@1.11.1 OK for: unrs-resolver@1.11.1 want: 1.11.1
2738 silly placeDep ROOT @unrs/resolver-binding-win32-x64-msvc@1.11.1 OK for: unrs-resolver@1.11.1 want: 1.11.1
2739 silly placeDep ROOT napi-postinstall@0.3.4 OK for: unrs-resolver@1.11.1 want: ^0.3.0
2740 silly fetch manifest @napi-rs/wasm-runtime@^0.2.11
2741 silly packumentCache full:https://registry.npmjs.org/@napi-rs%2fwasm-runtime cache-miss
2742 http fetch GET 200 https://registry.npmjs.org/@napi-rs%2fwasm-runtime 36ms (cache miss)
2743 silly packumentCache full:https://registry.npmjs.org/@napi-rs%2fwasm-runtime set size:undefined disposed:false
2744 silly placeDep ROOT @napi-rs/wasm-runtime@0.2.12 OK for: @unrs/resolver-binding-wasm32-wasi@1.11.1 want: ^0.2.11
2745 silly fetch manifest @emnapi/core@^1.4.3
2746 silly packumentCache full:https://registry.npmjs.org/@emnapi%2fcore cache-miss
2747 silly fetch manifest @emnapi/runtime@^1.4.3
2748 silly packumentCache full:https://registry.npmjs.org/@emnapi%2fruntime cache-miss
2749 silly fetch manifest @tybys/wasm-util@^0.10.0
2750 silly packumentCache full:https://registry.npmjs.org/@tybys%2fwasm-util cache-miss
2751 http fetch GET 200 https://registry.npmjs.org/@emnapi%2fcore 37ms (cache miss)
2752 silly packumentCache full:https://registry.npmjs.org/@emnapi%2fcore set size:undefined disposed:false
2753 http fetch GET 200 https://registry.npmjs.org/@tybys%2fwasm-util 45ms (cache miss)
2754 silly packumentCache full:https://registry.npmjs.org/@tybys%2fwasm-util set size:undefined disposed:false
2755 http fetch GET 200 https://registry.npmjs.org/@emnapi%2fruntime 51ms (cache miss)
2756 silly packumentCache full:https://registry.npmjs.org/@emnapi%2fruntime set size:undefined disposed:false
2757 silly placeDep ROOT @emnapi/core@1.10.0 OK for: @napi-rs/wasm-runtime@0.2.12 want: ^1.4.3
2758 silly placeDep ROOT @emnapi/runtime@1.10.0 OK for: @napi-rs/wasm-runtime@0.2.12 want: ^1.4.3
2759 silly placeDep ROOT @tybys/wasm-util@0.10.2 OK for: @napi-rs/wasm-runtime@0.2.12 want: ^0.10.0
2760 silly fetch manifest @emnapi/wasi-threads@1.2.1
2761 silly packumentCache full:https://registry.npmjs.org/@emnapi%2fwasi-threads cache-miss
2762 http fetch GET 200 https://registry.npmjs.org/@emnapi%2fwasi-threads 36ms (cache miss)
2763 silly packumentCache full:https://registry.npmjs.org/@emnapi%2fwasi-threads set size:undefined disposed:false
2764 silly placeDep ROOT @emnapi/wasi-threads@1.2.1 OK for: @emnapi/core@1.10.0 want: 1.2.1
2765 silly placeDep ROOT escalade@3.2.0 OK for: update-browserslist-db@1.2.3 want: ^3.2.0
2766 silly placeDep ROOT punycode@2.3.1 OK for: uri-js@4.4.1 want: ^2.1.0
2767 silly placeDep ROOT isexe@2.0.0 OK for: which@2.0.2 want: ^2.0.0
2768 silly placeDep ROOT is-bigint@1.1.0 OK for: which-boxed-primitive@1.1.1 want: ^1.1.0
2769 silly placeDep ROOT is-boolean-object@1.2.2 OK for: which-boxed-primitive@1.1.1 want: ^1.2.1
2770 silly placeDep ROOT is-number-object@1.1.1 OK for: which-boxed-primitive@1.1.1 want: ^1.1.1
2771 silly placeDep ROOT is-async-function@2.1.1 OK for: which-builtin-type@1.2.1 want: ^2.0.0
2772 silly placeDep ROOT is-finalizationregistry@1.1.1 OK for: which-builtin-type@1.2.1 want: ^1.1.0
2773 silly placeDep ROOT is-generator-function@1.1.2 OK for: which-builtin-type@1.2.1 want: ^1.0.10
2774 silly placeDep ROOT which-collection@1.0.2 OK for: which-builtin-type@1.2.1 want: ^1.0.2
2775 silly fetch manifest async-function@^1.0.0
2776 silly packumentCache full:https://registry.npmjs.org/async-function cache-miss
2777 silly fetch manifest generator-function@^2.0.0
2778 silly packumentCache full:https://registry.npmjs.org/generator-function cache-miss
2779 silly fetch manifest is-map@^2.0.3
2780 silly packumentCache full:https://registry.npmjs.org/is-map cache-miss
2781 silly fetch manifest is-weakmap@^2.0.2
2782 silly packumentCache full:https://registry.npmjs.org/is-weakmap cache-miss
2783 silly fetch manifest is-weakset@^2.0.3
2784 silly packumentCache full:https://registry.npmjs.org/is-weakset cache-miss
2785 http fetch GET 200 https://registry.npmjs.org/async-function 24ms (cache miss)
2786 silly packumentCache full:https://registry.npmjs.org/async-function set size:undefined disposed:false
2787 http fetch GET 200 https://registry.npmjs.org/is-weakset 28ms (cache miss)
2788 silly packumentCache full:https://registry.npmjs.org/is-weakset set size:undefined disposed:false
2789 http fetch GET 200 https://registry.npmjs.org/generator-function 31ms (cache miss)
2790 silly packumentCache full:https://registry.npmjs.org/generator-function set size:undefined disposed:false
2791 http fetch GET 200 https://registry.npmjs.org/is-map 111ms (cache miss)
2792 silly packumentCache full:https://registry.npmjs.org/is-map set size:undefined disposed:false
2793 http fetch GET 200 https://registry.npmjs.org/is-weakmap 117ms (cache miss)
2794 silly packumentCache full:https://registry.npmjs.org/is-weakmap set size:undefined disposed:false
2795 silly placeDep ROOT async-function@1.0.0 OK for: is-async-function@2.1.1 want: ^1.0.0
2796 silly placeDep ROOT generator-function@2.0.1 OK for: is-generator-function@1.1.2 want: ^2.0.0
2797 silly placeDep ROOT is-map@2.0.3 OK for: which-collection@1.0.2 want: ^2.0.3
2798 silly placeDep ROOT is-weakmap@2.0.2 OK for: which-collection@1.0.2 want: ^2.0.2
2799 silly placeDep ROOT is-weakset@2.0.4 OK for: which-collection@1.0.2 want: ^2.0.3
2800 silly placeDep node_modules/wrap-ansi ansi-styles@6.2.3 OK for: wrap-ansi@8.1.0 want: ^6.1.0
2801 silly placeDep node_modules/wrap-ansi strip-ansi@7.2.0 OK for: wrap-ansi@8.1.0 want: ^7.0.1
2802 silly placeDep node_modules/wrap-ansi-cjs string-width@4.2.3 OK for: wrap-ansi@7.0.0 want: ^4.1.0
2803 silly placeDep node_modules/@isaacs/cliui ansi-regex@6.2.2 OK for: strip-ansi@7.2.0 want: ^6.2.2
2804 silly placeDep node_modules/@typescript-eslint/typescript-estree brace-expansion@5.0.6 OK for: minimatch@10.2.5 want: ^5.0.5
2805 silly fetch manifest balanced-match@^4.0.2
2806 silly packumentCache full:https://registry.npmjs.org/balanced-match cache-miss
2807 http cache https://registry.npmjs.org/balanced-match 1ms (cache hit)
2808 silly packumentCache full:https://registry.npmjs.org/balanced-match set size:39082 disposed:false
2809 silly placeDep node_modules/@typescript-eslint/typescript-estree balanced-match@4.0.4 OK for: brace-expansion@5.0.6 want: ^4.0.2
2810 silly placeDep node_modules/glob brace-expansion@2.1.0 OK for: minimatch@9.0.9 want: ^2.0.2
2811 silly placeDep ROOT fs.realpath@1.0.0 OK for: glob@7.2.3 want: ^1.0.0
2812 silly placeDep ROOT inflight@1.0.6 OK for: glob@7.2.3 want: ^1.0.4
2813 silly placeDep ROOT inherits@2.0.4 OK for: glob@7.2.3 want: 2
2814 silly placeDep ROOT once@1.4.0 OK for: glob@7.2.3 want: ^1.3.0
2815 silly placeDep ROOT path-is-absolute@1.0.1 OK for: glob@7.2.3 want: ^1.0.0
2816 silly fetch manifest wrappy@1
2817 silly packumentCache full:https://registry.npmjs.org/wrappy cache-miss
2818 silly fetch manifest wrappy@1
2819 silly packumentCache full:https://registry.npmjs.org/wrappy cache-miss
2820 http fetch GET 200 https://registry.npmjs.org/wrappy 31ms (cache miss)
2821 silly packumentCache full:https://registry.npmjs.org/wrappy set size:undefined disposed:false
2822 http fetch GET 200 https://registry.npmjs.org/wrappy 35ms (cache miss)
2823 silly packumentCache full:https://registry.npmjs.org/wrappy set size:undefined disposed:false
2824 silly placeDep ROOT wrappy@1.0.2 OK for: inflight@1.0.6 want: 1
2825 silly placeDep node_modules/string-width ansi-regex@6.2.2 OK for: strip-ansi@7.2.0 want: ^6.2.2
2826 silly placeDep node_modules/wrap-ansi-cjs emoji-regex@8.0.0 OK for: string-width@4.2.3 want: ^8.0.0
2827 silly placeDep node_modules/wrap-ansi ansi-regex@6.2.2 OK for: strip-ansi@7.2.0 want: ^6.2.2
2828 silly reify moves {}
2829 silly audit bulk request {
2829 silly audit   '@mdx-js/react': [ '3.1.1' ],
2829 silly audit   '@types/react': [ '18.3.28' ],
2829 silly audit   react: [ '18.3.1' ],
2829 silly audit   '@next/mdx': [ '14.2.35' ],
2829 silly audit   '@types/node': [ '20.19.40' ],
2829 silly audit   '@types/react-dom': [ '18.3.7' ],
2829 silly audit   autoprefixer: [ '10.5.0' ],
2829 silly audit   postcss: [ '8.5.14', '8.4.31' ],
2829 silly audit   eslint: [ '8.57.1' ],
2829 silly audit   'eslint-config-next': [ '14.2.35' ],
2829 silly audit   'highlight.js': [ '11.11.1' ],
2829 silly audit   katex: [ '0.16.45' ],
2829 silly audit   next: [ '14.2.35' ],
2829 silly audit   'react-dom': [ '18.3.1' ],
2829 silly audit   'rehype-highlight': [ '7.0.2' ],
2829 silly audit   'rehype-katex': [ '7.0.1' ],
2829 silly audit   'remark-math': [ '6.0.0' ],
2829 silly audit   tailwindcss: [ '3.4.19' ],
2829 silly audit   typescript: [ '5.9.3' ],
2829 silly audit   '@types/mdx': [ '2.0.13' ],
2829 silly audit   'source-map': [ '0.7.6' ],
2829 silly audit   'undici-types': [ '6.21.0' ],
2829 silly audit   '@types/prop-types': [ '15.7.15' ],
2829 silly audit   csstype: [ '3.2.3' ],
2829 silly audit   browserslist: [ '4.28.2' ],
2829 silly audit   'caniuse-lite': [ '1.0.30001792' ],
2829 silly audit   'fraction.js': [ '5.3.4' ],
2829 silly audit   picocolors: [ '1.1.1' ],
2829 silly audit   'postcss-value-parser': [ '4.2.0' ],
2829 silly audit   'baseline-browser-mapping': [ '2.10.29' ],
2829 silly audit   'electron-to-chromium': [ '1.5.353' ],
2829 silly audit   'node-releases': [ '2.0.38' ],
2829 silly audit   'update-browserslist-db': [ '1.2.3' ],
2829 silly audit   '@eslint-community/eslint-utils': [ '4.9.1' ],
2829 silly audit   '@eslint-community/regexpp': [ '4.12.2' ],
2829 silly audit   '@eslint/eslintrc': [ '2.1.4' ],
2829 silly audit   '@eslint/js': [ '8.57.1' ],
2829 silly audit   '@humanwhocodes/config-array': [ '0.13.0' ],
2829 silly audit   '@humanwhocodes/module-importer': [ '1.0.1' ],
2829 silly audit   '@nodelib/fs.walk': [ '1.2.8' ],
2829 silly audit   '@ungap/structured-clone': [ '1.3.1' ],
2829 silly audit   ajv: [ '6.15.0' ],
2829 silly audit   chalk: [ '4.1.2' ],
2829 silly audit   'cross-spawn': [ '7.0.6' ],
2829 silly audit   debug: [ '4.4.3', '3.2.7' ],
2829 silly audit   doctrine: [ '3.0.0', '2.1.0' ],
2829 silly audit   'escape-string-regexp': [ '4.0.0' ],
2829 silly audit   'eslint-scope': [ '7.2.2' ],
2829 silly audit   'eslint-visitor-keys': [ '3.4.3', '5.0.1' ],
2829 silly audit   espree: [ '9.6.1' ],
2829 silly audit   esquery: [ '1.7.0' ],
2829 silly audit   esutils: [ '2.0.3' ],
2829 silly audit   'fast-deep-equal': [ '3.1.3' ],
2829 silly audit   'file-entry-cache': [ '6.0.1' ],
2829 silly audit   'find-up': [ '5.0.0' ],
2829 silly audit   'glob-parent': [ '6.0.2', '5.1.2' ],
2829 silly audit   globals: [ '13.24.0' ],
2829 silly audit   graphemer: [ '1.4.0' ],
2829 silly audit   ignore: [ '5.3.2', '7.0.5' ],
2829 silly audit   imurmurhash: [ '0.1.4' ],
2829 silly audit   'is-glob': [ '4.0.3' ],
2829 silly audit   'is-path-inside': [ '3.0.3' ],
2829 silly audit   'js-yaml': [ '4.1.1' ],
2829 silly audit   'json-stable-stringify-without-jsonify': [ '1.0.1' ],
2829 silly audit   levn: [ '0.4.1' ],
2829 silly audit   'lodash.merge': [ '4.6.2' ],
2829 silly audit   minimatch: [ '3.1.5', '10.2.5', '9.0.9' ],
2829 silly audit   'natural-compare': [ '1.4.0' ],
2829 silly audit   optionator: [ '0.9.4' ],
2829 silly audit   'strip-ansi': [ '6.0.1', '7.2.0' ],
2829 silly audit   'text-table': [ '0.2.0' ],
2829 silly audit   'import-fresh': [ '3.3.1' ],
2829 silly audit   'strip-json-comments': [ '3.1.1' ],
2829 silly audit   '@humanwhocodes/object-schema': [ '2.0.3' ],
2829 silly audit   '@nodelib/fs.scandir': [ '2.1.5' ],
2829 silly audit   fastq: [ '1.20.1' ],
2829 silly audit   '@nodelib/fs.stat': [ '2.0.5' ],
2829 silly audit   'run-parallel': [ '1.2.0' ],
2829 silly audit   'fast-json-stable-stringify': [ '2.1.0' ],
2829 silly audit   'json-schema-traverse': [ '0.4.1' ],
2829 silly audit   'uri-js': [ '4.4.1' ],
2829 silly audit   'ansi-styles': [ '4.3.0', '6.2.3' ],
2829 silly audit   'supports-color': [ '7.2.0' ],
2829 silly audit   'color-convert': [ '2.0.1' ],
2829 silly audit   'color-name': [ '1.1.4' ],
2829 silly audit   'path-key': [ '3.1.1' ],
2829 silly audit   'shebang-command': [ '2.0.0' ],
2829 silly audit   which: [ '2.0.2' ],
2829 silly audit   ms: [ '2.1.3' ],
2829 silly audit   '@next/eslint-plugin-next': [ '14.2.35' ],
2829 silly audit   '@rushstack/eslint-patch': [ '1.16.1' ],
2829 silly audit   '@typescript-eslint/eslint-plugin': [ '8.59.2' ],
2829 silly audit   '@typescript-eslint/parser': [ '8.59.2' ],
2829 silly audit   'eslint-import-resolver-node': [ '0.3.10' ],
2829 silly audit   'eslint-import-resolver-typescript': [ '3.10.1' ],
2829 silly audit   'eslint-plugin-import': [ '2.32.0' ],
2829 silly audit   'eslint-plugin-jsx-a11y': [ '6.10.2' ],
2829 silly audit   'eslint-plugin-react': [ '7.37.5' ],
2829 silly audit   'eslint-plugin-react-hooks': [ '5.0.0-canary-7118f5dd7-20230705' ],
2829 silly audit   glob: [ '10.3.10', '7.2.3' ],
2829 silly audit   '@typescript-eslint/scope-manager': [ '8.59.2' ],
2829 silly audit   '@typescript-eslint/type-utils': [ '8.59.2' ],
2829 silly audit   '@typescript-eslint/utils': [ '8.59.2' ],
2829 silly audit   '@typescript-eslint/visitor-keys': [ '8.59.2' ],
2829 silly audit   'ts-api-utils': [ '2.5.0' ],
2829 silly audit   '@typescript-eslint/types': [ '8.59.2' ],
2829 silly audit   '@typescript-eslint/typescript-estree': [ '8.59.2' ],
2829 silly audit   '@typescript-eslint/project-service': [ '8.59.2' ],
2829 silly audit   '@typescript-eslint/tsconfig-utils': [ '8.59.2' ],
2829 silly audit   semver: [ '7.8.0', '6.3.1' ],
2829 silly audit   tinyglobby: [ '0.2.16' ],
2829 silly audit   'is-core-module': [ '2.16.2' ],
2829 silly audit   resolve: [ '2.0.0-next.6', '1.22.12' ],
2829 silly audit   '@nolyfill/is-core-module': [ '1.0.39' ],
2829 silly audit   'get-tsconfig': [ '4.14.0' ],
2829 silly audit   'is-bun-module': [ '2.0.0' ],
2829 silly audit   'stable-hash': [ '0.0.5' ],
2829 silly audit   'unrs-resolver': [ '1.11.1' ],
2829 silly audit   '@rtsao/scc': [ '1.1.0' ],
2829 silly audit   'array-includes': [ '3.1.9' ],
2829 silly audit   'array.prototype.findlastindex': [ '1.2.6' ],
2829 silly audit   'array.prototype.flat': [ '1.3.3' ],
2829 silly audit   'array.prototype.flatmap': [ '1.3.3' ],
2829 silly audit   'eslint-module-utils': [ '2.12.1' ],
2829 silly audit   hasown: [ '2.0.3' ],
2829 silly audit   'object.fromentries': [ '2.0.8' ],
2829 silly audit   'object.groupby': [ '1.0.3' ],
2829 silly audit   'object.values': [ '1.2.1' ],
2829 silly audit   'string.prototype.trimend': [ '1.0.9' ],
2829 silly audit   'tsconfig-paths': [ '3.15.0' ],
2829 silly audit   'call-bind': [ '1.0.9' ],
2829 silly audit   'call-bound': [ '1.0.4' ],
2829 silly audit   'define-properties': [ '1.2.1' ],
2829 silly audit   'es-abstract': [ '1.24.2' ],
2829 silly audit   'es-object-atoms': [ '1.1.1' ],
2829 silly audit   'get-intrinsic': [ '1.3.0' ],
2829 silly audit   'is-string': [ '1.1.1' ],
2829 silly audit   'math-intrinsics': [ '1.1.0' ],
2829 silly audit   'es-errors': [ '1.3.0' ],
2829 silly audit   'es-shim-unscopables': [ '1.1.0' ],
2829 silly audit   'call-bind-apply-helpers': [ '1.0.2' ],
2829 silly audit   'es-define-property': [ '1.0.1' ],
2829 silly audit   'set-function-length': [ '1.2.2' ],
2829 silly audit   'function-bind': [ '1.1.2' ],
2829 silly audit   'define-data-property': [ '1.1.4' ],
2829 silly audit   'has-property-descriptors': [ '1.0.2' ],
2829 silly audit   'object-keys': [ '1.1.1' ],
2829 silly audit   gopd: [ '1.2.0' ],
2829 silly audit   'array-buffer-byte-length': [ '1.0.2' ],
2829 silly audit   'arraybuffer.prototype.slice': [ '1.0.4' ],
2829 silly audit   'available-typed-arrays': [ '1.0.7' ],
2829 silly audit   'data-view-buffer': [ '1.0.2' ],
2829 silly audit   'data-view-byte-length': [ '1.0.2' ],
2829 silly audit   'data-view-byte-offset': [ '1.0.1' ],
2829 silly audit   'es-set-tostringtag': [ '2.1.0' ],
2829 silly audit   'es-to-primitive': [ '1.3.0' ],
2829 silly audit   'function.prototype.name': [ '1.1.8' ],
2829 silly audit   'get-proto': [ '1.0.1' ],
2829 silly audit   'get-symbol-description': [ '1.1.0' ],
2829 silly audit   globalthis: [ '1.0.4' ],
2829 silly audit   'has-proto': [ '1.2.0' ],
2829 silly audit   'has-symbols': [ '1.1.0' ],
2829 silly audit   'internal-slot': [ '1.1.0' ],
2829 silly audit   'is-array-buffer': [ '3.0.5' ],
2829 silly audit   'is-callable': [ '1.2.7' ],
2829 silly audit   'is-data-view': [ '1.0.2' ],
2829 silly audit   'is-negative-zero': [ '2.0.3' ],
2829 silly audit   'is-regex': [ '1.2.1' ],
2829 silly audit   'is-set': [ '2.0.3' ],
2829 silly audit   'is-shared-array-buffer': [ '1.0.4' ],
2829 silly audit   'is-typed-array': [ '1.1.15' ],
2829 silly audit   'is-weakref': [ '1.1.1' ],
2829 silly audit   'object-inspect': [ '1.13.4' ],
2829 silly audit   'object.assign': [ '4.1.7' ],
2829 silly audit   'own-keys': [ '1.0.1' ],
2829 silly audit   'regexp.prototype.flags': [ '1.5.4' ],
2829 silly audit   'safe-array-concat': [ '1.1.4' ],
2829 silly audit   'safe-push-apply': [ '1.0.0' ],
2829 silly audit   'safe-regex-test': [ '1.1.0' ],
2829 silly audit   'set-proto': [ '1.0.0' ],
2829 silly audit   'stop-iteration-iterator': [ '1.1.0' ],
2829 silly audit   'string.prototype.trim': [ '1.2.10' ],
2829 silly audit   'string.prototype.trimstart': [ '1.0.8' ],
2829 silly audit   'typed-array-buffer': [ '1.0.3' ],
2829 silly audit   'typed-array-byte-length': [ '1.0.3' ],
2829 silly audit   'typed-array-byte-offset': [ '1.0.4' ],
2829 silly audit   'typed-array-length': [ '1.0.7' ],
2829 silly audit   'unbox-primitive': [ '1.1.0' ],
2829 silly audit   'which-typed-array': [ '1.1.20' ],
2829 silly audit   'possible-typed-array-names': [ '1.1.0' ],
2829 silly audit   'has-tostringtag': [ '1.0.2' ],
2829 silly audit   'is-date-object': [ '1.1.0' ],
2829 silly audit   'is-symbol': [ '1.1.1' ],
2829 silly audit   'aria-query': [ '5.3.2' ],
2829 silly audit   'ast-types-flow': [ '0.0.8' ],
2829 silly audit   'axe-core': [ '4.11.4' ],
2829 silly audit   'axobject-query': [ '4.1.0' ],
2829 silly audit   'damerau-levenshtein': [ '1.0.8' ],
2829 silly audit   'emoji-regex': [ '9.2.2', '8.0.0' ],
2829 silly audit   'jsx-ast-utils': [ '3.3.5' ],
2829 silly audit   'language-tags': [ '1.0.9' ],
2829 silly audit   'string.prototype.includes': [ '2.0.1' ],
2829 silly audit   'array.prototype.findlast': [ '1.2.5' ],
2829 silly audit   'array.prototype.tosorted': [ '1.1.4' ],
2829 silly audit   'es-iterator-helpers': [ '1.3.2' ],
2829 silly audit   estraverse: [ '5.3.0' ],
2829 silly audit   'object.entries': [ '1.1.9' ],
2829 silly audit   'prop-types': [ '15.8.1' ],
2829 silly audit   'string.prototype.matchall': [ '4.0.12' ],
2829 silly audit   'string.prototype.repeat': [ '1.0.0' ],
2829 silly audit   'iterator.prototype': [ '1.1.5' ],
2829 silly audit   esrecurse: [ '4.3.0' ],
2829 silly audit   acorn: [ '8.16.0' ],
2829 silly audit   'acorn-jsx': [ '5.3.2' ],
2829 silly audit   reusify: [ '1.1.0' ],
2829 silly audit   'flat-cache': [ '3.2.0' ],
2829 silly audit   'locate-path': [ '6.0.0' ],
2829 silly audit   'path-exists': [ '4.0.0' ],
2829 silly audit   flatted: [ '3.4.2' ],
2829 silly audit   keyv: [ '4.5.4' ],
2829 silly audit   rimraf: [ '3.0.2' ],
2829 silly audit   'functions-have-names': [ '1.2.3' ],
2829 silly audit   'dunder-proto': [ '1.0.1' ],
2829 silly audit   'resolve-pkg-maps': [ '1.0.0' ],
2829 silly audit   'foreground-child': [ '3.3.1' ],
2829 silly audit   jackspeak: [ '2.3.6' ],
2829 silly audit   minipass: [ '7.1.3' ],
2829 silly audit   'path-scurry': [ '1.11.1' ],
2829 silly audit   'signal-exit': [ '4.1.0' ],
2829 silly audit   'type-fest': [ '0.20.2' ],
2829 silly audit   'parent-module': [ '1.0.1' ],
2829 silly audit   'resolve-from': [ '4.0.0' ],
2829 silly audit   'side-channel': [ '1.1.0' ],
2829 silly audit   'is-extglob': [ '2.1.1' ],
2829 silly audit   'set-function-name': [ '2.0.2' ],
2829 silly audit   '@isaacs/cliui': [ '8.0.2' ],
2829 silly audit   '@pkgjs/parseargs': [ '0.11.0' ],
2829 silly audit   'string-width': [ '5.1.2', '4.2.3' ],
2829 silly audit   'wrap-ansi': [ '8.1.0', '7.0.0' ],
2829 silly audit   argparse: [ '2.0.1' ],
2829 silly audit   commander: [ '8.3.0', '4.1.1' ],
2829 silly audit   'json-buffer': [ '3.0.1' ],
2829 silly audit   'language-subtag-registry': [ '0.3.23' ],
2829 silly audit   'prelude-ls': [ '1.2.1' ],
2829 silly audit   'type-check': [ '0.4.0' ],
2829 silly audit   'p-locate': [ '5.0.0' ],
2829 silly audit   'brace-expansion': [ '1.1.14', '5.0.6', '2.1.0' ],
2829 silly audit   'balanced-match': [ '1.0.2', '4.0.4' ],
2829 silly audit   'concat-map': [ '0.0.1' ],
2829 silly audit   '@next/env': [ '14.2.35' ],
2829 silly audit   '@next/swc-darwin-arm64': [ '14.2.33' ],
2829 silly audit   '@next/swc-darwin-x64': [ '14.2.33' ],
2829 silly audit   '@next/swc-linux-arm64-gnu': [ '14.2.33' ],
2829 silly audit   '@next/swc-linux-arm64-musl': [ '14.2.33' ],
2829 silly audit   '@next/swc-linux-x64-gnu': [ '14.2.33' ],
2829 silly audit   '@next/swc-linux-x64-musl': [ '14.2.33' ],
2829 silly audit   '@next/swc-win32-arm64-msvc': [ '14.2.33' ],
2829 silly audit   '@next/swc-win32-ia32-msvc': [ '14.2.33' ],
2829 silly audit   '@next/swc-win32-x64-msvc': [ '14.2.33' ],
2829 silly audit   '@swc/helpers': [ '0.5.5' ],
2829 silly audit   busboy: [ '1.6.0' ],
2829 silly audit   'graceful-fs': [ '4.2.11' ],
2829 silly audit   'styled-jsx': [ '5.1.1' ],
2829 silly audit   '@swc/counter': [ '0.1.3' ],
2829 silly audit   tslib: [ '2.8.1' ],
2829 silly audit   streamsearch: [ '1.1.0' ],
2829 silly audit   'deep-is': [ '0.1.4' ],
2829 silly audit   'fast-levenshtein': [ '2.0.6' ],
2829 silly audit   'word-wrap': [ '1.2.5' ],
2829 silly audit   'p-limit': [ '3.1.0' ],
2829 silly audit   'yocto-queue': [ '0.1.0' ],
2829 silly audit   callsites: [ '3.1.0' ],
2829 silly audit   'lru-cache': [ '10.4.3' ],
2829 silly audit   nanoid: [ '3.3.12' ],
2829 silly audit   'source-map-js': [ '1.2.1' ],
2829 silly audit   'loose-envify': [ '1.4.0' ],
2829 silly audit   'object-assign': [ '4.1.1' ],
2829 silly audit   'react-is': [ '16.13.1' ],
2829 silly audit   'js-tokens': [ '4.0.0' ],
2829 silly audit   scheduler: [ '0.23.2' ],
2829 silly audit   '@types/hast': [ '3.0.4' ],
2829 silly audit   'hast-util-to-text': [ '4.0.2' ],
2829 silly audit   lowlight: [ '3.3.0' ],
2829 silly audit   'unist-util-visit': [ '5.1.0' ],
2829 silly audit   vfile: [ '6.0.3' ],
2829 silly audit   '@types/unist': [ '3.0.3' ],
2829 silly audit   'hast-util-is-element': [ '3.0.0' ],
2829 silly audit   'unist-util-find-after': [ '5.0.0' ],
2829 silly audit   devlop: [ '1.1.0' ],
2829 silly audit   dequal: [ '2.0.3' ],
2829 silly audit   '@types/katex': [ '0.16.8' ],
2829 silly audit   'hast-util-from-html-isomorphic': [ '2.0.0' ],
2829 silly audit   'unist-util-visit-parents': [ '6.0.2' ],
2829 silly audit   'hast-util-from-dom': [ '5.0.1' ],
2829 silly audit   'hast-util-from-html': [ '2.0.3' ],
2829 silly audit   'unist-util-remove-position': [ '5.0.0' ],
2829 silly audit   hastscript: [ '9.0.1' ],
2829 silly audit   'web-namespaces': [ '2.0.1' ],
2829 silly audit   'hast-util-from-parse5': [ '8.0.3' ],
2829 silly audit   parse5: [ '7.3.0' ],
2829 silly audit   'vfile-message': [ '4.0.3' ],
2829 silly audit   'property-information': [ '7.1.0' ],
2829 silly audit   'vfile-location': [ '5.0.3' ],
2829 silly audit   'comma-separated-tokens': [ '2.0.3' ],
2829 silly audit   'hast-util-parse-selector': [ '4.0.0' ],
2829 silly audit   'space-separated-tokens': [ '2.0.2' ],
2829 silly audit   entities: [ '6.0.1' ],
2829 silly audit   '@types/mdast': [ '4.0.4' ],
2829 silly audit   'mdast-util-math': [ '3.0.0' ],
2829 silly audit   'micromark-extension-math': [ '3.1.0' ],
2829 silly audit   unified: [ '11.0.5' ],
2829 silly audit   'longest-streak': [ '3.1.0' ],
2829 silly audit   'mdast-util-from-markdown': [ '2.0.3' ],
2829 silly audit   'mdast-util-to-markdown': [ '2.1.2' ],
2829 silly audit   'decode-named-character-reference': [ '1.3.0' ],
2829 silly audit   'mdast-util-to-string': [ '4.0.0' ],
2829 silly audit   micromark: [ '4.0.2' ],
2829 silly audit   'micromark-util-decode-numeric-character-reference': [ '2.0.2' ],
2829 silly audit   'micromark-util-decode-string': [ '2.0.1' ],
2829 silly audit   'micromark-util-normalize-identifier': [ '2.0.1' ],
2829 silly audit   'micromark-util-symbol': [ '2.0.1' ],
2829 silly audit   'micromark-util-types': [ '2.0.2' ],
2829 silly audit   'unist-util-stringify-position': [ '4.0.0' ],
2829 silly audit   'character-entities': [ '2.0.2' ],
2829 silly audit   'mdast-util-phrasing': [ '4.1.0' ],
2829 silly audit   'micromark-util-classify-character': [ '2.0.1' ],
2829 silly audit   zwitch: [ '2.0.4' ],
2829 silly audit   'unist-util-is': [ '6.0.1' ],
2829 silly audit   '@types/debug': [ '4.1.13' ],
2829 silly audit   'micromark-core-commonmark': [ '2.0.3' ],
2829 silly audit   'micromark-factory-space': [ '2.0.1' ],
2829 silly audit   'micromark-util-character': [ '2.1.1' ],
2829 silly audit   'micromark-util-chunked': [ '2.0.1' ],
2829 silly audit   'micromark-util-combine-extensions': [ '2.0.1' ],
2829 silly audit   'micromark-util-encode': [ '2.0.1' ],
2829 silly audit   'micromark-util-resolve-all': [ '2.0.1' ],
2829 silly audit   'micromark-util-sanitize-uri': [ '2.0.1' ],
2829 silly audit   'micromark-util-subtokenize': [ '2.1.0' ],
2829 silly audit   '@types/ms': [ '2.1.0' ],
2829 silly audit   'micromark-factory-destination': [ '2.0.1' ],
2829 silly audit   'micromark-factory-label': [ '2.0.1' ],
2829 silly audit   'micromark-factory-title': [ '2.0.1' ],
2829 silly audit   'micromark-factory-whitespace': [ '2.0.1' ],
2829 silly audit   'micromark-util-html-tag-name': [ '2.0.1' ],
2829 silly audit   'node-exports-info': [ '1.6.0' ],
2829 silly audit   'path-parse': [ '1.0.7' ],
2829 silly audit   'supports-preserve-symlinks-flag': [ '1.0.0' ],
2829 silly audit   'queue-microtask': [ '1.2.3' ],
2829 silly audit   isarray: [ '2.0.5' ],
2829 silly audit   'shebang-regex': [ '3.0.0' ],
2829 silly audit   'side-channel-list': [ '1.0.1' ],
2829 silly audit   'side-channel-map': [ '1.0.1' ],
2829 silly audit   'side-channel-weakmap': [ '1.0.2' ],
2829 silly audit   eastasianwidth: [ '0.2.0' ],
2829 silly audit   'is-fullwidth-code-point': [ '3.0.0' ],
2829 silly audit   'ansi-regex': [ '5.0.1', '6.2.2' ],
2829 silly audit   'client-only': [ '0.0.1' ],
2829 silly audit   'has-flag': [ '4.0.0' ],
2829 silly audit   '@alloc/quick-lru': [ '5.2.0' ],
2829 silly audit   arg: [ '5.0.2' ],
2829 silly audit   chokidar: [ '3.6.0' ],
2829 silly audit   didyoumean: [ '1.2.2' ],
2829 silly audit   dlv: [ '1.1.3' ],
2829 silly audit   'fast-glob': [ '3.3.3' ],
2829 silly audit   jiti: [ '1.21.7' ],
2829 silly audit   lilconfig: [ '3.1.3' ],
2829 silly audit   micromatch: [ '4.0.8' ],
2829 silly audit   'normalize-path': [ '3.0.0' ],
2829 silly audit   'object-hash': [ '3.0.0' ],
2829 silly audit   'postcss-import': [ '15.1.0' ],
2829 silly audit   'postcss-js': [ '4.1.0' ],
2829 silly audit   'postcss-load-config': [ '6.0.1' ],
2829 silly audit   'postcss-nested': [ '6.2.0' ],
2829 silly audit   'postcss-selector-parser': [ '6.1.2' ],
2829 silly audit   sucrase: [ '3.35.1' ],
2829 silly audit   anymatch: [ '3.1.3' ],
2829 silly audit   braces: [ '3.0.3' ],
2829 silly audit   fsevents: [ '2.3.3' ],
2829 silly audit   'is-binary-path': [ '2.1.0' ],
2829 silly audit   readdirp: [ '3.6.0' ],
2829 silly audit   picomatch: [ '2.3.2', '4.0.4' ],
2829 silly audit   'fill-range': [ '7.1.1' ],
2829 silly audit   merge2: [ '1.4.1' ],
2829 silly audit   'to-regex-range': [ '5.0.1' ],
2829 silly audit   'binary-extensions': [ '2.3.0' ],
2829 silly audit   'read-cache': [ '1.0.0' ],
2829 silly audit   'camelcase-css': [ '2.0.1' ],
2829 silly audit   cssesc: [ '3.0.0' ],
2829 silly audit   'util-deprecate': [ '1.0.2' ],
2829 silly audit   pify: [ '2.3.0' ],
2829 silly audit   '@jridgewell/gen-mapping': [ '0.3.13' ],
2829 silly audit   'lines-and-columns': [ '1.2.4' ],
2829 silly audit   mz: [ '2.7.0' ],
2829 silly audit   pirates: [ '4.0.7' ],
2829 silly audit   'ts-interface-checker': [ '0.1.13' ],
2829 silly audit   '@jridgewell/sourcemap-codec': [ '1.5.5' ],
2829 silly audit   '@jridgewell/trace-mapping': [ '0.3.31' ],
2829 silly audit   '@jridgewell/resolve-uri': [ '3.1.2' ],
2829 silly audit   'any-promise': [ '1.3.0' ],
2829 silly audit   'thenify-all': [ '1.6.0' ],
2829 silly audit   thenify: [ '3.3.1' ],
2829 silly audit   fdir: [ '6.5.0' ],
2829 silly audit   'is-number': [ '7.0.0' ],
2829 silly audit   '@types/json5': [ '0.0.29' ],
2829 silly audit   json5: [ '1.0.2' ],
2829 silly audit   minimist: [ '1.2.8' ],
2829 silly audit   'strip-bom': [ '3.0.0' ],
2829 silly audit   'for-each': [ '0.3.5' ],
2829 silly audit   'reflect.getprototypeof': [ '1.0.10' ],
2829 silly audit   'which-builtin-type': [ '1.2.1' ],
2829 silly audit   'has-bigints': [ '1.1.0' ],
2829 silly audit   'which-boxed-primitive': [ '1.1.1' ],
2829 silly audit   bail: [ '2.0.2' ],
2829 silly audit   extend: [ '3.0.2' ],
2829 silly audit   'is-plain-obj': [ '4.1.0' ],
2829 silly audit   trough: [ '2.2.0' ],
2829 silly audit   '@unrs/resolver-binding-android-arm-eabi': [ '1.11.1' ],
2829 silly audit   '@unrs/resolver-binding-android-arm64': [ '1.11.1' ],
2829 silly audit   '@unrs/resolver-binding-darwin-arm64': [ '1.11.1' ],
2829 silly audit   '@unrs/resolver-binding-darwin-x64': [ '1.11.1' ],
2829 silly audit   '@unrs/resolver-binding-freebsd-x64': [ '1.11.1' ],
2829 silly audit   '@unrs/resolver-binding-linux-arm-gnueabihf': [ '1.11.1' ],
2829 silly audit   '@unrs/resolver-binding-linux-arm-musleabihf': [ '1.11.1' ],
2829 silly audit   '@unrs/resolver-binding-linux-arm64-gnu': [ '1.11.1' ],
2829 silly audit   '@unrs/resolver-binding-linux-arm64-musl': [ '1.11.1' ],
2829 silly audit   '@unrs/resolver-binding-linux-ppc64-gnu': [ '1.11.1' ],
2829 silly audit   '@unrs/resolver-binding-linux-riscv64-gnu': [ '1.11.1' ],
2829 silly audit   '@unrs/resolver-binding-linux-riscv64-musl': [ '1.11.1' ],
2829 silly audit   '@unrs/resolver-binding-linux-s390x-gnu': [ '1.11.1' ],
2829 silly audit   '@unrs/resolver-binding-linux-x64-gnu': [ '1.11.1' ],
2829 silly audit   '@unrs/resolver-binding-linux-x64-musl': [ '1.11.1' ],
2829 silly audit   '@unrs/resolver-binding-wasm32-wasi': [ '1.11.1' ],
2829 silly audit   '@unrs/resolver-binding-win32-arm64-msvc': [ '1.11.1' ],
2829 silly audit   '@unrs/resolver-binding-win32-ia32-msvc': [ '1.11.1' ],
2829 silly audit   '@unrs/resolver-binding-win32-x64-msvc': [ '1.11.1' ],
2829 silly audit   'napi-postinstall': [ '0.3.4' ],
2829 silly audit   '@napi-rs/wasm-runtime': [ '0.2.12' ],
2829 silly audit   '@emnapi/core': [ '1.10.0' ],
2829 silly audit   '@emnapi/runtime': [ '1.10.0' ],
2829 silly audit   '@tybys/wasm-util': [ '0.10.2' ],
2829 silly audit   '@emnapi/wasi-threads': [ '1.2.1' ],
2829 silly audit   escalade: [ '3.2.0' ],
2829 silly audit   punycode: [ '2.3.1' ],
2829 silly audit   isexe: [ '2.0.0' ],
2829 silly audit   'is-bigint': [ '1.1.0' ],
2829 silly audit   'is-boolean-object': [ '1.2.2' ],
2829 silly audit   'is-number-object': [ '1.1.1' ],
2829 silly audit   'is-async-function': [ '2.1.1' ],
2829 silly audit   'is-finalizationregistry': [ '1.1.1' ],
2829 silly audit   'is-generator-function': [ '1.1.2' ],
2829 silly audit   'which-collection': [ '1.0.2' ],
2829 silly audit   'async-function': [ '1.0.0' ],
2829 silly audit   'generator-function': [ '2.0.1' ],
2829 silly audit   'is-map': [ '2.0.3' ],
2829 silly audit   'is-weakmap': [ '2.0.2' ],
2829 silly audit   'is-weakset': [ '2.0.4' ],
2829 silly audit   'fs.realpath': [ '1.0.0' ],
2829 silly audit   inflight: [ '1.0.6' ],
2829 silly audit   inherits: [ '2.0.4' ],
2829 silly audit   once: [ '1.4.0' ],
2829 silly audit   'path-is-absolute': [ '1.0.1' ],
2829 silly audit   wrappy: [ '1.0.2' ]
2829 silly audit }
2830 http cache once@https://registry.npmjs.org/once/-/once-1.4.0.tgz 0ms (cache hit)
2831 http cache wrappy@https://registry.npmjs.org/wrappy/-/wrappy-1.0.2.tgz 0ms (cache hit)
2832 http cache path-is-absolute@https://registry.npmjs.org/path-is-absolute/-/path-is-absolute-1.0.1.tgz 0ms (cache hit)
2833 http cache is-weakset@https://registry.npmjs.org/is-weakset/-/is-weakset-2.0.4.tgz 0ms (cache hit)
2834 http cache inherits@https://registry.npmjs.org/inherits/-/inherits-2.0.4.tgz 0ms (cache hit)
2835 http cache is-weakmap@https://registry.npmjs.org/is-weakmap/-/is-weakmap-2.0.2.tgz 0ms (cache hit)
2836 http cache inflight@https://registry.npmjs.org/inflight/-/inflight-1.0.6.tgz 0ms (cache hit)
2837 http cache which-collection@https://registry.npmjs.org/which-collection/-/which-collection-1.0.2.tgz 0ms (cache hit)
2838 http cache async-function@https://registry.npmjs.org/async-function/-/async-function-1.0.0.tgz 0ms (cache hit)
2839 http cache fs.realpath@https://registry.npmjs.org/fs.realpath/-/fs.realpath-1.0.0.tgz 0ms (cache hit)
2840 http cache generator-function@https://registry.npmjs.org/generator-function/-/generator-function-2.0.1.tgz 0ms (cache hit)
2841 http cache is-async-function@https://registry.npmjs.org/is-async-function/-/is-async-function-2.1.1.tgz 0ms (cache hit)
2842 http cache is-finalizationregistry@https://registry.npmjs.org/is-finalizationregistry/-/is-finalizationregistry-1.1.1.tgz 0ms (cache hit)
2843 http cache is-map@https://registry.npmjs.org/is-map/-/is-map-2.0.3.tgz 0ms (cache hit)
2844 http cache is-generator-function@https://registry.npmjs.org/is-generator-function/-/is-generator-function-1.1.2.tgz 0ms (cache hit)
2845 http cache isexe@https://registry.npmjs.org/isexe/-/isexe-2.0.0.tgz 0ms (cache hit)
2846 http cache is-bigint@https://registry.npmjs.org/is-bigint/-/is-bigint-1.1.0.tgz 0ms (cache hit)
2847 http cache punycode@https://registry.npmjs.org/punycode/-/punycode-2.3.1.tgz 0ms (cache hit)
2848 http cache trough@https://registry.npmjs.org/trough/-/trough-2.2.0.tgz 0ms (cache hit)
2849 http cache napi-postinstall@https://registry.npmjs.org/napi-postinstall/-/napi-postinstall-0.3.4.tgz 0ms (cache hit)
2850 http cache is-number-object@https://registry.npmjs.org/is-number-object/-/is-number-object-1.1.1.tgz 0ms (cache hit)
2851 http cache @unrs/resolver-binding-darwin-arm64@https://registry.npmjs.org/@unrs/resolver-binding-darwin-arm64/-/resolver-binding-darwin-arm64-1.11.1.tgz 0ms (cache hit)
2852 http cache is-boolean-object@https://registry.npmjs.org/is-boolean-object/-/is-boolean-object-1.2.2.tgz 0ms (cache hit)
2853 http cache escalade@https://registry.npmjs.org/escalade/-/escalade-3.2.0.tgz 0ms (cache hit)
2854 http cache extend@https://registry.npmjs.org/extend/-/extend-3.0.2.tgz 0ms (cache hit)
2855 http cache bail@https://registry.npmjs.org/bail/-/bail-2.0.2.tgz 0ms (cache hit)
2856 http cache reflect.getprototypeof@https://registry.npmjs.org/reflect.getprototypeof/-/reflect.getprototypeof-1.0.10.tgz 0ms (cache hit)
2857 http cache has-bigints@https://registry.npmjs.org/has-bigints/-/has-bigints-1.1.0.tgz 0ms (cache hit)
2858 http cache which-boxed-primitive@https://registry.npmjs.org/which-boxed-primitive/-/which-boxed-primitive-1.1.1.tgz 0ms (cache hit)
2859 http cache for-each@https://registry.npmjs.org/for-each/-/for-each-0.3.5.tgz 0ms (cache hit)
2860 http cache which-builtin-type@https://registry.npmjs.org/which-builtin-type/-/which-builtin-type-1.2.1.tgz 0ms (cache hit)
2861 http cache json5@https://registry.npmjs.org/json5/-/json5-1.0.2.tgz 0ms (cache hit)
2862 http cache is-plain-obj@https://registry.npmjs.org/is-plain-obj/-/is-plain-obj-4.1.0.tgz 0ms (cache hit)
2863 http cache @types/json5@https://registry.npmjs.org/@types/json5/-/json5-0.0.29.tgz 0ms (cache hit)
2864 http cache strip-bom@https://registry.npmjs.org/strip-bom/-/strip-bom-3.0.0.tgz 0ms (cache hit)
2865 http cache is-number@https://registry.npmjs.org/is-number/-/is-number-7.0.0.tgz 0ms (cache hit)
2866 http cache minimist@https://registry.npmjs.org/minimist/-/minimist-1.2.8.tgz 0ms (cache hit)
2867 http cache thenify@https://registry.npmjs.org/thenify/-/thenify-3.3.1.tgz 0ms (cache hit)
2868 http cache any-promise@https://registry.npmjs.org/any-promise/-/any-promise-1.3.0.tgz 0ms (cache hit)
2869 http cache thenify-all@https://registry.npmjs.org/thenify-all/-/thenify-all-1.6.0.tgz 0ms (cache hit)
2870 http cache @jridgewell/sourcemap-codec@https://registry.npmjs.org/@jridgewell/sourcemap-codec/-/sourcemap-codec-1.5.5.tgz 0ms (cache hit)
2871 http cache mz@https://registry.npmjs.org/mz/-/mz-2.7.0.tgz 0ms (cache hit)
2872 http cache @jridgewell/trace-mapping@https://registry.npmjs.org/@jridgewell/trace-mapping/-/trace-mapping-0.3.31.tgz 0ms (cache hit)
2873 http cache @jridgewell/resolve-uri@https://registry.npmjs.org/@jridgewell/resolve-uri/-/resolve-uri-3.1.2.tgz 0ms (cache hit)
2874 http cache pirates@https://registry.npmjs.org/pirates/-/pirates-4.0.7.tgz 0ms (cache hit)
2875 http cache ts-interface-checker@https://registry.npmjs.org/ts-interface-checker/-/ts-interface-checker-0.1.13.tgz 0ms (cache hit)
2876 http cache @jridgewell/gen-mapping@https://registry.npmjs.org/@jridgewell/gen-mapping/-/gen-mapping-0.3.13.tgz 0ms (cache hit)
2877 http cache camelcase-css@https://registry.npmjs.org/camelcase-css/-/camelcase-css-2.0.1.tgz 0ms (cache hit)
2878 http cache lines-and-columns@https://registry.npmjs.org/lines-and-columns/-/lines-and-columns-1.2.4.tgz 0ms (cache hit)
2879 http cache util-deprecate@https://registry.npmjs.org/util-deprecate/-/util-deprecate-1.0.2.tgz 0ms (cache hit)
2880 http cache read-cache@https://registry.npmjs.org/read-cache/-/read-cache-1.0.0.tgz 0ms (cache hit)
2881 http cache binary-extensions@https://registry.npmjs.org/binary-extensions/-/binary-extensions-2.3.0.tgz 0ms (cache hit)
2882 http cache cssesc@https://registry.npmjs.org/cssesc/-/cssesc-3.0.0.tgz 0ms (cache hit)
2883 http cache pify@https://registry.npmjs.org/pify/-/pify-2.3.0.tgz 0ms (cache hit)
2884 http cache fill-range@https://registry.npmjs.org/fill-range/-/fill-range-7.1.1.tgz 0ms (cache hit)
2885 http cache to-regex-range@https://registry.npmjs.org/to-regex-range/-/to-regex-range-5.0.1.tgz 0ms (cache hit)
2886 http cache is-binary-path@https://registry.npmjs.org/is-binary-path/-/is-binary-path-2.1.0.tgz 0ms (cache hit)
2887 http cache anymatch@https://registry.npmjs.org/anymatch/-/anymatch-3.1.3.tgz 0ms (cache hit)
2888 http cache fsevents@https://registry.npmjs.org/fsevents/-/fsevents-2.3.3.tgz 0ms (cache hit)
2889 http cache picomatch@https://registry.npmjs.org/picomatch/-/picomatch-2.3.2.tgz 0ms (cache hit)
2890 http cache readdirp@https://registry.npmjs.org/readdirp/-/readdirp-3.6.0.tgz 0ms (cache hit)
2891 http cache sucrase@https://registry.npmjs.org/sucrase/-/sucrase-3.35.1.tgz 0ms (cache hit)
2892 http cache postcss-import@https://registry.npmjs.org/postcss-import/-/postcss-import-15.1.0.tgz 0ms (cache hit)
2893 http cache merge2@https://registry.npmjs.org/merge2/-/merge2-1.4.1.tgz 0ms (cache hit)
2894 http cache postcss-nested@https://registry.npmjs.org/postcss-nested/-/postcss-nested-6.2.0.tgz 0ms (cache hit)
2895 http cache postcss-load-config@https://registry.npmjs.org/postcss-load-config/-/postcss-load-config-6.0.1.tgz 0ms (cache hit)
2896 http cache postcss-selector-parser@https://registry.npmjs.org/postcss-selector-parser/-/postcss-selector-parser-6.1.2.tgz 0ms (cache hit)
2897 http cache postcss-js@https://registry.npmjs.org/postcss-js/-/postcss-js-4.1.0.tgz 0ms (cache hit)
2898 http cache lilconfig@https://registry.npmjs.org/lilconfig/-/lilconfig-3.1.3.tgz 0ms (cache hit)
2899 http cache object-hash@https://registry.npmjs.org/object-hash/-/object-hash-3.0.0.tgz 0ms (cache hit)
2900 http cache micromatch@https://registry.npmjs.org/micromatch/-/micromatch-4.0.8.tgz 0ms (cache hit)
2901 http cache dlv@https://registry.npmjs.org/dlv/-/dlv-1.1.3.tgz 0ms (cache hit)
2902 http cache braces@https://registry.npmjs.org/braces/-/braces-3.0.3.tgz 0ms (cache hit)
2903 http cache @alloc/quick-lru@https://registry.npmjs.org/@alloc/quick-lru/-/quick-lru-5.2.0.tgz 0ms (cache hit)
2904 http cache jiti@https://registry.npmjs.org/jiti/-/jiti-1.21.7.tgz 0ms (cache hit)
2905 http cache arg@https://registry.npmjs.org/arg/-/arg-5.0.2.tgz 0ms (cache hit)
2906 http cache didyoumean@https://registry.npmjs.org/didyoumean/-/didyoumean-1.2.2.tgz 0ms (cache hit)
2907 http cache client-only@https://registry.npmjs.org/client-only/-/client-only-0.0.1.tgz 0ms (cache hit)
2908 http cache normalize-path@https://registry.npmjs.org/normalize-path/-/normalize-path-3.0.0.tgz 0ms (cache hit)
2909 http cache fast-glob@https://registry.npmjs.org/fast-glob/-/fast-glob-3.3.3.tgz 0ms (cache hit)
2910 http cache ansi-regex@https://registry.npmjs.org/ansi-regex/-/ansi-regex-5.0.1.tgz 0ms (cache hit)
2911 http cache has-flag@https://registry.npmjs.org/has-flag/-/has-flag-4.0.0.tgz 0ms (cache hit)
2912 http cache is-fullwidth-code-point@https://registry.npmjs.org/is-fullwidth-code-point/-/is-fullwidth-code-point-3.0.0.tgz 0ms (cache hit)
2913 http cache side-channel-map@https://registry.npmjs.org/side-channel-map/-/side-channel-map-1.0.1.tgz 0ms (cache hit)
2914 http cache chokidar@https://registry.npmjs.org/chokidar/-/chokidar-3.6.0.tgz 0ms (cache hit)
2915 http cache side-channel-list@https://registry.npmjs.org/side-channel-list/-/side-channel-list-1.0.1.tgz 0ms (cache hit)
2916 http cache eastasianwidth@https://registry.npmjs.org/eastasianwidth/-/eastasianwidth-0.2.0.tgz 0ms (cache hit)
2917 http cache isarray@https://registry.npmjs.org/isarray/-/isarray-2.0.5.tgz 0ms (cache hit)
2918 http cache shebang-regex@https://registry.npmjs.org/shebang-regex/-/shebang-regex-3.0.0.tgz 0ms (cache hit)
2919 http cache side-channel-weakmap@https://registry.npmjs.org/side-channel-weakmap/-/side-channel-weakmap-1.0.2.tgz 0ms (cache hit)
2920 http cache node-exports-info@https://registry.npmjs.org/node-exports-info/-/node-exports-info-1.6.0.tgz 0ms (cache hit)
2921 http cache path-parse@https://registry.npmjs.org/path-parse/-/path-parse-1.0.7.tgz 0ms (cache hit)
2922 http cache queue-microtask@https://registry.npmjs.org/queue-microtask/-/queue-microtask-1.2.3.tgz 0ms (cache hit)
2923 http cache micromark-factory-whitespace@https://registry.npmjs.org/micromark-factory-whitespace/-/micromark-factory-whitespace-2.0.1.tgz 0ms (cache hit)
2924 http cache micromark-factory-label@https://registry.npmjs.org/micromark-factory-label/-/micromark-factory-label-2.0.1.tgz 0ms (cache hit)
2925 http cache supports-preserve-symlinks-flag@https://registry.npmjs.org/supports-preserve-symlinks-flag/-/supports-preserve-symlinks-flag-1.0.0.tgz 0ms (cache hit)
2926 http cache micromark-util-html-tag-name@https://registry.npmjs.org/micromark-util-html-tag-name/-/micromark-util-html-tag-name-2.0.1.tgz 0ms (cache hit)
2927 http cache micromark-factory-destination@https://registry.npmjs.org/micromark-factory-destination/-/micromark-factory-destination-2.0.1.tgz 0ms (cache hit)
2928 http cache micromark-util-subtokenize@https://registry.npmjs.org/micromark-util-subtokenize/-/micromark-util-subtokenize-2.1.0.tgz 0ms (cache hit)
2929 http cache micromark-factory-title@https://registry.npmjs.org/micromark-factory-title/-/micromark-factory-title-2.0.1.tgz 0ms (cache hit)
2930 http cache micromark-util-sanitize-uri@https://registry.npmjs.org/micromark-util-sanitize-uri/-/micromark-util-sanitize-uri-2.0.1.tgz 0ms (cache hit)
2931 http cache micromark-util-encode@https://registry.npmjs.org/micromark-util-encode/-/micromark-util-encode-2.0.1.tgz 0ms (cache hit)
2932 http cache micromark-factory-space@https://registry.npmjs.org/micromark-factory-space/-/micromark-factory-space-2.0.1.tgz 0ms (cache hit)
2933 http cache micromark-util-chunked@https://registry.npmjs.org/micromark-util-chunked/-/micromark-util-chunked-2.0.1.tgz 0ms (cache hit)
2934 http cache @types/ms@https://registry.npmjs.org/@types/ms/-/ms-2.1.0.tgz 0ms (cache hit)
2935 http cache micromark-util-character@https://registry.npmjs.org/micromark-util-character/-/micromark-util-character-2.1.1.tgz 0ms (cache hit)
2936 http cache micromark-util-resolve-all@https://registry.npmjs.org/micromark-util-resolve-all/-/micromark-util-resolve-all-2.0.1.tgz 0ms (cache hit)
2937 http cache micromark-util-combine-extensions@https://registry.npmjs.org/micromark-util-combine-extensions/-/micromark-util-combine-extensions-2.0.1.tgz 0ms (cache hit)
2938 http cache unist-util-is@https://registry.npmjs.org/unist-util-is/-/unist-util-is-6.0.1.tgz 0ms (cache hit)
2939 http cache zwitch@https://registry.npmjs.org/zwitch/-/zwitch-2.0.4.tgz 0ms (cache hit)
2940 http cache micromark-core-commonmark@https://registry.npmjs.org/micromark-core-commonmark/-/micromark-core-commonmark-2.0.3.tgz 0ms (cache hit)
2941 http cache micromark-util-classify-character@https://registry.npmjs.org/micromark-util-classify-character/-/micromark-util-classify-character-2.0.1.tgz 0ms (cache hit)
2942 http cache @types/debug@https://registry.npmjs.org/@types/debug/-/debug-4.1.13.tgz 0ms (cache hit)
2943 http cache micromark-util-decode-string@https://registry.npmjs.org/micromark-util-decode-string/-/micromark-util-decode-string-2.0.1.tgz 0ms (cache hit)
2944 http cache micromark-util-types@https://registry.npmjs.org/micromark-util-types/-/micromark-util-types-2.0.2.tgz 0ms (cache hit)
2945 http cache unist-util-stringify-position@https://registry.npmjs.org/unist-util-stringify-position/-/unist-util-stringify-position-4.0.0.tgz 0ms (cache hit)
2946 http cache mdast-util-phrasing@https://registry.npmjs.org/mdast-util-phrasing/-/mdast-util-phrasing-4.1.0.tgz 0ms (cache hit)
2947 http cache micromark-util-normalize-identifier@https://registry.npmjs.org/micromark-util-normalize-identifier/-/micromark-util-normalize-identifier-2.0.1.tgz 0ms (cache hit)
2948 http cache character-entities@https://registry.npmjs.org/character-entities/-/character-entities-2.0.2.tgz 0ms (cache hit)
2949 http cache micromark@https://registry.npmjs.org/micromark/-/micromark-4.0.2.tgz 0ms (cache hit)
2950 http cache micromark-util-decode-numeric-character-reference@https://registry.npmjs.org/micromark-util-decode-numeric-character-reference/-/micromark-util-decode-numeric-character-reference-2.0.2.tgz 0ms (cache hit)
2951 http cache mdast-util-to-string@https://registry.npmjs.org/mdast-util-to-string/-/mdast-util-to-string-4.0.0.tgz 0ms (cache hit)
2952 http cache mdast-util-to-markdown@https://registry.npmjs.org/mdast-util-to-markdown/-/mdast-util-to-markdown-2.1.2.tgz 0ms (cache hit)
2953 http cache micromark-util-symbol@https://registry.npmjs.org/micromark-util-symbol/-/micromark-util-symbol-2.0.1.tgz 0ms (cache hit)
2954 http cache unified@https://registry.npmjs.org/unified/-/unified-11.0.5.tgz 0ms (cache hit)
2955 http cache longest-streak@https://registry.npmjs.org/longest-streak/-/longest-streak-3.1.0.tgz 0ms (cache hit)
2956 http cache mdast-util-math@https://registry.npmjs.org/mdast-util-math/-/mdast-util-math-3.0.0.tgz 0ms (cache hit)
2957 http cache decode-named-character-reference@https://registry.npmjs.org/decode-named-character-reference/-/decode-named-character-reference-1.3.0.tgz 0ms (cache hit)
2958 http cache mdast-util-from-markdown@https://registry.npmjs.org/mdast-util-from-markdown/-/mdast-util-from-markdown-2.0.3.tgz 0ms (cache hit)
2959 http cache micromark-extension-math@https://registry.npmjs.org/micromark-extension-math/-/micromark-extension-math-3.1.0.tgz 0ms (cache hit)
2960 http cache entities@https://registry.npmjs.org/entities/-/entities-6.0.1.tgz 0ms (cache hit)
2961 http cache vfile-message@https://registry.npmjs.org/vfile-message/-/vfile-message-4.0.3.tgz 0ms (cache hit)
2962 http cache hast-util-parse-selector@https://registry.npmjs.org/hast-util-parse-selector/-/hast-util-parse-selector-4.0.0.tgz 0ms (cache hit)
2963 http cache space-separated-tokens@https://registry.npmjs.org/space-separated-tokens/-/space-separated-tokens-2.0.2.tgz 0ms (cache hit)
2964 http cache vfile-location@https://registry.npmjs.org/vfile-location/-/vfile-location-5.0.3.tgz 0ms (cache hit)
2965 http cache @types/mdast@https://registry.npmjs.org/@types/mdast/-/mdast-4.0.4.tgz 0ms (cache hit)
2966 http cache property-information@https://registry.npmjs.org/property-information/-/property-information-7.1.0.tgz 0ms (cache hit)
2967 http cache web-namespaces@https://registry.npmjs.org/web-namespaces/-/web-namespaces-2.0.1.tgz 0ms (cache hit)
2968 http cache comma-separated-tokens@https://registry.npmjs.org/comma-separated-tokens/-/comma-separated-tokens-2.0.3.tgz 0ms (cache hit)
2969 http cache hast-util-from-parse5@https://registry.npmjs.org/hast-util-from-parse5/-/hast-util-from-parse5-8.0.3.tgz 0ms (cache hit)
2970 http cache hast-util-from-html@https://registry.npmjs.org/hast-util-from-html/-/hast-util-from-html-2.0.3.tgz 0ms (cache hit)
2971 http cache hastscript@https://registry.npmjs.org/hastscript/-/hastscript-9.0.1.tgz 0ms (cache hit)
2972 http cache parse5@https://registry.npmjs.org/parse5/-/parse5-7.3.0.tgz 0ms (cache hit)
2973 http cache dequal@https://registry.npmjs.org/dequal/-/dequal-2.0.3.tgz 0ms (cache hit)
2974 http cache hast-util-from-dom@https://registry.npmjs.org/hast-util-from-dom/-/hast-util-from-dom-5.0.1.tgz 0ms (cache hit)
2975 http cache devlop@https://registry.npmjs.org/devlop/-/devlop-1.1.0.tgz 0ms (cache hit)
2976 http cache unist-util-remove-position@https://registry.npmjs.org/unist-util-remove-position/-/unist-util-remove-position-5.0.0.tgz 0ms (cache hit)
2977 http cache vfile@https://registry.npmjs.org/vfile/-/vfile-6.0.3.tgz 0ms (cache hit)
2978 http cache hast-util-from-html-isomorphic@https://registry.npmjs.org/hast-util-from-html-isomorphic/-/hast-util-from-html-isomorphic-2.0.0.tgz 0ms (cache hit)
2979 http cache @types/unist@https://registry.npmjs.org/@types/unist/-/unist-3.0.3.tgz 0ms (cache hit)
2980 http cache @types/katex@https://registry.npmjs.org/@types/katex/-/katex-0.16.8.tgz 0ms (cache hit)
2981 http cache hast-util-is-element@https://registry.npmjs.org/hast-util-is-element/-/hast-util-is-element-3.0.0.tgz 0ms (cache hit)
2982 http cache unist-util-visit-parents@https://registry.npmjs.org/unist-util-visit-parents/-/unist-util-visit-parents-6.0.2.tgz 0ms (cache hit)
2983 http cache @types/hast@https://registry.npmjs.org/@types/hast/-/hast-3.0.4.tgz 0ms (cache hit)
2984 http cache unist-util-visit@https://registry.npmjs.org/unist-util-visit/-/unist-util-visit-5.1.0.tgz 0ms (cache hit)
2985 http cache hast-util-to-text@https://registry.npmjs.org/hast-util-to-text/-/hast-util-to-text-4.0.2.tgz 0ms (cache hit)
2986 http cache lowlight@https://registry.npmjs.org/lowlight/-/lowlight-3.3.0.tgz 0ms (cache hit)
2987 http cache react-is@https://registry.npmjs.org/react-is/-/react-is-16.13.1.tgz 0ms (cache hit)
2988 http cache js-tokens@https://registry.npmjs.org/js-tokens/-/js-tokens-4.0.0.tgz 0ms (cache hit)
2989 http cache scheduler@https://registry.npmjs.org/scheduler/-/scheduler-0.23.2.tgz 0ms (cache hit)
2990 http cache nanoid@https://registry.npmjs.org/nanoid/-/nanoid-3.3.12.tgz 0ms (cache hit)
2991 http cache object-assign@https://registry.npmjs.org/object-assign/-/object-assign-4.1.1.tgz 0ms (cache hit)
2992 http cache unist-util-find-after@https://registry.npmjs.org/unist-util-find-after/-/unist-util-find-after-5.0.0.tgz 0ms (cache hit)
2993 http cache loose-envify@https://registry.npmjs.org/loose-envify/-/loose-envify-1.4.0.tgz 0ms (cache hit)
2994 http cache source-map-js@https://registry.npmjs.org/source-map-js/-/source-map-js-1.2.1.tgz 0ms (cache hit)
2995 http cache lru-cache@https://registry.npmjs.org/lru-cache/-/lru-cache-10.4.3.tgz 0ms (cache hit)
2996 http cache p-limit@https://registry.npmjs.org/p-limit/-/p-limit-3.1.0.tgz 0ms (cache hit)
2997 http cache word-wrap@https://registry.npmjs.org/word-wrap/-/word-wrap-1.2.5.tgz 0ms (cache hit)
2998 http cache streamsearch@https://registry.npmjs.org/streamsearch/-/streamsearch-1.1.0.tgz 0ms (cache hit)
2999 http cache fast-levenshtein@https://registry.npmjs.org/fast-levenshtein/-/fast-levenshtein-2.0.6.tgz 0ms (cache hit)
3000 http cache yocto-queue@https://registry.npmjs.org/yocto-queue/-/yocto-queue-0.1.0.tgz 0ms (cache hit)
3001 http cache @swc/counter@https://registry.npmjs.org/@swc/counter/-/counter-0.1.3.tgz 0ms (cache hit)
3002 http cache callsites@https://registry.npmjs.org/callsites/-/callsites-3.1.0.tgz 0ms (cache hit)
3003 http cache @swc/helpers@https://registry.npmjs.org/@swc/helpers/-/helpers-0.5.5.tgz 0ms (cache hit)
3004 http cache graceful-fs@https://registry.npmjs.org/graceful-fs/-/graceful-fs-4.2.11.tgz 0ms (cache hit)
3005 http cache deep-is@https://registry.npmjs.org/deep-is/-/deep-is-0.1.4.tgz 0ms (cache hit)
3006 http cache concat-map@https://registry.npmjs.org/concat-map/-/concat-map-0.0.1.tgz 0ms (cache hit)
3007 http cache styled-jsx@https://registry.npmjs.org/styled-jsx/-/styled-jsx-5.1.1.tgz 0ms (cache hit)
3008 http cache tslib@https://registry.npmjs.org/tslib/-/tslib-2.8.1.tgz 0ms (cache hit)
3009 http cache @next/env@https://registry.npmjs.org/@next/env/-/env-14.2.35.tgz 0ms (cache hit)
3010 http cache @next/swc-darwin-arm64@https://registry.npmjs.org/@next/swc-darwin-arm64/-/swc-darwin-arm64-14.2.33.tgz 0ms (cache hit)
3011 http cache p-locate@https://registry.npmjs.org/p-locate/-/p-locate-5.0.0.tgz 0ms (cache hit)
3012 http cache brace-expansion@https://registry.npmjs.org/brace-expansion/-/brace-expansion-1.1.14.tgz 0ms (cache hit)
3013 http cache balanced-match@https://registry.npmjs.org/balanced-match/-/balanced-match-1.0.2.tgz 0ms (cache hit)
3014 http cache busboy@https://registry.npmjs.org/busboy/-/busboy-1.6.0.tgz 0ms (cache hit)
3015 http cache commander@https://registry.npmjs.org/commander/-/commander-8.3.0.tgz 0ms (cache hit)
3016 http cache type-check@https://registry.npmjs.org/type-check/-/type-check-0.4.0.tgz 0ms (cache hit)
3017 http cache language-subtag-registry@https://registry.npmjs.org/language-subtag-registry/-/language-subtag-registry-0.3.23.tgz 0ms (cache hit)
3018 http cache prelude-ls@https://registry.npmjs.org/prelude-ls/-/prelude-ls-1.2.1.tgz 0ms (cache hit)
3019 http cache wrap-ansi@https://registry.npmjs.org/wrap-ansi/-/wrap-ansi-8.1.0.tgz 0ms (cache hit)
3020 http cache json-buffer@https://registry.npmjs.org/json-buffer/-/json-buffer-3.0.1.tgz 0ms (cache hit)
3021 http cache argparse@https://registry.npmjs.org/argparse/-/argparse-2.0.1.tgz 0ms (cache hit)
3022 http cache wrap-ansi-cjs@https://registry.npmjs.org/wrap-ansi/-/wrap-ansi-7.0.0.tgz 0ms (cache hit)
3023 http cache string-width@https://registry.npmjs.org/string-width/-/string-width-5.1.2.tgz 0ms (cache hit)
3024 http cache set-function-name@https://registry.npmjs.org/set-function-name/-/set-function-name-2.0.2.tgz 0ms (cache hit)
3025 http cache string-width-cjs@https://registry.npmjs.org/string-width/-/string-width-4.2.3.tgz 0ms (cache hit)
3026 http cache strip-ansi-cjs@https://registry.npmjs.org/strip-ansi/-/strip-ansi-6.0.1.tgz 0ms (cache hit)
3027 http cache is-extglob@https://registry.npmjs.org/is-extglob/-/is-extglob-2.1.1.tgz 0ms (cache hit)
3028 http cache signal-exit@https://registry.npmjs.org/signal-exit/-/signal-exit-4.1.0.tgz 0ms (cache hit)
3029 http cache @pkgjs/parseargs@https://registry.npmjs.org/@pkgjs/parseargs/-/parseargs-0.11.0.tgz 0ms (cache hit)
3030 http cache @isaacs/cliui@https://registry.npmjs.org/@isaacs/cliui/-/cliui-8.0.2.tgz 0ms (cache hit)
3031 http cache path-scurry@https://registry.npmjs.org/path-scurry/-/path-scurry-1.11.1.tgz 0ms (cache hit)
3032 http cache side-channel@https://registry.npmjs.org/side-channel/-/side-channel-1.1.0.tgz 0ms (cache hit)
3033 http cache resolve-from@https://registry.npmjs.org/resolve-from/-/resolve-from-4.0.0.tgz 0ms (cache hit)
3034 http cache jackspeak@https://registry.npmjs.org/jackspeak/-/jackspeak-2.3.6.tgz 0ms (cache hit)
3035 http cache minipass@https://registry.npmjs.org/minipass/-/minipass-7.1.3.tgz 0ms (cache hit)
3036 http cache functions-have-names@https://registry.npmjs.org/functions-have-names/-/functions-have-names-1.2.3.tgz 0ms (cache hit)
3037 http cache foreground-child@https://registry.npmjs.org/foreground-child/-/foreground-child-3.3.1.tgz 0ms (cache hit)
3038 http cache dunder-proto@https://registry.npmjs.org/dunder-proto/-/dunder-proto-1.0.1.tgz 0ms (cache hit)
3039 http cache parent-module@https://registry.npmjs.org/parent-module/-/parent-module-1.0.1.tgz 0ms (cache hit)
3040 http cache path-exists@https://registry.npmjs.org/path-exists/-/path-exists-4.0.0.tgz 0ms (cache hit)
3041 http cache rimraf@https://registry.npmjs.org/rimraf/-/rimraf-3.0.2.tgz 0ms (cache hit)
3042 http cache resolve-pkg-maps@https://registry.npmjs.org/resolve-pkg-maps/-/resolve-pkg-maps-1.0.0.tgz 0ms (cache hit)
3043 http cache keyv@https://registry.npmjs.org/keyv/-/keyv-4.5.4.tgz 0ms (cache hit)
3044 http cache type-fest@https://registry.npmjs.org/type-fest/-/type-fest-0.20.2.tgz 0ms (cache hit)
3045 http cache flatted@https://registry.npmjs.org/flatted/-/flatted-3.4.2.tgz 0ms (cache hit)
3046 http cache locate-path@https://registry.npmjs.org/locate-path/-/locate-path-6.0.0.tgz 0ms (cache hit)
3047 http cache flat-cache@https://registry.npmjs.org/flat-cache/-/flat-cache-3.2.0.tgz 0ms (cache hit)
3048 http cache acorn-jsx@https://registry.npmjs.org/acorn-jsx/-/acorn-jsx-5.3.2.tgz 0ms (cache hit)
3049 http cache acorn@https://registry.npmjs.org/acorn/-/acorn-8.16.0.tgz 0ms (cache hit)
3050 http cache reusify@https://registry.npmjs.org/reusify/-/reusify-1.1.0.tgz 0ms (cache hit)
3051 http cache esrecurse@https://registry.npmjs.org/esrecurse/-/esrecurse-4.3.0.tgz 0ms (cache hit)
3052 http cache string.prototype.matchall@https://registry.npmjs.org/string.prototype.matchall/-/string.prototype.matchall-4.0.12.tgz 0ms (cache hit)
3053 http cache estraverse@https://registry.npmjs.org/estraverse/-/estraverse-5.3.0.tgz 0ms (cache hit)
3054 http cache array.prototype.tosorted@https://registry.npmjs.org/array.prototype.tosorted/-/array.prototype.tosorted-1.1.4.tgz 0ms (cache hit)
3055 http cache object.entries@https://registry.npmjs.org/object.entries/-/object.entries-1.1.9.tgz 0ms (cache hit)
3056 http cache prop-types@https://registry.npmjs.org/prop-types/-/prop-types-15.8.1.tgz 0ms (cache hit)
3057 http cache string.prototype.repeat@https://registry.npmjs.org/string.prototype.repeat/-/string.prototype.repeat-1.0.0.tgz 0ms (cache hit)
3058 http cache es-iterator-helpers@https://registry.npmjs.org/es-iterator-helpers/-/es-iterator-helpers-1.3.2.tgz 0ms (cache hit)
3059 http cache array.prototype.findlast@https://registry.npmjs.org/array.prototype.findlast/-/array.prototype.findlast-1.2.5.tgz 0ms (cache hit)
3060 http cache iterator.prototype@https://registry.npmjs.org/iterator.prototype/-/iterator.prototype-1.1.5.tgz 0ms (cache hit)
3061 http cache jsx-ast-utils@https://registry.npmjs.org/jsx-ast-utils/-/jsx-ast-utils-3.3.5.tgz 0ms (cache hit)
3062 http cache language-tags@https://registry.npmjs.org/language-tags/-/language-tags-1.0.9.tgz 0ms (cache hit)
3063 http cache string.prototype.includes@https://registry.npmjs.org/string.prototype.includes/-/string.prototype.includes-2.0.1.tgz 0ms (cache hit)
3064 http cache damerau-levenshtein@https://registry.npmjs.org/damerau-levenshtein/-/damerau-levenshtein-1.0.8.tgz 0ms (cache hit)
3065 http cache axe-core@https://registry.npmjs.org/axe-core/-/axe-core-4.11.4.tgz 0ms (cache hit)
3066 http cache axobject-query@https://registry.npmjs.org/axobject-query/-/axobject-query-4.1.0.tgz 0ms (cache hit)
3067 http cache aria-query@https://registry.npmjs.org/aria-query/-/aria-query-5.3.2.tgz 0ms (cache hit)
3068 http cache is-symbol@https://registry.npmjs.org/is-symbol/-/is-symbol-1.1.1.tgz 0ms (cache hit)
3069 http cache possible-typed-array-names@https://registry.npmjs.org/possible-typed-array-names/-/possible-typed-array-names-1.1.0.tgz 0ms (cache hit)
3070 http cache emoji-regex@https://registry.npmjs.org/emoji-regex/-/emoji-regex-9.2.2.tgz 0ms (cache hit)
3071 http cache which-typed-array@https://registry.npmjs.org/which-typed-array/-/which-typed-array-1.1.20.tgz 0ms (cache hit)
3072 http cache has-tostringtag@https://registry.npmjs.org/has-tostringtag/-/has-tostringtag-1.0.2.tgz 0ms (cache hit)
3073 http cache typed-array-byte-offset@https://registry.npmjs.org/typed-array-byte-offset/-/typed-array-byte-offset-1.0.4.tgz 0ms (cache hit)
3074 http cache unbox-primitive@https://registry.npmjs.org/unbox-primitive/-/unbox-primitive-1.1.0.tgz 0ms (cache hit)
3075 http cache ast-types-flow@https://registry.npmjs.org/ast-types-flow/-/ast-types-flow-0.0.8.tgz 0ms (cache hit)
3076 http cache typed-array-length@https://registry.npmjs.org/typed-array-length/-/typed-array-length-1.0.7.tgz 0ms (cache hit)
3077 http cache typed-array-byte-length@https://registry.npmjs.org/typed-array-byte-length/-/typed-array-byte-length-1.0.3.tgz 0ms (cache hit)
3078 http cache typed-array-buffer@https://registry.npmjs.org/typed-array-buffer/-/typed-array-buffer-1.0.3.tgz 0ms (cache hit)
3079 http cache is-date-object@https://registry.npmjs.org/is-date-object/-/is-date-object-1.1.0.tgz 0ms (cache hit)
3080 http cache stop-iteration-iterator@https://registry.npmjs.org/stop-iteration-iterator/-/stop-iteration-iterator-1.1.0.tgz 0ms (cache hit)
3081 http cache string.prototype.trim@https://registry.npmjs.org/string.prototype.trim/-/string.prototype.trim-1.2.10.tgz 0ms (cache hit)
3082 http cache string.prototype.trimstart@https://registry.npmjs.org/string.prototype.trimstart/-/string.prototype.trimstart-1.0.8.tgz 0ms (cache hit)
3083 http cache safe-regex-test@https://registry.npmjs.org/safe-regex-test/-/safe-regex-test-1.1.0.tgz 0ms (cache hit)
3084 http cache own-keys@https://registry.npmjs.org/own-keys/-/own-keys-1.0.1.tgz 0ms (cache hit)
3085 http cache safe-push-apply@https://registry.npmjs.org/safe-push-apply/-/safe-push-apply-1.0.0.tgz 0ms (cache hit)
3086 http cache regexp.prototype.flags@https://registry.npmjs.org/regexp.prototype.flags/-/regexp.prototype.flags-1.5.4.tgz 0ms (cache hit)
3087 http cache object.assign@https://registry.npmjs.org/object.assign/-/object.assign-4.1.7.tgz 0ms (cache hit)
3088 http cache object-inspect@https://registry.npmjs.org/object-inspect/-/object-inspect-1.13.4.tgz 0ms (cache hit)
3089 http cache safe-array-concat@https://registry.npmjs.org/safe-array-concat/-/safe-array-concat-1.1.4.tgz 0ms (cache hit)
3090 http cache is-weakref@https://registry.npmjs.org/is-weakref/-/is-weakref-1.1.1.tgz 0ms (cache hit)
3091 http cache is-typed-array@https://registry.npmjs.org/is-typed-array/-/is-typed-array-1.1.15.tgz 0ms (cache hit)
3092 http cache is-shared-array-buffer@https://registry.npmjs.org/is-shared-array-buffer/-/is-shared-array-buffer-1.0.4.tgz 0ms (cache hit)
3093 http cache is-set@https://registry.npmjs.org/is-set/-/is-set-2.0.3.tgz 0ms (cache hit)
3094 http cache set-proto@https://registry.npmjs.org/set-proto/-/set-proto-1.0.0.tgz 0ms (cache hit)
3095 http cache is-regex@https://registry.npmjs.org/is-regex/-/is-regex-1.2.1.tgz 0ms (cache hit)
3096 http cache is-data-view@https://registry.npmjs.org/is-data-view/-/is-data-view-1.0.2.tgz 0ms (cache hit)
3097 http cache is-array-buffer@https://registry.npmjs.org/is-array-buffer/-/is-array-buffer-3.0.5.tgz 0ms (cache hit)
3098 http cache is-negative-zero@https://registry.npmjs.org/is-negative-zero/-/is-negative-zero-2.0.3.tgz 0ms (cache hit)
3099 http cache has-proto@https://registry.npmjs.org/has-proto/-/has-proto-1.2.0.tgz 0ms (cache hit)
3100 http cache internal-slot@https://registry.npmjs.org/internal-slot/-/internal-slot-1.1.0.tgz 0ms (cache hit)
3101 http cache has-symbols@https://registry.npmjs.org/has-symbols/-/has-symbols-1.1.0.tgz 0ms (cache hit)
3102 http cache globalthis@https://registry.npmjs.org/globalthis/-/globalthis-1.0.4.tgz 0ms (cache hit)
3103 http cache is-callable@https://registry.npmjs.org/is-callable/-/is-callable-1.2.7.tgz 0ms (cache hit)
3104 http cache es-set-tostringtag@https://registry.npmjs.org/es-set-tostringtag/-/es-set-tostringtag-2.1.0.tgz 0ms (cache hit)
3105 http cache function.prototype.name@https://registry.npmjs.org/function.prototype.name/-/function.prototype.name-1.1.8.tgz 0ms (cache hit)
3106 http cache get-symbol-description@https://registry.npmjs.org/get-symbol-description/-/get-symbol-description-1.1.0.tgz 0ms (cache hit)
3107 http cache get-proto@https://registry.npmjs.org/get-proto/-/get-proto-1.0.1.tgz 0ms (cache hit)
3108 http cache es-to-primitive@https://registry.npmjs.org/es-to-primitive/-/es-to-primitive-1.3.0.tgz 0ms (cache hit)
3109 http cache data-view-buffer@https://registry.npmjs.org/data-view-buffer/-/data-view-buffer-1.0.2.tgz 0ms (cache hit)
3110 http cache data-view-byte-length@https://registry.npmjs.org/data-view-byte-length/-/data-view-byte-length-1.0.2.tgz 0ms (cache hit)
3111 http cache arraybuffer.prototype.slice@https://registry.npmjs.org/arraybuffer.prototype.slice/-/arraybuffer.prototype.slice-1.0.4.tgz 0ms (cache hit)
3112 http cache data-view-byte-offset@https://registry.npmjs.org/data-view-byte-offset/-/data-view-byte-offset-1.0.1.tgz 0ms (cache hit)
3113 http cache object-keys@https://registry.npmjs.org/object-keys/-/object-keys-1.1.1.tgz 0ms (cache hit)
3114 http cache available-typed-arrays@https://registry.npmjs.org/available-typed-arrays/-/available-typed-arrays-1.0.7.tgz 0ms (cache hit)
3115 http cache gopd@https://registry.npmjs.org/gopd/-/gopd-1.2.0.tgz 0ms (cache hit)
3116 http cache function-bind@https://registry.npmjs.org/function-bind/-/function-bind-1.1.2.tgz 0ms (cache hit)
3117 http cache set-function-length@https://registry.npmjs.org/set-function-length/-/set-function-length-1.2.2.tgz 0ms (cache hit)
3118 http cache has-property-descriptors@https://registry.npmjs.org/has-property-descriptors/-/has-property-descriptors-1.0.2.tgz 0ms (cache hit)
3119 http cache es-define-property@https://registry.npmjs.org/es-define-property/-/es-define-property-1.0.1.tgz 0ms (cache hit)
3120 http cache define-data-property@https://registry.npmjs.org/define-data-property/-/define-data-property-1.1.4.tgz 0ms (cache hit)
3121 http cache es-errors@https://registry.npmjs.org/es-errors/-/es-errors-1.3.0.tgz 0ms (cache hit)
3122 http cache call-bind-apply-helpers@https://registry.npmjs.org/call-bind-apply-helpers/-/call-bind-apply-helpers-1.0.2.tgz 0ms (cache hit)
3123 http cache array-buffer-byte-length@https://registry.npmjs.org/array-buffer-byte-length/-/array-buffer-byte-length-1.0.2.tgz 0ms (cache hit)
3124 http cache es-shim-unscopables@https://registry.npmjs.org/es-shim-unscopables/-/es-shim-unscopables-1.1.0.tgz 0ms (cache hit)
3125 http cache math-intrinsics@https://registry.npmjs.org/math-intrinsics/-/math-intrinsics-1.1.0.tgz 0ms (cache hit)
3126 http cache is-string@https://registry.npmjs.org/is-string/-/is-string-1.1.1.tgz 0ms (cache hit)
3127 http cache get-intrinsic@https://registry.npmjs.org/get-intrinsic/-/get-intrinsic-1.3.0.tgz 0ms (cache hit)
3128 http cache call-bind@https://registry.npmjs.org/call-bind/-/call-bind-1.0.9.tgz 0ms (cache hit)
3129 http cache define-properties@https://registry.npmjs.org/define-properties/-/define-properties-1.2.1.tgz 0ms (cache hit)
3130 http cache es-object-atoms@https://registry.npmjs.org/es-object-atoms/-/es-object-atoms-1.1.1.tgz 0ms (cache hit)
3131 http cache call-bound@https://registry.npmjs.org/call-bound/-/call-bound-1.0.4.tgz 0ms (cache hit)
3132 http cache string.prototype.trimend@https://registry.npmjs.org/string.prototype.trimend/-/string.prototype.trimend-1.0.9.tgz 0ms (cache hit)
3133 http cache es-abstract@https://registry.npmjs.org/es-abstract/-/es-abstract-1.24.2.tgz 0ms (cache hit)
3134 http cache array.prototype.flatmap@https://registry.npmjs.org/array.prototype.flatmap/-/array.prototype.flatmap-1.3.3.tgz 0ms (cache hit)
3135 http cache object.groupby@https://registry.npmjs.org/object.groupby/-/object.groupby-1.0.3.tgz 0ms (cache hit)
3136 http cache tsconfig-paths@https://registry.npmjs.org/tsconfig-paths/-/tsconfig-paths-3.15.0.tgz 0ms (cache hit)
3137 http cache eslint-module-utils@https://registry.npmjs.org/eslint-module-utils/-/eslint-module-utils-2.12.1.tgz 0ms (cache hit)
3138 http cache hasown@https://registry.npmjs.org/hasown/-/hasown-2.0.3.tgz 0ms (cache hit)
3139 http cache object.fromentries@https://registry.npmjs.org/object.fromentries/-/object.fromentries-2.0.8.tgz 0ms (cache hit)
3140 http cache array-includes@https://registry.npmjs.org/array-includes/-/array-includes-3.1.9.tgz 0ms (cache hit)
3141 http cache object.values@https://registry.npmjs.org/object.values/-/object.values-1.2.1.tgz 0ms (cache hit)
3142 http cache array.prototype.findlastindex@https://registry.npmjs.org/array.prototype.findlastindex/-/array.prototype.findlastindex-1.2.6.tgz 0ms (cache hit)
3143 http cache resolve@https://registry.npmjs.org/resolve/-/resolve-2.0.0-next.6.tgz 0ms (cache hit)
3144 http cache stable-hash@https://registry.npmjs.org/stable-hash/-/stable-hash-0.0.5.tgz 0ms (cache hit)
3145 http cache is-core-module@https://registry.npmjs.org/is-core-module/-/is-core-module-2.16.2.tgz 0ms (cache hit)
3146 http cache @nolyfill/is-core-module@https://registry.npmjs.org/@nolyfill/is-core-module/-/is-core-module-1.0.39.tgz 0ms (cache hit)
3147 http cache @rtsao/scc@https://registry.npmjs.org/@rtsao/scc/-/scc-1.1.0.tgz 0ms (cache hit)
3148 http cache array.prototype.flat@https://registry.npmjs.org/array.prototype.flat/-/array.prototype.flat-1.3.3.tgz 0ms (cache hit)
3149 http cache is-bun-module@https://registry.npmjs.org/is-bun-module/-/is-bun-module-2.0.0.tgz 0ms (cache hit)
3150 http cache semver@https://registry.npmjs.org/semver/-/semver-7.8.0.tgz 0ms (cache hit)
3151 http cache get-tsconfig@https://registry.npmjs.org/get-tsconfig/-/get-tsconfig-4.14.0.tgz 0ms (cache hit)
3152 http cache unrs-resolver@https://registry.npmjs.org/unrs-resolver/-/unrs-resolver-1.11.1.tgz 0ms (cache hit)
3153 http cache ts-api-utils@https://registry.npmjs.org/ts-api-utils/-/ts-api-utils-2.5.0.tgz 0ms (cache hit)
3154 http cache @typescript-eslint/tsconfig-utils@https://registry.npmjs.org/@typescript-eslint/tsconfig-utils/-/tsconfig-utils-8.59.2.tgz 0ms (cache hit)
3155 http cache tinyglobby@https://registry.npmjs.org/tinyglobby/-/tinyglobby-0.2.16.tgz 0ms (cache hit)
3156 http cache @typescript-eslint/typescript-estree@https://registry.npmjs.org/@typescript-eslint/typescript-estree/-/typescript-estree-8.59.2.tgz 0ms (cache hit)
3157 http cache @typescript-eslint/types@https://registry.npmjs.org/@typescript-eslint/types/-/types-8.59.2.tgz 0ms (cache hit)
3158 http cache @typescript-eslint/project-service@https://registry.npmjs.org/@typescript-eslint/project-service/-/project-service-8.59.2.tgz 0ms (cache hit)
3159 http cache @typescript-eslint/type-utils@https://registry.npmjs.org/@typescript-eslint/type-utils/-/type-utils-8.59.2.tgz 0ms (cache hit)
3160 http cache @typescript-eslint/scope-manager@https://registry.npmjs.org/@typescript-eslint/scope-manager/-/scope-manager-8.59.2.tgz 0ms (cache hit)
3161 http cache glob@https://registry.npmjs.org/glob/-/glob-10.3.10.tgz 0ms (cache hit)
3162 http cache @typescript-eslint/visitor-keys@https://registry.npmjs.org/@typescript-eslint/visitor-keys/-/visitor-keys-8.59.2.tgz 0ms (cache hit)
3163 http cache @typescript-eslint/utils@https://registry.npmjs.org/@typescript-eslint/utils/-/utils-8.59.2.tgz 0ms (cache hit)
3164 http cache eslint-plugin-react@https://registry.npmjs.org/eslint-plugin-react/-/eslint-plugin-react-7.37.5.tgz 0ms (cache hit)
3165 http cache eslint-plugin-react-hooks@https://registry.npmjs.org/eslint-plugin-react-hooks/-/eslint-plugin-react-hooks-5.0.0-canary-7118f5dd7-20230705.tgz 0ms (cache hit)
3166 http cache eslint-import-resolver-typescript@https://registry.npmjs.org/eslint-import-resolver-typescript/-/eslint-import-resolver-typescript-3.10.1.tgz 0ms (cache hit)
3167 http cache eslint-plugin-jsx-a11y@https://registry.npmjs.org/eslint-plugin-jsx-a11y/-/eslint-plugin-jsx-a11y-6.10.2.tgz 0ms (cache hit)
3168 http cache eslint-plugin-import@https://registry.npmjs.org/eslint-plugin-import/-/eslint-plugin-import-2.32.0.tgz 0ms (cache hit)
3169 http cache @next/eslint-plugin-next@https://registry.npmjs.org/@next/eslint-plugin-next/-/eslint-plugin-next-14.2.35.tgz 0ms (cache hit)
3170 http cache eslint-import-resolver-node@https://registry.npmjs.org/eslint-import-resolver-node/-/eslint-import-resolver-node-0.3.10.tgz 0ms (cache hit)
3171 http cache @typescript-eslint/parser@https://registry.npmjs.org/@typescript-eslint/parser/-/parser-8.59.2.tgz 0ms (cache hit)
3172 http cache ms@https://registry.npmjs.org/ms/-/ms-2.1.3.tgz 0ms (cache hit)
3173 http cache path-key@https://registry.npmjs.org/path-key/-/path-key-3.1.1.tgz 0ms (cache hit)
3174 http cache shebang-command@https://registry.npmjs.org/shebang-command/-/shebang-command-2.0.0.tgz 0ms (cache hit)
3175 http cache @typescript-eslint/eslint-plugin@https://registry.npmjs.org/@typescript-eslint/eslint-plugin/-/eslint-plugin-8.59.2.tgz 0ms (cache hit)
3176 http cache which@https://registry.npmjs.org/which/-/which-2.0.2.tgz 0ms (cache hit)
3177 http cache @rushstack/eslint-patch@https://registry.npmjs.org/@rushstack/eslint-patch/-/eslint-patch-1.16.1.tgz 0ms (cache hit)
3178 http cache color-convert@https://registry.npmjs.org/color-convert/-/color-convert-2.0.1.tgz 0ms (cache hit)
3179 http cache color-name@https://registry.npmjs.org/color-name/-/color-name-1.1.4.tgz 0ms (cache hit)
3180 http cache uri-js@https://registry.npmjs.org/uri-js/-/uri-js-4.4.1.tgz 0ms (cache hit)
3181 http cache @nodelib/fs.stat@https://registry.npmjs.org/@nodelib/fs.stat/-/fs.stat-2.0.5.tgz 0ms (cache hit)
3182 http cache run-parallel@https://registry.npmjs.org/run-parallel/-/run-parallel-1.2.0.tgz 0ms (cache hit)
3183 http cache supports-color@https://registry.npmjs.org/supports-color/-/supports-color-7.2.0.tgz 0ms (cache hit)
3184 http cache @nodelib/fs.scandir@https://registry.npmjs.org/@nodelib/fs.scandir/-/fs.scandir-2.1.5.tgz 0ms (cache hit)
3185 http cache fast-json-stable-stringify@https://registry.npmjs.org/fast-json-stable-stringify/-/fast-json-stable-stringify-2.1.0.tgz 0ms (cache hit)
3186 http cache json-schema-traverse@https://registry.npmjs.org/json-schema-traverse/-/json-schema-traverse-0.4.1.tgz 0ms (cache hit)
3187 http cache @humanwhocodes/object-schema@https://registry.npmjs.org/@humanwhocodes/object-schema/-/object-schema-2.0.3.tgz 0ms (cache hit)
3188 http cache strip-json-comments@https://registry.npmjs.org/strip-json-comments/-/strip-json-comments-3.1.1.tgz 0ms (cache hit)
3189 http cache import-fresh@https://registry.npmjs.org/import-fresh/-/import-fresh-3.3.1.tgz 0ms (cache hit)
3190 http cache strip-ansi@https://registry.npmjs.org/strip-ansi/-/strip-ansi-6.0.1.tgz 0ms (cache hit)
3191 http cache fastq@https://registry.npmjs.org/fastq/-/fastq-1.20.1.tgz 0ms (cache hit)
3192 http cache optionator@https://registry.npmjs.org/optionator/-/optionator-0.9.4.tgz 0ms (cache hit)
3193 http cache ansi-styles@https://registry.npmjs.org/ansi-styles/-/ansi-styles-4.3.0.tgz 0ms (cache hit)
3194 http cache natural-compare@https://registry.npmjs.org/natural-compare/-/natural-compare-1.4.0.tgz 0ms (cache hit)
3195 http cache minimatch@https://registry.npmjs.org/minimatch/-/minimatch-3.1.5.tgz 0ms (cache hit)
3196 http cache text-table@https://registry.npmjs.org/text-table/-/text-table-0.2.0.tgz 0ms (cache hit)
3197 http cache js-yaml@https://registry.npmjs.org/js-yaml/-/js-yaml-4.1.1.tgz 0ms (cache hit)
3198 http cache levn@https://registry.npmjs.org/levn/-/levn-0.4.1.tgz 0ms (cache hit)
3199 http cache ignore@https://registry.npmjs.org/ignore/-/ignore-5.3.2.tgz 0ms (cache hit)
3200 http cache graphemer@https://registry.npmjs.org/graphemer/-/graphemer-1.4.0.tgz 0ms (cache hit)
3201 http cache is-path-inside@https://registry.npmjs.org/is-path-inside/-/is-path-inside-3.0.3.tgz 0ms (cache hit)
3202 http cache is-glob@https://registry.npmjs.org/is-glob/-/is-glob-4.0.3.tgz 0ms (cache hit)
3203 http cache imurmurhash@https://registry.npmjs.org/imurmurhash/-/imurmurhash-0.1.4.tgz 0ms (cache hit)
3204 http cache file-entry-cache@https://registry.npmjs.org/file-entry-cache/-/file-entry-cache-6.0.1.tgz 0ms (cache hit)
3205 http cache glob-parent@https://registry.npmjs.org/glob-parent/-/glob-parent-6.0.2.tgz 0ms (cache hit)
3206 http cache globals@https://registry.npmjs.org/globals/-/globals-13.24.0.tgz 0ms (cache hit)
3207 http cache find-up@https://registry.npmjs.org/find-up/-/find-up-5.0.0.tgz 0ms (cache hit)
3208 http cache eslint-visitor-keys@https://registry.npmjs.org/eslint-visitor-keys/-/eslint-visitor-keys-3.4.3.tgz 0ms (cache hit)
3209 http cache fast-deep-equal@https://registry.npmjs.org/fast-deep-equal/-/fast-deep-equal-3.1.3.tgz 0ms (cache hit)
3210 http cache lodash.merge@https://registry.npmjs.org/lodash.merge/-/lodash.merge-4.6.2.tgz 0ms (cache hit)
3211 http cache json-stable-stringify-without-jsonify@https://registry.npmjs.org/json-stable-stringify-without-jsonify/-/json-stable-stringify-without-jsonify-1.0.1.tgz 0ms (cache hit)
3212 http cache esutils@https://registry.npmjs.org/esutils/-/esutils-2.0.3.tgz 0ms (cache hit)
3213 http cache doctrine@https://registry.npmjs.org/doctrine/-/doctrine-3.0.0.tgz 0ms (cache hit)
3214 http cache debug@https://registry.npmjs.org/debug/-/debug-4.4.3.tgz 0ms (cache hit)
3215 http cache cross-spawn@https://registry.npmjs.org/cross-spawn/-/cross-spawn-7.0.6.tgz 0ms (cache hit)
3216 http cache ajv@https://registry.npmjs.org/ajv/-/ajv-6.15.0.tgz 0ms (cache hit)
3217 http cache esquery@https://registry.npmjs.org/esquery/-/esquery-1.7.0.tgz 0ms (cache hit)
3218 http cache espree@https://registry.npmjs.org/espree/-/espree-9.6.1.tgz 0ms (cache hit)
3219 http cache eslint-scope@https://registry.npmjs.org/eslint-scope/-/eslint-scope-7.2.2.tgz 0ms (cache hit)
3220 http cache @humanwhocodes/config-array@https://registry.npmjs.org/@humanwhocodes/config-array/-/config-array-0.13.0.tgz 0ms (cache hit)
3221 http cache escape-string-regexp@https://registry.npmjs.org/escape-string-regexp/-/escape-string-regexp-4.0.0.tgz 0ms (cache hit)
3222 http cache @eslint-community/regexpp@https://registry.npmjs.org/@eslint-community/regexpp/-/regexpp-4.12.2.tgz 0ms (cache hit)
3223 http cache @eslint/js@https://registry.npmjs.org/@eslint/js/-/js-8.57.1.tgz 0ms (cache hit)
3224 http cache @humanwhocodes/module-importer@https://registry.npmjs.org/@humanwhocodes/module-importer/-/module-importer-1.0.1.tgz 0ms (cache hit)
3225 http cache @ungap/structured-clone@https://registry.npmjs.org/@ungap/structured-clone/-/structured-clone-1.3.1.tgz 0ms (cache hit)
3226 http cache @eslint-community/eslint-utils@https://registry.npmjs.org/@eslint-community/eslint-utils/-/eslint-utils-4.9.1.tgz 0ms (cache hit)
3227 http cache node-releases@https://registry.npmjs.org/node-releases/-/node-releases-2.0.38.tgz 0ms (cache hit)
3228 http cache @nodelib/fs.walk@https://registry.npmjs.org/@nodelib/fs.walk/-/fs.walk-1.2.8.tgz 0ms (cache hit)
3229 http cache chalk@https://registry.npmjs.org/chalk/-/chalk-4.1.2.tgz 0ms (cache hit)
3230 http cache @eslint/eslintrc@https://registry.npmjs.org/@eslint/eslintrc/-/eslintrc-2.1.4.tgz 0ms (cache hit)
3231 http cache update-browserslist-db@https://registry.npmjs.org/update-browserslist-db/-/update-browserslist-db-1.2.3.tgz 0ms (cache hit)
3232 http cache caniuse-lite@https://registry.npmjs.org/caniuse-lite/-/caniuse-lite-1.0.30001792.tgz 0ms (cache hit)
3233 http cache electron-to-chromium@https://registry.npmjs.org/electron-to-chromium/-/electron-to-chromium-1.5.353.tgz 0ms (cache hit)
3234 http cache picocolors@https://registry.npmjs.org/picocolors/-/picocolors-1.1.1.tgz 0ms (cache hit)
3235 http cache fraction.js@https://registry.npmjs.org/fraction.js/-/fraction.js-5.3.4.tgz 0ms (cache hit)
3236 http cache csstype@https://registry.npmjs.org/csstype/-/csstype-3.2.3.tgz 0ms (cache hit)
3237 http cache baseline-browser-mapping@https://registry.npmjs.org/baseline-browser-mapping/-/baseline-browser-mapping-2.10.29.tgz 0ms (cache hit)
3238 http cache browserslist@https://registry.npmjs.org/browserslist/-/browserslist-4.28.2.tgz 0ms (cache hit)
3239 http cache postcss-value-parser@https://registry.npmjs.org/postcss-value-parser/-/postcss-value-parser-4.2.0.tgz 0ms (cache hit)
3240 http cache @types/mdx@https://registry.npmjs.org/@types/mdx/-/mdx-2.0.13.tgz 0ms (cache hit)
3241 http cache source-map@https://registry.npmjs.org/source-map/-/source-map-0.7.6.tgz 0ms (cache hit)
3242 http cache @types/prop-types@https://registry.npmjs.org/@types/prop-types/-/prop-types-15.7.15.tgz 0ms (cache hit)
3243 http cache undici-types@https://registry.npmjs.org/undici-types/-/undici-types-6.21.0.tgz 0ms (cache hit)
3244 http cache typescript@https://registry.npmjs.org/typescript/-/typescript-5.9.3.tgz 0ms (cache hit)
3245 http cache remark-math@https://registry.npmjs.org/remark-math/-/remark-math-6.0.0.tgz 0ms (cache hit)
3246 http cache tailwindcss@https://registry.npmjs.org/tailwindcss/-/tailwindcss-3.4.19.tgz 0ms (cache hit)
3247 http cache rehype-katex@https://registry.npmjs.org/rehype-katex/-/rehype-katex-7.0.1.tgz 0ms (cache hit)
3248 http cache rehype-highlight@https://registry.npmjs.org/rehype-highlight/-/rehype-highlight-7.0.2.tgz 0ms (cache hit)
3249 http cache katex@https://registry.npmjs.org/katex/-/katex-0.16.45.tgz 0ms (cache hit)
3250 http cache next@https://registry.npmjs.org/next/-/next-14.2.35.tgz 0ms (cache hit)
3251 http cache react-dom@https://registry.npmjs.org/react-dom/-/react-dom-18.3.1.tgz 0ms (cache hit)
3252 http cache highlight.js@https://registry.npmjs.org/highlight.js/-/highlight.js-11.11.1.tgz 0ms (cache hit)
3253 http cache react@https://registry.npmjs.org/react/-/react-18.3.1.tgz 0ms (cache hit)
3254 http cache @types/react-dom@https://registry.npmjs.org/@types/react-dom/-/react-dom-18.3.7.tgz 0ms (cache hit)
3255 http cache @types/node@https://registry.npmjs.org/@types/node/-/node-20.19.40.tgz 0ms (cache hit)
3256 http cache eslint-config-next@https://registry.npmjs.org/eslint-config-next/-/eslint-config-next-14.2.35.tgz 0ms (cache hit)
3257 http cache autoprefixer@https://registry.npmjs.org/autoprefixer/-/autoprefixer-10.5.0.tgz 0ms (cache hit)
3258 http cache eslint@https://registry.npmjs.org/eslint/-/eslint-8.57.1.tgz 0ms (cache hit)
3259 http cache postcss@https://registry.npmjs.org/postcss/-/postcss-8.5.14.tgz 0ms (cache hit)
3260 http cache @next/mdx@https://registry.npmjs.org/@next/mdx/-/mdx-14.2.35.tgz 0ms (cache hit)
3261 http cache resolve@https://registry.npmjs.org/resolve/-/resolve-1.22.12.tgz 0ms (cache hit)
3262 http cache @mdx-js/react@https://registry.npmjs.org/@mdx-js/react/-/react-3.1.1.tgz 0ms (cache hit)
3263 http cache glob-parent@https://registry.npmjs.org/glob-parent/-/glob-parent-5.1.2.tgz 0ms (cache hit)
3264 http cache commander@https://registry.npmjs.org/commander/-/commander-4.1.1.tgz 0ms (cache hit)
3265 http cache @types/react@https://registry.npmjs.org/@types/react/-/react-18.3.28.tgz 0ms (cache hit)
3266 http cache strip-ansi@https://registry.npmjs.org/strip-ansi/-/strip-ansi-7.2.0.tgz 0ms (cache hit)
3267 http cache glob-parent@https://registry.npmjs.org/glob-parent/-/glob-parent-5.1.2.tgz 0ms (cache hit)
3268 http cache semver@https://registry.npmjs.org/semver/-/semver-6.3.1.tgz 0ms (cache hit)
3269 http cache ansi-styles@https://registry.npmjs.org/ansi-styles/-/ansi-styles-6.2.3.tgz 0ms (cache hit)
3270 http cache ansi-regex@https://registry.npmjs.org/ansi-regex/-/ansi-regex-6.2.2.tgz 0ms (cache hit)
3271 http cache strip-ansi@https://registry.npmjs.org/strip-ansi/-/strip-ansi-7.2.0.tgz 0ms (cache hit)
3272 http cache ansi-regex@https://registry.npmjs.org/ansi-regex/-/ansi-regex-6.2.2.tgz 0ms (cache hit)
3273 http cache string-width@https://registry.npmjs.org/string-width/-/string-width-4.2.3.tgz 0ms (cache hit)
3274 http cache emoji-regex@https://registry.npmjs.org/emoji-regex/-/emoji-regex-8.0.0.tgz 0ms (cache hit)
3275 http cache ansi-regex@https://registry.npmjs.org/ansi-regex/-/ansi-regex-6.2.2.tgz 0ms (cache hit)
3276 http cache strip-ansi@https://registry.npmjs.org/strip-ansi/-/strip-ansi-7.2.0.tgz 0ms (cache hit)
3277 http cache emoji-regex@https://registry.npmjs.org/emoji-regex/-/emoji-regex-8.0.0.tgz 0ms (cache hit)
3278 http cache debug@https://registry.npmjs.org/debug/-/debug-3.2.7.tgz 0ms (cache hit)
3279 http cache glob@https://registry.npmjs.org/glob/-/glob-7.2.3.tgz 0ms (cache hit)
3280 http cache picomatch@https://registry.npmjs.org/picomatch/-/picomatch-4.0.4.tgz 0ms (cache hit)
3281 http cache brace-expansion@https://registry.npmjs.org/brace-expansion/-/brace-expansion-5.0.6.tgz 0ms (cache hit)
3282 http cache fdir@https://registry.npmjs.org/fdir/-/fdir-6.5.0.tgz 0ms (cache hit)
3283 http cache minimatch@https://registry.npmjs.org/minimatch/-/minimatch-9.0.9.tgz 0ms (cache hit)
3284 http cache brace-expansion@https://registry.npmjs.org/brace-expansion/-/brace-expansion-2.1.0.tgz 0ms (cache hit)
3285 http cache doctrine@https://registry.npmjs.org/doctrine/-/doctrine-2.1.0.tgz 0ms (cache hit)
3286 http cache semver@https://registry.npmjs.org/semver/-/semver-6.3.1.tgz 0ms (cache hit)
3287 http cache balanced-match@https://registry.npmjs.org/balanced-match/-/balanced-match-4.0.4.tgz 0ms (cache hit)
3288 http cache minimatch@https://registry.npmjs.org/minimatch/-/minimatch-10.2.5.tgz 0ms (cache hit)
3289 http cache debug@https://registry.npmjs.org/debug/-/debug-3.2.7.tgz 0ms (cache hit)
3290 http cache eslint-visitor-keys@https://registry.npmjs.org/eslint-visitor-keys/-/eslint-visitor-keys-5.0.1.tgz 0ms (cache hit)
3291 http cache debug@https://registry.npmjs.org/debug/-/debug-3.2.7.tgz 0ms (cache hit)
3292 http cache doctrine@https://registry.npmjs.org/doctrine/-/doctrine-2.1.0.tgz 0ms (cache hit)
3293 silly tarball no local data for wrappy@https://registry.npmjs.org/wrappy/-/wrappy-1.0.2.tgz. Extracting by manifest.
3294 silly tarball no local data for once@https://registry.npmjs.org/once/-/once-1.4.0.tgz. Extracting by manifest.
3295 http cache postcss@https://registry.npmjs.org/postcss/-/postcss-8.4.31.tgz 0ms (cache hit)
3296 silly tarball no local data for inherits@https://registry.npmjs.org/inherits/-/inherits-2.0.4.tgz. Extracting by manifest.
3297 silly tarball no local data for path-is-absolute@https://registry.npmjs.org/path-is-absolute/-/path-is-absolute-1.0.1.tgz. Extracting by manifest.
3298 silly tarball no local data for is-weakset@https://registry.npmjs.org/is-weakset/-/is-weakset-2.0.4.tgz. Extracting by manifest.
3299 silly tarball no local data for is-weakmap@https://registry.npmjs.org/is-weakmap/-/is-weakmap-2.0.2.tgz. Extracting by manifest.
3300 silly tarball no local data for inflight@https://registry.npmjs.org/inflight/-/inflight-1.0.6.tgz. Extracting by manifest.
3301 http cache ignore@https://registry.npmjs.org/ignore/-/ignore-7.0.5.tgz 0ms (cache hit)
3302 http cache resolve@https://registry.npmjs.org/resolve/-/resolve-1.22.12.tgz 0ms (cache hit)
3303 http cache semver@https://registry.npmjs.org/semver/-/semver-6.3.1.tgz 0ms (cache hit)
3304 silly tarball no local data for which-collection@https://registry.npmjs.org/which-collection/-/which-collection-1.0.2.tgz. Extracting by manifest.
3305 silly tarball no local data for async-function@https://registry.npmjs.org/async-function/-/async-function-1.0.0.tgz. Extracting by manifest.
3306 silly tarball no local data for fs.realpath@https://registry.npmjs.org/fs.realpath/-/fs.realpath-1.0.0.tgz. Extracting by manifest.
3307 silly tarball no local data for generator-function@https://registry.npmjs.org/generator-function/-/generator-function-2.0.1.tgz. Extracting by manifest.
3308 silly tarball no local data for is-async-function@https://registry.npmjs.org/is-async-function/-/is-async-function-2.1.1.tgz. Extracting by manifest.
3309 silly tarball no local data for is-finalizationregistry@https://registry.npmjs.org/is-finalizationregistry/-/is-finalizationregistry-1.1.1.tgz. Extracting by manifest.
3310 silly tarball no local data for is-map@https://registry.npmjs.org/is-map/-/is-map-2.0.3.tgz. Extracting by manifest.
3311 silly tarball no local data for is-generator-function@https://registry.npmjs.org/is-generator-function/-/is-generator-function-1.1.2.tgz. Extracting by manifest.
3312 silly tarball no local data for isexe@https://registry.npmjs.org/isexe/-/isexe-2.0.0.tgz. Extracting by manifest.
3313 silly tarball no local data for is-bigint@https://registry.npmjs.org/is-bigint/-/is-bigint-1.1.0.tgz. Extracting by manifest.
3314 silly tarball no local data for punycode@https://registry.npmjs.org/punycode/-/punycode-2.3.1.tgz. Extracting by manifest.
3315 silly tarball no local data for trough@https://registry.npmjs.org/trough/-/trough-2.2.0.tgz. Extracting by manifest.
3316 silly tarball no local data for napi-postinstall@https://registry.npmjs.org/napi-postinstall/-/napi-postinstall-0.3.4.tgz. Extracting by manifest.
3317 silly tarball no local data for is-number-object@https://registry.npmjs.org/is-number-object/-/is-number-object-1.1.1.tgz. Extracting by manifest.
3318 silly tarball no local data for @unrs/resolver-binding-darwin-arm64@https://registry.npmjs.org/@unrs/resolver-binding-darwin-arm64/-/resolver-binding-darwin-arm64-1.11.1.tgz. Extracting by manifest.
3319 silly tarball no local data for is-boolean-object@https://registry.npmjs.org/is-boolean-object/-/is-boolean-object-1.2.2.tgz. Extracting by manifest.
3320 silly tarball no local data for escalade@https://registry.npmjs.org/escalade/-/escalade-3.2.0.tgz. Extracting by manifest.
3321 silly tarball no local data for extend@https://registry.npmjs.org/extend/-/extend-3.0.2.tgz. Extracting by manifest.
3322 silly tarball no local data for bail@https://registry.npmjs.org/bail/-/bail-2.0.2.tgz. Extracting by manifest.
3323 silly tarball no local data for reflect.getprototypeof@https://registry.npmjs.org/reflect.getprototypeof/-/reflect.getprototypeof-1.0.10.tgz. Extracting by manifest.
3324 silly tarball no local data for has-bigints@https://registry.npmjs.org/has-bigints/-/has-bigints-1.1.0.tgz. Extracting by manifest.
3325 silly tarball no local data for which-boxed-primitive@https://registry.npmjs.org/which-boxed-primitive/-/which-boxed-primitive-1.1.1.tgz. Extracting by manifest.
3326 silly tarball no local data for for-each@https://registry.npmjs.org/for-each/-/for-each-0.3.5.tgz. Extracting by manifest.
3327 silly tarball no local data for which-builtin-type@https://registry.npmjs.org/which-builtin-type/-/which-builtin-type-1.2.1.tgz. Extracting by manifest.
3328 silly tarball no local data for json5@https://registry.npmjs.org/json5/-/json5-1.0.2.tgz. Extracting by manifest.
3329 silly tarball no local data for is-plain-obj@https://registry.npmjs.org/is-plain-obj/-/is-plain-obj-4.1.0.tgz. Extracting by manifest.
3330 silly tarball no local data for @types/json5@https://registry.npmjs.org/@types/json5/-/json5-0.0.29.tgz. Extracting by manifest.
3331 silly tarball no local data for strip-bom@https://registry.npmjs.org/strip-bom/-/strip-bom-3.0.0.tgz. Extracting by manifest.
3332 silly tarball no local data for is-number@https://registry.npmjs.org/is-number/-/is-number-7.0.0.tgz. Extracting by manifest.
3333 silly tarball no local data for minimist@https://registry.npmjs.org/minimist/-/minimist-1.2.8.tgz. Extracting by manifest.
3334 silly tarball no local data for thenify@https://registry.npmjs.org/thenify/-/thenify-3.3.1.tgz. Extracting by manifest.
3335 silly tarball no local data for any-promise@https://registry.npmjs.org/any-promise/-/any-promise-1.3.0.tgz. Extracting by manifest.
3336 silly tarball no local data for thenify-all@https://registry.npmjs.org/thenify-all/-/thenify-all-1.6.0.tgz. Extracting by manifest.
3337 silly tarball no local data for @jridgewell/sourcemap-codec@https://registry.npmjs.org/@jridgewell/sourcemap-codec/-/sourcemap-codec-1.5.5.tgz. Extracting by manifest.
3338 silly tarball no local data for mz@https://registry.npmjs.org/mz/-/mz-2.7.0.tgz. Extracting by manifest.
3339 silly tarball no local data for @jridgewell/trace-mapping@https://registry.npmjs.org/@jridgewell/trace-mapping/-/trace-mapping-0.3.31.tgz. Extracting by manifest.
3340 silly tarball no local data for @jridgewell/resolve-uri@https://registry.npmjs.org/@jridgewell/resolve-uri/-/resolve-uri-3.1.2.tgz. Extracting by manifest.
3341 silly tarball no local data for pirates@https://registry.npmjs.org/pirates/-/pirates-4.0.7.tgz. Extracting by manifest.
3342 silly tarball no local data for ts-interface-checker@https://registry.npmjs.org/ts-interface-checker/-/ts-interface-checker-0.1.13.tgz. Extracting by manifest.
3343 silly tarball no local data for @jridgewell/gen-mapping@https://registry.npmjs.org/@jridgewell/gen-mapping/-/gen-mapping-0.3.13.tgz. Extracting by manifest.
3344 silly tarball no local data for camelcase-css@https://registry.npmjs.org/camelcase-css/-/camelcase-css-2.0.1.tgz. Extracting by manifest.
3345 silly tarball no local data for lines-and-columns@https://registry.npmjs.org/lines-and-columns/-/lines-and-columns-1.2.4.tgz. Extracting by manifest.
3346 silly tarball no local data for util-deprecate@https://registry.npmjs.org/util-deprecate/-/util-deprecate-1.0.2.tgz. Extracting by manifest.
3347 silly tarball no local data for read-cache@https://registry.npmjs.org/read-cache/-/read-cache-1.0.0.tgz. Extracting by manifest.
3348 silly tarball no local data for binary-extensions@https://registry.npmjs.org/binary-extensions/-/binary-extensions-2.3.0.tgz. Extracting by manifest.
3349 silly tarball no local data for cssesc@https://registry.npmjs.org/cssesc/-/cssesc-3.0.0.tgz. Extracting by manifest.
3350 silly tarball no local data for pify@https://registry.npmjs.org/pify/-/pify-2.3.0.tgz. Extracting by manifest.
3351 silly tarball no local data for fill-range@https://registry.npmjs.org/fill-range/-/fill-range-7.1.1.tgz. Extracting by manifest.
3352 silly tarball no local data for to-regex-range@https://registry.npmjs.org/to-regex-range/-/to-regex-range-5.0.1.tgz. Extracting by manifest.
3353 silly tarball no local data for is-binary-path@https://registry.npmjs.org/is-binary-path/-/is-binary-path-2.1.0.tgz. Extracting by manifest.
3354 silly tarball no local data for anymatch@https://registry.npmjs.org/anymatch/-/anymatch-3.1.3.tgz. Extracting by manifest.
3355 silly tarball no local data for fsevents@https://registry.npmjs.org/fsevents/-/fsevents-2.3.3.tgz. Extracting by manifest.
3356 silly tarball no local data for picomatch@https://registry.npmjs.org/picomatch/-/picomatch-2.3.2.tgz. Extracting by manifest.
3357 silly tarball no local data for readdirp@https://registry.npmjs.org/readdirp/-/readdirp-3.6.0.tgz. Extracting by manifest.
3358 silly tarball no local data for sucrase@https://registry.npmjs.org/sucrase/-/sucrase-3.35.1.tgz. Extracting by manifest.
3359 silly tarball no local data for postcss-import@https://registry.npmjs.org/postcss-import/-/postcss-import-15.1.0.tgz. Extracting by manifest.
3360 silly tarball no local data for merge2@https://registry.npmjs.org/merge2/-/merge2-1.4.1.tgz. Extracting by manifest.
3361 silly tarball no local data for postcss-nested@https://registry.npmjs.org/postcss-nested/-/postcss-nested-6.2.0.tgz. Extracting by manifest.
3362 silly tarball no local data for postcss-load-config@https://registry.npmjs.org/postcss-load-config/-/postcss-load-config-6.0.1.tgz. Extracting by manifest.
3363 silly tarball no local data for postcss-selector-parser@https://registry.npmjs.org/postcss-selector-parser/-/postcss-selector-parser-6.1.2.tgz. Extracting by manifest.
3364 silly tarball no local data for postcss-js@https://registry.npmjs.org/postcss-js/-/postcss-js-4.1.0.tgz. Extracting by manifest.
3365 silly tarball no local data for lilconfig@https://registry.npmjs.org/lilconfig/-/lilconfig-3.1.3.tgz. Extracting by manifest.
3366 silly tarball no local data for object-hash@https://registry.npmjs.org/object-hash/-/object-hash-3.0.0.tgz. Extracting by manifest.
3367 silly tarball no local data for micromatch@https://registry.npmjs.org/micromatch/-/micromatch-4.0.8.tgz. Extracting by manifest.
3368 silly tarball no local data for dlv@https://registry.npmjs.org/dlv/-/dlv-1.1.3.tgz. Extracting by manifest.
3369 silly tarball no local data for braces@https://registry.npmjs.org/braces/-/braces-3.0.3.tgz. Extracting by manifest.
3370 silly tarball no local data for @alloc/quick-lru@https://registry.npmjs.org/@alloc/quick-lru/-/quick-lru-5.2.0.tgz. Extracting by manifest.
3371 silly tarball no local data for jiti@https://registry.npmjs.org/jiti/-/jiti-1.21.7.tgz. Extracting by manifest.
3372 silly tarball no local data for arg@https://registry.npmjs.org/arg/-/arg-5.0.2.tgz. Extracting by manifest.
3373 silly tarball no local data for didyoumean@https://registry.npmjs.org/didyoumean/-/didyoumean-1.2.2.tgz. Extracting by manifest.
3374 silly tarball no local data for client-only@https://registry.npmjs.org/client-only/-/client-only-0.0.1.tgz. Extracting by manifest.
3375 silly tarball no local data for normalize-path@https://registry.npmjs.org/normalize-path/-/normalize-path-3.0.0.tgz. Extracting by manifest.
3376 silly tarball no local data for fast-glob@https://registry.npmjs.org/fast-glob/-/fast-glob-3.3.3.tgz. Extracting by manifest.
3377 silly tarball no local data for ansi-regex@https://registry.npmjs.org/ansi-regex/-/ansi-regex-5.0.1.tgz. Extracting by manifest.
3378 silly tarball no local data for has-flag@https://registry.npmjs.org/has-flag/-/has-flag-4.0.0.tgz. Extracting by manifest.
3379 silly tarball no local data for is-fullwidth-code-point@https://registry.npmjs.org/is-fullwidth-code-point/-/is-fullwidth-code-point-3.0.0.tgz. Extracting by manifest.
3380 silly tarball no local data for side-channel-map@https://registry.npmjs.org/side-channel-map/-/side-channel-map-1.0.1.tgz. Extracting by manifest.
3381 silly tarball no local data for chokidar@https://registry.npmjs.org/chokidar/-/chokidar-3.6.0.tgz. Extracting by manifest.
3382 silly tarball no local data for side-channel-list@https://registry.npmjs.org/side-channel-list/-/side-channel-list-1.0.1.tgz. Extracting by manifest.
3383 silly tarball no local data for eastasianwidth@https://registry.npmjs.org/eastasianwidth/-/eastasianwidth-0.2.0.tgz. Extracting by manifest.
3384 silly tarball no local data for isarray@https://registry.npmjs.org/isarray/-/isarray-2.0.5.tgz. Extracting by manifest.
3385 silly tarball no local data for shebang-regex@https://registry.npmjs.org/shebang-regex/-/shebang-regex-3.0.0.tgz. Extracting by manifest.
3386 silly tarball no local data for side-channel-weakmap@https://registry.npmjs.org/side-channel-weakmap/-/side-channel-weakmap-1.0.2.tgz. Extracting by manifest.
3387 silly tarball no local data for node-exports-info@https://registry.npmjs.org/node-exports-info/-/node-exports-info-1.6.0.tgz. Extracting by manifest.
3388 silly tarball no local data for path-parse@https://registry.npmjs.org/path-parse/-/path-parse-1.0.7.tgz. Extracting by manifest.
3389 silly tarball no local data for queue-microtask@https://registry.npmjs.org/queue-microtask/-/queue-microtask-1.2.3.tgz. Extracting by manifest.
3390 silly tarball no local data for micromark-factory-whitespace@https://registry.npmjs.org/micromark-factory-whitespace/-/micromark-factory-whitespace-2.0.1.tgz. Extracting by manifest.
3391 silly tarball no local data for micromark-factory-label@https://registry.npmjs.org/micromark-factory-label/-/micromark-factory-label-2.0.1.tgz. Extracting by manifest.
3392 silly tarball no local data for supports-preserve-symlinks-flag@https://registry.npmjs.org/supports-preserve-symlinks-flag/-/supports-preserve-symlinks-flag-1.0.0.tgz. Extracting by manifest.
3393 silly tarball no local data for micromark-util-html-tag-name@https://registry.npmjs.org/micromark-util-html-tag-name/-/micromark-util-html-tag-name-2.0.1.tgz. Extracting by manifest.
3394 silly tarball no local data for micromark-factory-destination@https://registry.npmjs.org/micromark-factory-destination/-/micromark-factory-destination-2.0.1.tgz. Extracting by manifest.
3395 silly tarball no local data for micromark-util-subtokenize@https://registry.npmjs.org/micromark-util-subtokenize/-/micromark-util-subtokenize-2.1.0.tgz. Extracting by manifest.
3396 silly tarball no local data for micromark-factory-title@https://registry.npmjs.org/micromark-factory-title/-/micromark-factory-title-2.0.1.tgz. Extracting by manifest.
3397 silly tarball no local data for micromark-util-sanitize-uri@https://registry.npmjs.org/micromark-util-sanitize-uri/-/micromark-util-sanitize-uri-2.0.1.tgz. Extracting by manifest.
3398 silly tarball no local data for micromark-util-encode@https://registry.npmjs.org/micromark-util-encode/-/micromark-util-encode-2.0.1.tgz. Extracting by manifest.
3399 silly tarball no local data for micromark-factory-space@https://registry.npmjs.org/micromark-factory-space/-/micromark-factory-space-2.0.1.tgz. Extracting by manifest.
3400 silly tarball no local data for micromark-util-chunked@https://registry.npmjs.org/micromark-util-chunked/-/micromark-util-chunked-2.0.1.tgz. Extracting by manifest.
3401 silly tarball no local data for @types/ms@https://registry.npmjs.org/@types/ms/-/ms-2.1.0.tgz. Extracting by manifest.
3402 silly tarball no local data for micromark-util-character@https://registry.npmjs.org/micromark-util-character/-/micromark-util-character-2.1.1.tgz. Extracting by manifest.
3403 silly tarball no local data for micromark-util-resolve-all@https://registry.npmjs.org/micromark-util-resolve-all/-/micromark-util-resolve-all-2.0.1.tgz. Extracting by manifest.
3404 silly tarball no local data for micromark-util-combine-extensions@https://registry.npmjs.org/micromark-util-combine-extensions/-/micromark-util-combine-extensions-2.0.1.tgz. Extracting by manifest.
3405 silly tarball no local data for unist-util-is@https://registry.npmjs.org/unist-util-is/-/unist-util-is-6.0.1.tgz. Extracting by manifest.
3406 silly tarball no local data for zwitch@https://registry.npmjs.org/zwitch/-/zwitch-2.0.4.tgz. Extracting by manifest.
3407 silly tarball no local data for micromark-core-commonmark@https://registry.npmjs.org/micromark-core-commonmark/-/micromark-core-commonmark-2.0.3.tgz. Extracting by manifest.
3408 silly tarball no local data for micromark-util-classify-character@https://registry.npmjs.org/micromark-util-classify-character/-/micromark-util-classify-character-2.0.1.tgz. Extracting by manifest.
3409 silly tarball no local data for @types/debug@https://registry.npmjs.org/@types/debug/-/debug-4.1.13.tgz. Extracting by manifest.
3410 silly tarball no local data for micromark-util-decode-string@https://registry.npmjs.org/micromark-util-decode-string/-/micromark-util-decode-string-2.0.1.tgz. Extracting by manifest.
3411 silly tarball no local data for micromark-util-types@https://registry.npmjs.org/micromark-util-types/-/micromark-util-types-2.0.2.tgz. Extracting by manifest.
3412 silly tarball no local data for unist-util-stringify-position@https://registry.npmjs.org/unist-util-stringify-position/-/unist-util-stringify-position-4.0.0.tgz. Extracting by manifest.
3413 silly tarball no local data for mdast-util-phrasing@https://registry.npmjs.org/mdast-util-phrasing/-/mdast-util-phrasing-4.1.0.tgz. Extracting by manifest.
3414 silly tarball no local data for micromark-util-normalize-identifier@https://registry.npmjs.org/micromark-util-normalize-identifier/-/micromark-util-normalize-identifier-2.0.1.tgz. Extracting by manifest.
3415 silly tarball no local data for character-entities@https://registry.npmjs.org/character-entities/-/character-entities-2.0.2.tgz. Extracting by manifest.
3416 silly tarball no local data for micromark@https://registry.npmjs.org/micromark/-/micromark-4.0.2.tgz. Extracting by manifest.
3417 silly tarball no local data for micromark-util-decode-numeric-character-reference@https://registry.npmjs.org/micromark-util-decode-numeric-character-reference/-/micromark-util-decode-numeric-character-reference-2.0.2.tgz. Extracting by manifest.
3418 silly tarball no local data for mdast-util-to-string@https://registry.npmjs.org/mdast-util-to-string/-/mdast-util-to-string-4.0.0.tgz. Extracting by manifest.
3419 silly tarball no local data for mdast-util-to-markdown@https://registry.npmjs.org/mdast-util-to-markdown/-/mdast-util-to-markdown-2.1.2.tgz. Extracting by manifest.
3420 silly tarball no local data for micromark-util-symbol@https://registry.npmjs.org/micromark-util-symbol/-/micromark-util-symbol-2.0.1.tgz. Extracting by manifest.
3421 silly tarball no local data for unified@https://registry.npmjs.org/unified/-/unified-11.0.5.tgz. Extracting by manifest.
3422 silly tarball no local data for longest-streak@https://registry.npmjs.org/longest-streak/-/longest-streak-3.1.0.tgz. Extracting by manifest.
3423 silly tarball no local data for mdast-util-math@https://registry.npmjs.org/mdast-util-math/-/mdast-util-math-3.0.0.tgz. Extracting by manifest.
3424 silly tarball no local data for decode-named-character-reference@https://registry.npmjs.org/decode-named-character-reference/-/decode-named-character-reference-1.3.0.tgz. Extracting by manifest.
3425 silly tarball no local data for mdast-util-from-markdown@https://registry.npmjs.org/mdast-util-from-markdown/-/mdast-util-from-markdown-2.0.3.tgz. Extracting by manifest.
3426 silly tarball no local data for micromark-extension-math@https://registry.npmjs.org/micromark-extension-math/-/micromark-extension-math-3.1.0.tgz. Extracting by manifest.
3427 silly tarball no local data for entities@https://registry.npmjs.org/entities/-/entities-6.0.1.tgz. Extracting by manifest.
3428 silly tarball no local data for vfile-message@https://registry.npmjs.org/vfile-message/-/vfile-message-4.0.3.tgz. Extracting by manifest.
3429 silly tarball no local data for hast-util-parse-selector@https://registry.npmjs.org/hast-util-parse-selector/-/hast-util-parse-selector-4.0.0.tgz. Extracting by manifest.
3430 silly tarball no local data for space-separated-tokens@https://registry.npmjs.org/space-separated-tokens/-/space-separated-tokens-2.0.2.tgz. Extracting by manifest.
3431 silly tarball no local data for vfile-location@https://registry.npmjs.org/vfile-location/-/vfile-location-5.0.3.tgz. Extracting by manifest.
3432 silly tarball no local data for @types/mdast@https://registry.npmjs.org/@types/mdast/-/mdast-4.0.4.tgz. Extracting by manifest.
3433 silly tarball no local data for property-information@https://registry.npmjs.org/property-information/-/property-information-7.1.0.tgz. Extracting by manifest.
3434 silly tarball no local data for web-namespaces@https://registry.npmjs.org/web-namespaces/-/web-namespaces-2.0.1.tgz. Extracting by manifest.
3435 silly tarball no local data for comma-separated-tokens@https://registry.npmjs.org/comma-separated-tokens/-/comma-separated-tokens-2.0.3.tgz. Extracting by manifest.
3436 silly tarball no local data for hast-util-from-parse5@https://registry.npmjs.org/hast-util-from-parse5/-/hast-util-from-parse5-8.0.3.tgz. Extracting by manifest.
3437 silly tarball no local data for hast-util-from-html@https://registry.npmjs.org/hast-util-from-html/-/hast-util-from-html-2.0.3.tgz. Extracting by manifest.
3438 silly tarball no local data for hastscript@https://registry.npmjs.org/hastscript/-/hastscript-9.0.1.tgz. Extracting by manifest.
3439 silly tarball no local data for parse5@https://registry.npmjs.org/parse5/-/parse5-7.3.0.tgz. Extracting by manifest.
3440 silly tarball no local data for dequal@https://registry.npmjs.org/dequal/-/dequal-2.0.3.tgz. Extracting by manifest.
3441 silly tarball no local data for hast-util-from-dom@https://registry.npmjs.org/hast-util-from-dom/-/hast-util-from-dom-5.0.1.tgz. Extracting by manifest.
3442 silly tarball no local data for devlop@https://registry.npmjs.org/devlop/-/devlop-1.1.0.tgz. Extracting by manifest.
3443 silly tarball no local data for unist-util-remove-position@https://registry.npmjs.org/unist-util-remove-position/-/unist-util-remove-position-5.0.0.tgz. Extracting by manifest.
3444 silly tarball no local data for vfile@https://registry.npmjs.org/vfile/-/vfile-6.0.3.tgz. Extracting by manifest.
3445 silly tarball no local data for hast-util-from-html-isomorphic@https://registry.npmjs.org/hast-util-from-html-isomorphic/-/hast-util-from-html-isomorphic-2.0.0.tgz. Extracting by manifest.
3446 silly tarball no local data for @types/unist@https://registry.npmjs.org/@types/unist/-/unist-3.0.3.tgz. Extracting by manifest.
3447 silly tarball no local data for @types/katex@https://registry.npmjs.org/@types/katex/-/katex-0.16.8.tgz. Extracting by manifest.
3448 silly tarball no local data for hast-util-is-element@https://registry.npmjs.org/hast-util-is-element/-/hast-util-is-element-3.0.0.tgz. Extracting by manifest.
3449 silly tarball no local data for unist-util-visit-parents@https://registry.npmjs.org/unist-util-visit-parents/-/unist-util-visit-parents-6.0.2.tgz. Extracting by manifest.
3450 silly tarball no local data for @types/hast@https://registry.npmjs.org/@types/hast/-/hast-3.0.4.tgz. Extracting by manifest.
3451 silly tarball no local data for unist-util-visit@https://registry.npmjs.org/unist-util-visit/-/unist-util-visit-5.1.0.tgz. Extracting by manifest.
3452 silly tarball no local data for hast-util-to-text@https://registry.npmjs.org/hast-util-to-text/-/hast-util-to-text-4.0.2.tgz. Extracting by manifest.
3453 silly tarball no local data for lowlight@https://registry.npmjs.org/lowlight/-/lowlight-3.3.0.tgz. Extracting by manifest.
3454 silly tarball no local data for react-is@https://registry.npmjs.org/react-is/-/react-is-16.13.1.tgz. Extracting by manifest.
3455 silly tarball no local data for js-tokens@https://registry.npmjs.org/js-tokens/-/js-tokens-4.0.0.tgz. Extracting by manifest.
3456 silly tarball no local data for scheduler@https://registry.npmjs.org/scheduler/-/scheduler-0.23.2.tgz. Extracting by manifest.
3457 silly tarball no local data for nanoid@https://registry.npmjs.org/nanoid/-/nanoid-3.3.12.tgz. Extracting by manifest.
3458 silly tarball no local data for object-assign@https://registry.npmjs.org/object-assign/-/object-assign-4.1.1.tgz. Extracting by manifest.
3459 silly tarball no local data for unist-util-find-after@https://registry.npmjs.org/unist-util-find-after/-/unist-util-find-after-5.0.0.tgz. Extracting by manifest.
3460 silly tarball no local data for loose-envify@https://registry.npmjs.org/loose-envify/-/loose-envify-1.4.0.tgz. Extracting by manifest.
3461 silly tarball no local data for source-map-js@https://registry.npmjs.org/source-map-js/-/source-map-js-1.2.1.tgz. Extracting by manifest.
3462 silly tarball no local data for lru-cache@https://registry.npmjs.org/lru-cache/-/lru-cache-10.4.3.tgz. Extracting by manifest.
3463 silly tarball no local data for p-limit@https://registry.npmjs.org/p-limit/-/p-limit-3.1.0.tgz. Extracting by manifest.
3464 silly tarball no local data for word-wrap@https://registry.npmjs.org/word-wrap/-/word-wrap-1.2.5.tgz. Extracting by manifest.
3465 silly tarball no local data for streamsearch@https://registry.npmjs.org/streamsearch/-/streamsearch-1.1.0.tgz. Extracting by manifest.
3466 silly tarball no local data for fast-levenshtein@https://registry.npmjs.org/fast-levenshtein/-/fast-levenshtein-2.0.6.tgz. Extracting by manifest.
3467 silly tarball no local data for yocto-queue@https://registry.npmjs.org/yocto-queue/-/yocto-queue-0.1.0.tgz. Extracting by manifest.
3468 silly tarball no local data for @swc/counter@https://registry.npmjs.org/@swc/counter/-/counter-0.1.3.tgz. Extracting by manifest.
3469 silly tarball no local data for callsites@https://registry.npmjs.org/callsites/-/callsites-3.1.0.tgz. Extracting by manifest.
3470 silly tarball no local data for @swc/helpers@https://registry.npmjs.org/@swc/helpers/-/helpers-0.5.5.tgz. Extracting by manifest.
3471 silly tarball no local data for graceful-fs@https://registry.npmjs.org/graceful-fs/-/graceful-fs-4.2.11.tgz. Extracting by manifest.
3472 silly tarball no local data for deep-is@https://registry.npmjs.org/deep-is/-/deep-is-0.1.4.tgz. Extracting by manifest.
3473 silly tarball no local data for concat-map@https://registry.npmjs.org/concat-map/-/concat-map-0.0.1.tgz. Extracting by manifest.
3474 silly tarball no local data for styled-jsx@https://registry.npmjs.org/styled-jsx/-/styled-jsx-5.1.1.tgz. Extracting by manifest.
3475 silly tarball no local data for tslib@https://registry.npmjs.org/tslib/-/tslib-2.8.1.tgz. Extracting by manifest.
3476 silly tarball no local data for @next/env@https://registry.npmjs.org/@next/env/-/env-14.2.35.tgz. Extracting by manifest.
3477 silly tarball no local data for @next/swc-darwin-arm64@https://registry.npmjs.org/@next/swc-darwin-arm64/-/swc-darwin-arm64-14.2.33.tgz. Extracting by manifest.
3478 silly tarball no local data for p-locate@https://registry.npmjs.org/p-locate/-/p-locate-5.0.0.tgz. Extracting by manifest.
3479 silly tarball no local data for brace-expansion@https://registry.npmjs.org/brace-expansion/-/brace-expansion-1.1.14.tgz. Extracting by manifest.
3480 silly tarball no local data for balanced-match@https://registry.npmjs.org/balanced-match/-/balanced-match-1.0.2.tgz. Extracting by manifest.
3481 silly tarball no local data for busboy@https://registry.npmjs.org/busboy/-/busboy-1.6.0.tgz. Extracting by manifest.
3482 silly tarball no local data for commander@https://registry.npmjs.org/commander/-/commander-8.3.0.tgz. Extracting by manifest.
3483 silly tarball no local data for type-check@https://registry.npmjs.org/type-check/-/type-check-0.4.0.tgz. Extracting by manifest.
3484 silly tarball no local data for language-subtag-registry@https://registry.npmjs.org/language-subtag-registry/-/language-subtag-registry-0.3.23.tgz. Extracting by manifest.
3485 silly tarball no local data for prelude-ls@https://registry.npmjs.org/prelude-ls/-/prelude-ls-1.2.1.tgz. Extracting by manifest.
3486 silly tarball no local data for wrap-ansi@https://registry.npmjs.org/wrap-ansi/-/wrap-ansi-8.1.0.tgz. Extracting by manifest.
3487 silly tarball no local data for json-buffer@https://registry.npmjs.org/json-buffer/-/json-buffer-3.0.1.tgz. Extracting by manifest.
3488 silly tarball no local data for argparse@https://registry.npmjs.org/argparse/-/argparse-2.0.1.tgz. Extracting by manifest.
3489 silly tarball no local data for wrap-ansi-cjs@https://registry.npmjs.org/wrap-ansi/-/wrap-ansi-7.0.0.tgz. Extracting by manifest.
3490 silly tarball no local data for string-width@https://registry.npmjs.org/string-width/-/string-width-5.1.2.tgz. Extracting by manifest.
3491 silly tarball no local data for set-function-name@https://registry.npmjs.org/set-function-name/-/set-function-name-2.0.2.tgz. Extracting by manifest.
3492 silly tarball no local data for string-width-cjs@https://registry.npmjs.org/string-width/-/string-width-4.2.3.tgz. Extracting by manifest.
3493 silly tarball no local data for strip-ansi-cjs@https://registry.npmjs.org/strip-ansi/-/strip-ansi-6.0.1.tgz. Extracting by manifest.
3494 silly tarball no local data for is-extglob@https://registry.npmjs.org/is-extglob/-/is-extglob-2.1.1.tgz. Extracting by manifest.
3495 silly tarball no local data for signal-exit@https://registry.npmjs.org/signal-exit/-/signal-exit-4.1.0.tgz. Extracting by manifest.
3496 silly tarball no local data for @pkgjs/parseargs@https://registry.npmjs.org/@pkgjs/parseargs/-/parseargs-0.11.0.tgz. Extracting by manifest.
3497 silly tarball no local data for @isaacs/cliui@https://registry.npmjs.org/@isaacs/cliui/-/cliui-8.0.2.tgz. Extracting by manifest.
3498 silly tarball no local data for path-scurry@https://registry.npmjs.org/path-scurry/-/path-scurry-1.11.1.tgz. Extracting by manifest.
3499 silly tarball no local data for side-channel@https://registry.npmjs.org/side-channel/-/side-channel-1.1.0.tgz. Extracting by manifest.
3500 silly tarball no local data for resolve-from@https://registry.npmjs.org/resolve-from/-/resolve-from-4.0.0.tgz. Extracting by manifest.
3501 silly tarball no local data for jackspeak@https://registry.npmjs.org/jackspeak/-/jackspeak-2.3.6.tgz. Extracting by manifest.
3502 silly tarball no local data for minipass@https://registry.npmjs.org/minipass/-/minipass-7.1.3.tgz. Extracting by manifest.
3503 silly tarball no local data for functions-have-names@https://registry.npmjs.org/functions-have-names/-/functions-have-names-1.2.3.tgz. Extracting by manifest.
3504 silly tarball no local data for foreground-child@https://registry.npmjs.org/foreground-child/-/foreground-child-3.3.1.tgz. Extracting by manifest.
3505 silly tarball no local data for dunder-proto@https://registry.npmjs.org/dunder-proto/-/dunder-proto-1.0.1.tgz. Extracting by manifest.
3506 silly tarball no local data for parent-module@https://registry.npmjs.org/parent-module/-/parent-module-1.0.1.tgz. Extracting by manifest.
3507 silly tarball no local data for path-exists@https://registry.npmjs.org/path-exists/-/path-exists-4.0.0.tgz. Extracting by manifest.
3508 silly tarball no local data for rimraf@https://registry.npmjs.org/rimraf/-/rimraf-3.0.2.tgz. Extracting by manifest.
3509 silly tarball no local data for resolve-pkg-maps@https://registry.npmjs.org/resolve-pkg-maps/-/resolve-pkg-maps-1.0.0.tgz. Extracting by manifest.
3510 silly tarball no local data for keyv@https://registry.npmjs.org/keyv/-/keyv-4.5.4.tgz. Extracting by manifest.
3511 silly tarball no local data for type-fest@https://registry.npmjs.org/type-fest/-/type-fest-0.20.2.tgz. Extracting by manifest.
3512 silly tarball no local data for flatted@https://registry.npmjs.org/flatted/-/flatted-3.4.2.tgz. Extracting by manifest.
3513 silly tarball no local data for locate-path@https://registry.npmjs.org/locate-path/-/locate-path-6.0.0.tgz. Extracting by manifest.
3514 silly tarball no local data for flat-cache@https://registry.npmjs.org/flat-cache/-/flat-cache-3.2.0.tgz. Extracting by manifest.
3515 silly tarball no local data for acorn-jsx@https://registry.npmjs.org/acorn-jsx/-/acorn-jsx-5.3.2.tgz. Extracting by manifest.
3516 silly tarball no local data for acorn@https://registry.npmjs.org/acorn/-/acorn-8.16.0.tgz. Extracting by manifest.
3517 silly tarball no local data for reusify@https://registry.npmjs.org/reusify/-/reusify-1.1.0.tgz. Extracting by manifest.
3518 silly tarball no local data for esrecurse@https://registry.npmjs.org/esrecurse/-/esrecurse-4.3.0.tgz. Extracting by manifest.
3519 silly tarball no local data for string.prototype.matchall@https://registry.npmjs.org/string.prototype.matchall/-/string.prototype.matchall-4.0.12.tgz. Extracting by manifest.
3520 silly tarball no local data for estraverse@https://registry.npmjs.org/estraverse/-/estraverse-5.3.0.tgz. Extracting by manifest.
3521 silly tarball no local data for array.prototype.tosorted@https://registry.npmjs.org/array.prototype.tosorted/-/array.prototype.tosorted-1.1.4.tgz. Extracting by manifest.
3522 silly tarball no local data for object.entries@https://registry.npmjs.org/object.entries/-/object.entries-1.1.9.tgz. Extracting by manifest.
3523 silly tarball no local data for prop-types@https://registry.npmjs.org/prop-types/-/prop-types-15.8.1.tgz. Extracting by manifest.
3524 silly tarball no local data for string.prototype.repeat@https://registry.npmjs.org/string.prototype.repeat/-/string.prototype.repeat-1.0.0.tgz. Extracting by manifest.
3525 silly tarball no local data for es-iterator-helpers@https://registry.npmjs.org/es-iterator-helpers/-/es-iterator-helpers-1.3.2.tgz. Extracting by manifest.
3526 silly tarball no local data for array.prototype.findlast@https://registry.npmjs.org/array.prototype.findlast/-/array.prototype.findlast-1.2.5.tgz. Extracting by manifest.
3527 silly tarball no local data for iterator.prototype@https://registry.npmjs.org/iterator.prototype/-/iterator.prototype-1.1.5.tgz. Extracting by manifest.
3528 silly tarball no local data for jsx-ast-utils@https://registry.npmjs.org/jsx-ast-utils/-/jsx-ast-utils-3.3.5.tgz. Extracting by manifest.
3529 silly tarball no local data for language-tags@https://registry.npmjs.org/language-tags/-/language-tags-1.0.9.tgz. Extracting by manifest.
3530 silly tarball no local data for string.prototype.includes@https://registry.npmjs.org/string.prototype.includes/-/string.prototype.includes-2.0.1.tgz. Extracting by manifest.
3531 silly tarball no local data for damerau-levenshtein@https://registry.npmjs.org/damerau-levenshtein/-/damerau-levenshtein-1.0.8.tgz. Extracting by manifest.
3532 silly tarball no local data for axe-core@https://registry.npmjs.org/axe-core/-/axe-core-4.11.4.tgz. Extracting by manifest.
3533 silly tarball no local data for axobject-query@https://registry.npmjs.org/axobject-query/-/axobject-query-4.1.0.tgz. Extracting by manifest.
3534 silly tarball no local data for aria-query@https://registry.npmjs.org/aria-query/-/aria-query-5.3.2.tgz. Extracting by manifest.
3535 silly tarball no local data for is-symbol@https://registry.npmjs.org/is-symbol/-/is-symbol-1.1.1.tgz. Extracting by manifest.
3536 silly tarball no local data for possible-typed-array-names@https://registry.npmjs.org/possible-typed-array-names/-/possible-typed-array-names-1.1.0.tgz. Extracting by manifest.
3537 silly tarball no local data for emoji-regex@https://registry.npmjs.org/emoji-regex/-/emoji-regex-9.2.2.tgz. Extracting by manifest.
3538 silly tarball no local data for which-typed-array@https://registry.npmjs.org/which-typed-array/-/which-typed-array-1.1.20.tgz. Extracting by manifest.
3539 silly tarball no local data for has-tostringtag@https://registry.npmjs.org/has-tostringtag/-/has-tostringtag-1.0.2.tgz. Extracting by manifest.
3540 silly tarball no local data for typed-array-byte-offset@https://registry.npmjs.org/typed-array-byte-offset/-/typed-array-byte-offset-1.0.4.tgz. Extracting by manifest.
3541 silly tarball no local data for unbox-primitive@https://registry.npmjs.org/unbox-primitive/-/unbox-primitive-1.1.0.tgz. Extracting by manifest.
3542 silly tarball no local data for ast-types-flow@https://registry.npmjs.org/ast-types-flow/-/ast-types-flow-0.0.8.tgz. Extracting by manifest.
3543 silly tarball no local data for typed-array-length@https://registry.npmjs.org/typed-array-length/-/typed-array-length-1.0.7.tgz. Extracting by manifest.
3544 silly tarball no local data for typed-array-byte-length@https://registry.npmjs.org/typed-array-byte-length/-/typed-array-byte-length-1.0.3.tgz. Extracting by manifest.
3545 silly tarball no local data for typed-array-buffer@https://registry.npmjs.org/typed-array-buffer/-/typed-array-buffer-1.0.3.tgz. Extracting by manifest.
3546 silly tarball no local data for is-date-object@https://registry.npmjs.org/is-date-object/-/is-date-object-1.1.0.tgz. Extracting by manifest.
3547 silly tarball no local data for stop-iteration-iterator@https://registry.npmjs.org/stop-iteration-iterator/-/stop-iteration-iterator-1.1.0.tgz. Extracting by manifest.
3548 silly tarball no local data for string.prototype.trim@https://registry.npmjs.org/string.prototype.trim/-/string.prototype.trim-1.2.10.tgz. Extracting by manifest.
3549 silly tarball no local data for string.prototype.trimstart@https://registry.npmjs.org/string.prototype.trimstart/-/string.prototype.trimstart-1.0.8.tgz. Extracting by manifest.
3550 silly tarball no local data for safe-regex-test@https://registry.npmjs.org/safe-regex-test/-/safe-regex-test-1.1.0.tgz. Extracting by manifest.
3551 silly tarball no local data for own-keys@https://registry.npmjs.org/own-keys/-/own-keys-1.0.1.tgz. Extracting by manifest.
3552 silly tarball no local data for safe-push-apply@https://registry.npmjs.org/safe-push-apply/-/safe-push-apply-1.0.0.tgz. Extracting by manifest.
3553 silly tarball no local data for regexp.prototype.flags@https://registry.npmjs.org/regexp.prototype.flags/-/regexp.prototype.flags-1.5.4.tgz. Extracting by manifest.
3554 silly tarball no local data for object.assign@https://registry.npmjs.org/object.assign/-/object.assign-4.1.7.tgz. Extracting by manifest.
3555 silly tarball no local data for object-inspect@https://registry.npmjs.org/object-inspect/-/object-inspect-1.13.4.tgz. Extracting by manifest.
3556 silly tarball no local data for safe-array-concat@https://registry.npmjs.org/safe-array-concat/-/safe-array-concat-1.1.4.tgz. Extracting by manifest.
3557 silly tarball no local data for is-weakref@https://registry.npmjs.org/is-weakref/-/is-weakref-1.1.1.tgz. Extracting by manifest.
3558 silly tarball no local data for is-typed-array@https://registry.npmjs.org/is-typed-array/-/is-typed-array-1.1.15.tgz. Extracting by manifest.
3559 silly tarball no local data for is-shared-array-buffer@https://registry.npmjs.org/is-shared-array-buffer/-/is-shared-array-buffer-1.0.4.tgz. Extracting by manifest.
3560 silly tarball no local data for is-set@https://registry.npmjs.org/is-set/-/is-set-2.0.3.tgz. Extracting by manifest.
3561 silly tarball no local data for set-proto@https://registry.npmjs.org/set-proto/-/set-proto-1.0.0.tgz. Extracting by manifest.
3562 silly tarball no local data for is-regex@https://registry.npmjs.org/is-regex/-/is-regex-1.2.1.tgz. Extracting by manifest.
3563 silly tarball no local data for is-data-view@https://registry.npmjs.org/is-data-view/-/is-data-view-1.0.2.tgz. Extracting by manifest.
3564 silly tarball no local data for is-array-buffer@https://registry.npmjs.org/is-array-buffer/-/is-array-buffer-3.0.5.tgz. Extracting by manifest.
3565 silly tarball no local data for is-negative-zero@https://registry.npmjs.org/is-negative-zero/-/is-negative-zero-2.0.3.tgz. Extracting by manifest.
3566 silly tarball no local data for has-proto@https://registry.npmjs.org/has-proto/-/has-proto-1.2.0.tgz. Extracting by manifest.
3567 silly tarball no local data for internal-slot@https://registry.npmjs.org/internal-slot/-/internal-slot-1.1.0.tgz. Extracting by manifest.
3568 silly tarball no local data for has-symbols@https://registry.npmjs.org/has-symbols/-/has-symbols-1.1.0.tgz. Extracting by manifest.
3569 silly tarball no local data for globalthis@https://registry.npmjs.org/globalthis/-/globalthis-1.0.4.tgz. Extracting by manifest.
3570 silly tarball no local data for is-callable@https://registry.npmjs.org/is-callable/-/is-callable-1.2.7.tgz. Extracting by manifest.
3571 silly tarball no local data for es-set-tostringtag@https://registry.npmjs.org/es-set-tostringtag/-/es-set-tostringtag-2.1.0.tgz. Extracting by manifest.
3572 silly tarball no local data for function.prototype.name@https://registry.npmjs.org/function.prototype.name/-/function.prototype.name-1.1.8.tgz. Extracting by manifest.
3573 silly tarball no local data for get-symbol-description@https://registry.npmjs.org/get-symbol-description/-/get-symbol-description-1.1.0.tgz. Extracting by manifest.
3574 silly tarball no local data for get-proto@https://registry.npmjs.org/get-proto/-/get-proto-1.0.1.tgz. Extracting by manifest.
3575 silly tarball no local data for es-to-primitive@https://registry.npmjs.org/es-to-primitive/-/es-to-primitive-1.3.0.tgz. Extracting by manifest.
3576 silly tarball no local data for data-view-buffer@https://registry.npmjs.org/data-view-buffer/-/data-view-buffer-1.0.2.tgz. Extracting by manifest.
3577 silly tarball no local data for data-view-byte-length@https://registry.npmjs.org/data-view-byte-length/-/data-view-byte-length-1.0.2.tgz. Extracting by manifest.
3578 silly tarball no local data for arraybuffer.prototype.slice@https://registry.npmjs.org/arraybuffer.prototype.slice/-/arraybuffer.prototype.slice-1.0.4.tgz. Extracting by manifest.
3579 silly tarball no local data for data-view-byte-offset@https://registry.npmjs.org/data-view-byte-offset/-/data-view-byte-offset-1.0.1.tgz. Extracting by manifest.
3580 silly tarball no local data for object-keys@https://registry.npmjs.org/object-keys/-/object-keys-1.1.1.tgz. Extracting by manifest.
3581 silly tarball no local data for available-typed-arrays@https://registry.npmjs.org/available-typed-arrays/-/available-typed-arrays-1.0.7.tgz. Extracting by manifest.
3582 silly tarball no local data for gopd@https://registry.npmjs.org/gopd/-/gopd-1.2.0.tgz. Extracting by manifest.
3583 silly tarball no local data for function-bind@https://registry.npmjs.org/function-bind/-/function-bind-1.1.2.tgz. Extracting by manifest.
3584 silly tarball no local data for set-function-length@https://registry.npmjs.org/set-function-length/-/set-function-length-1.2.2.tgz. Extracting by manifest.
3585 silly tarball no local data for has-property-descriptors@https://registry.npmjs.org/has-property-descriptors/-/has-property-descriptors-1.0.2.tgz. Extracting by manifest.
3586 silly tarball no local data for es-define-property@https://registry.npmjs.org/es-define-property/-/es-define-property-1.0.1.tgz. Extracting by manifest.
3587 silly tarball no local data for define-data-property@https://registry.npmjs.org/define-data-property/-/define-data-property-1.1.4.tgz. Extracting by manifest.
3588 silly tarball no local data for es-errors@https://registry.npmjs.org/es-errors/-/es-errors-1.3.0.tgz. Extracting by manifest.
3589 silly tarball no local data for call-bind-apply-helpers@https://registry.npmjs.org/call-bind-apply-helpers/-/call-bind-apply-helpers-1.0.2.tgz. Extracting by manifest.
3590 silly tarball no local data for array-buffer-byte-length@https://registry.npmjs.org/array-buffer-byte-length/-/array-buffer-byte-length-1.0.2.tgz. Extracting by manifest.
3591 silly tarball no local data for es-shim-unscopables@https://registry.npmjs.org/es-shim-unscopables/-/es-shim-unscopables-1.1.0.tgz. Extracting by manifest.
3592 silly tarball no local data for math-intrinsics@https://registry.npmjs.org/math-intrinsics/-/math-intrinsics-1.1.0.tgz. Extracting by manifest.
3593 silly tarball no local data for is-string@https://registry.npmjs.org/is-string/-/is-string-1.1.1.tgz. Extracting by manifest.
3594 silly tarball no local data for get-intrinsic@https://registry.npmjs.org/get-intrinsic/-/get-intrinsic-1.3.0.tgz. Extracting by manifest.
3595 silly tarball no local data for call-bind@https://registry.npmjs.org/call-bind/-/call-bind-1.0.9.tgz. Extracting by manifest.
3596 silly tarball no local data for define-properties@https://registry.npmjs.org/define-properties/-/define-properties-1.2.1.tgz. Extracting by manifest.
3597 silly tarball no local data for es-object-atoms@https://registry.npmjs.org/es-object-atoms/-/es-object-atoms-1.1.1.tgz. Extracting by manifest.
3598 silly tarball no local data for call-bound@https://registry.npmjs.org/call-bound/-/call-bound-1.0.4.tgz. Extracting by manifest.
3599 silly tarball no local data for string.prototype.trimend@https://registry.npmjs.org/string.prototype.trimend/-/string.prototype.trimend-1.0.9.tgz. Extracting by manifest.
3600 silly tarball no local data for es-abstract@https://registry.npmjs.org/es-abstract/-/es-abstract-1.24.2.tgz. Extracting by manifest.
3601 silly tarball no local data for array.prototype.flatmap@https://registry.npmjs.org/array.prototype.flatmap/-/array.prototype.flatmap-1.3.3.tgz. Extracting by manifest.
3602 silly tarball no local data for object.groupby@https://registry.npmjs.org/object.groupby/-/object.groupby-1.0.3.tgz. Extracting by manifest.
3603 silly tarball no local data for tsconfig-paths@https://registry.npmjs.org/tsconfig-paths/-/tsconfig-paths-3.15.0.tgz. Extracting by manifest.
3604 silly tarball no local data for eslint-module-utils@https://registry.npmjs.org/eslint-module-utils/-/eslint-module-utils-2.12.1.tgz. Extracting by manifest.
3605 silly tarball no local data for hasown@https://registry.npmjs.org/hasown/-/hasown-2.0.3.tgz. Extracting by manifest.
3606 silly tarball no local data for object.fromentries@https://registry.npmjs.org/object.fromentries/-/object.fromentries-2.0.8.tgz. Extracting by manifest.
3607 silly tarball no local data for array-includes@https://registry.npmjs.org/array-includes/-/array-includes-3.1.9.tgz. Extracting by manifest.
3608 silly tarball no local data for object.values@https://registry.npmjs.org/object.values/-/object.values-1.2.1.tgz. Extracting by manifest.
3609 silly tarball no local data for array.prototype.findlastindex@https://registry.npmjs.org/array.prototype.findlastindex/-/array.prototype.findlastindex-1.2.6.tgz. Extracting by manifest.
3610 silly tarball no local data for resolve@https://registry.npmjs.org/resolve/-/resolve-2.0.0-next.6.tgz. Extracting by manifest.
3611 silly tarball no local data for stable-hash@https://registry.npmjs.org/stable-hash/-/stable-hash-0.0.5.tgz. Extracting by manifest.
3612 silly tarball no local data for is-core-module@https://registry.npmjs.org/is-core-module/-/is-core-module-2.16.2.tgz. Extracting by manifest.
3613 silly tarball no local data for @nolyfill/is-core-module@https://registry.npmjs.org/@nolyfill/is-core-module/-/is-core-module-1.0.39.tgz. Extracting by manifest.
3614 silly tarball no local data for @rtsao/scc@https://registry.npmjs.org/@rtsao/scc/-/scc-1.1.0.tgz. Extracting by manifest.
3615 silly tarball no local data for array.prototype.flat@https://registry.npmjs.org/array.prototype.flat/-/array.prototype.flat-1.3.3.tgz. Extracting by manifest.
3616 silly tarball no local data for is-bun-module@https://registry.npmjs.org/is-bun-module/-/is-bun-module-2.0.0.tgz. Extracting by manifest.
3617 silly tarball no local data for semver@https://registry.npmjs.org/semver/-/semver-7.8.0.tgz. Extracting by manifest.
3618 silly tarball no local data for get-tsconfig@https://registry.npmjs.org/get-tsconfig/-/get-tsconfig-4.14.0.tgz. Extracting by manifest.
3619 silly tarball no local data for unrs-resolver@https://registry.npmjs.org/unrs-resolver/-/unrs-resolver-1.11.1.tgz. Extracting by manifest.
3620 silly tarball no local data for ts-api-utils@https://registry.npmjs.org/ts-api-utils/-/ts-api-utils-2.5.0.tgz. Extracting by manifest.
3621 silly tarball no local data for @typescript-eslint/tsconfig-utils@https://registry.npmjs.org/@typescript-eslint/tsconfig-utils/-/tsconfig-utils-8.59.2.tgz. Extracting by manifest.
3622 silly tarball no local data for tinyglobby@https://registry.npmjs.org/tinyglobby/-/tinyglobby-0.2.16.tgz. Extracting by manifest.
3623 silly tarball no local data for @typescript-eslint/typescript-estree@https://registry.npmjs.org/@typescript-eslint/typescript-estree/-/typescript-estree-8.59.2.tgz. Extracting by manifest.
3624 silly tarball no local data for @typescript-eslint/types@https://registry.npmjs.org/@typescript-eslint/types/-/types-8.59.2.tgz. Extracting by manifest.
3625 silly tarball no local data for @typescript-eslint/project-service@https://registry.npmjs.org/@typescript-eslint/project-service/-/project-service-8.59.2.tgz. Extracting by manifest.
3626 silly tarball no local data for @typescript-eslint/type-utils@https://registry.npmjs.org/@typescript-eslint/type-utils/-/type-utils-8.59.2.tgz. Extracting by manifest.
3627 silly tarball no local data for @typescript-eslint/scope-manager@https://registry.npmjs.org/@typescript-eslint/scope-manager/-/scope-manager-8.59.2.tgz. Extracting by manifest.
3628 silly tarball no local data for glob@https://registry.npmjs.org/glob/-/glob-10.3.10.tgz. Extracting by manifest.
3629 silly tarball no local data for @typescript-eslint/visitor-keys@https://registry.npmjs.org/@typescript-eslint/visitor-keys/-/visitor-keys-8.59.2.tgz. Extracting by manifest.
3630 silly tarball no local data for @typescript-eslint/utils@https://registry.npmjs.org/@typescript-eslint/utils/-/utils-8.59.2.tgz. Extracting by manifest.
3631 silly tarball no local data for eslint-plugin-react@https://registry.npmjs.org/eslint-plugin-react/-/eslint-plugin-react-7.37.5.tgz. Extracting by manifest.
3632 silly tarball no local data for eslint-plugin-react-hooks@https://registry.npmjs.org/eslint-plugin-react-hooks/-/eslint-plugin-react-hooks-5.0.0-canary-7118f5dd7-20230705.tgz. Extracting by manifest.
3633 silly tarball no local data for eslint-import-resolver-typescript@https://registry.npmjs.org/eslint-import-resolver-typescript/-/eslint-import-resolver-typescript-3.10.1.tgz. Extracting by manifest.
3634 silly tarball no local data for eslint-plugin-jsx-a11y@https://registry.npmjs.org/eslint-plugin-jsx-a11y/-/eslint-plugin-jsx-a11y-6.10.2.tgz. Extracting by manifest.
3635 silly tarball no local data for eslint-plugin-import@https://registry.npmjs.org/eslint-plugin-import/-/eslint-plugin-import-2.32.0.tgz. Extracting by manifest.
3636 silly tarball no local data for @next/eslint-plugin-next@https://registry.npmjs.org/@next/eslint-plugin-next/-/eslint-plugin-next-14.2.35.tgz. Extracting by manifest.
3637 silly tarball no local data for eslint-import-resolver-node@https://registry.npmjs.org/eslint-import-resolver-node/-/eslint-import-resolver-node-0.3.10.tgz. Extracting by manifest.
3638 silly tarball no local data for @typescript-eslint/parser@https://registry.npmjs.org/@typescript-eslint/parser/-/parser-8.59.2.tgz. Extracting by manifest.
3639 silly tarball no local data for ms@https://registry.npmjs.org/ms/-/ms-2.1.3.tgz. Extracting by manifest.
3640 silly tarball no local data for path-key@https://registry.npmjs.org/path-key/-/path-key-3.1.1.tgz. Extracting by manifest.
3641 silly tarball no local data for shebang-command@https://registry.npmjs.org/shebang-command/-/shebang-command-2.0.0.tgz. Extracting by manifest.
3642 silly tarball no local data for @typescript-eslint/eslint-plugin@https://registry.npmjs.org/@typescript-eslint/eslint-plugin/-/eslint-plugin-8.59.2.tgz. Extracting by manifest.
3643 silly tarball no local data for which@https://registry.npmjs.org/which/-/which-2.0.2.tgz. Extracting by manifest.
3644 silly tarball no local data for @rushstack/eslint-patch@https://registry.npmjs.org/@rushstack/eslint-patch/-/eslint-patch-1.16.1.tgz. Extracting by manifest.
3645 silly tarball no local data for color-convert@https://registry.npmjs.org/color-convert/-/color-convert-2.0.1.tgz. Extracting by manifest.
3646 silly tarball no local data for color-name@https://registry.npmjs.org/color-name/-/color-name-1.1.4.tgz. Extracting by manifest.
3647 silly tarball no local data for uri-js@https://registry.npmjs.org/uri-js/-/uri-js-4.4.1.tgz. Extracting by manifest.
3648 silly tarball no local data for @nodelib/fs.stat@https://registry.npmjs.org/@nodelib/fs.stat/-/fs.stat-2.0.5.tgz. Extracting by manifest.
3649 silly tarball no local data for run-parallel@https://registry.npmjs.org/run-parallel/-/run-parallel-1.2.0.tgz. Extracting by manifest.
3650 silly tarball no local data for supports-color@https://registry.npmjs.org/supports-color/-/supports-color-7.2.0.tgz. Extracting by manifest.
3651 silly tarball no local data for @nodelib/fs.scandir@https://registry.npmjs.org/@nodelib/fs.scandir/-/fs.scandir-2.1.5.tgz. Extracting by manifest.
3652 silly tarball no local data for fast-json-stable-stringify@https://registry.npmjs.org/fast-json-stable-stringify/-/fast-json-stable-stringify-2.1.0.tgz. Extracting by manifest.
3653 silly tarball no local data for json-schema-traverse@https://registry.npmjs.org/json-schema-traverse/-/json-schema-traverse-0.4.1.tgz. Extracting by manifest.
3654 silly tarball no local data for @humanwhocodes/object-schema@https://registry.npmjs.org/@humanwhocodes/object-schema/-/object-schema-2.0.3.tgz. Extracting by manifest.
3655 silly tarball no local data for strip-json-comments@https://registry.npmjs.org/strip-json-comments/-/strip-json-comments-3.1.1.tgz. Extracting by manifest.
3656 silly tarball no local data for import-fresh@https://registry.npmjs.org/import-fresh/-/import-fresh-3.3.1.tgz. Extracting by manifest.
3657 silly tarball no local data for strip-ansi@https://registry.npmjs.org/strip-ansi/-/strip-ansi-6.0.1.tgz. Extracting by manifest.
3658 silly tarball no local data for fastq@https://registry.npmjs.org/fastq/-/fastq-1.20.1.tgz. Extracting by manifest.
3659 silly tarball no local data for optionator@https://registry.npmjs.org/optionator/-/optionator-0.9.4.tgz. Extracting by manifest.
3660 silly tarball no local data for ansi-styles@https://registry.npmjs.org/ansi-styles/-/ansi-styles-4.3.0.tgz. Extracting by manifest.
3661 silly tarball no local data for natural-compare@https://registry.npmjs.org/natural-compare/-/natural-compare-1.4.0.tgz. Extracting by manifest.
3662 silly tarball no local data for minimatch@https://registry.npmjs.org/minimatch/-/minimatch-3.1.5.tgz. Extracting by manifest.
3663 silly tarball no local data for text-table@https://registry.npmjs.org/text-table/-/text-table-0.2.0.tgz. Extracting by manifest.
3664 silly tarball no local data for js-yaml@https://registry.npmjs.org/js-yaml/-/js-yaml-4.1.1.tgz. Extracting by manifest.
3665 silly tarball no local data for levn@https://registry.npmjs.org/levn/-/levn-0.4.1.tgz. Extracting by manifest.
3666 silly tarball no local data for ignore@https://registry.npmjs.org/ignore/-/ignore-5.3.2.tgz. Extracting by manifest.
3667 silly tarball no local data for graphemer@https://registry.npmjs.org/graphemer/-/graphemer-1.4.0.tgz. Extracting by manifest.
3668 silly tarball no local data for is-path-inside@https://registry.npmjs.org/is-path-inside/-/is-path-inside-3.0.3.tgz. Extracting by manifest.
3669 silly tarball no local data for is-glob@https://registry.npmjs.org/is-glob/-/is-glob-4.0.3.tgz. Extracting by manifest.
3670 silly tarball no local data for imurmurhash@https://registry.npmjs.org/imurmurhash/-/imurmurhash-0.1.4.tgz. Extracting by manifest.
3671 silly tarball no local data for file-entry-cache@https://registry.npmjs.org/file-entry-cache/-/file-entry-cache-6.0.1.tgz. Extracting by manifest.
3672 silly tarball no local data for glob-parent@https://registry.npmjs.org/glob-parent/-/glob-parent-6.0.2.tgz. Extracting by manifest.
3673 silly tarball no local data for globals@https://registry.npmjs.org/globals/-/globals-13.24.0.tgz. Extracting by manifest.
3674 silly tarball no local data for find-up@https://registry.npmjs.org/find-up/-/find-up-5.0.0.tgz. Extracting by manifest.
3675 silly tarball no local data for eslint-visitor-keys@https://registry.npmjs.org/eslint-visitor-keys/-/eslint-visitor-keys-3.4.3.tgz. Extracting by manifest.
3676 silly tarball no local data for fast-deep-equal@https://registry.npmjs.org/fast-deep-equal/-/fast-deep-equal-3.1.3.tgz. Extracting by manifest.
3677 silly tarball no local data for lodash.merge@https://registry.npmjs.org/lodash.merge/-/lodash.merge-4.6.2.tgz. Extracting by manifest.
3678 silly tarball no local data for json-stable-stringify-without-jsonify@https://registry.npmjs.org/json-stable-stringify-without-jsonify/-/json-stable-stringify-without-jsonify-1.0.1.tgz. Extracting by manifest.
3679 silly tarball no local data for esutils@https://registry.npmjs.org/esutils/-/esutils-2.0.3.tgz. Extracting by manifest.
3680 silly tarball no local data for doctrine@https://registry.npmjs.org/doctrine/-/doctrine-3.0.0.tgz. Extracting by manifest.
3681 silly tarball no local data for debug@https://registry.npmjs.org/debug/-/debug-4.4.3.tgz. Extracting by manifest.
3682 silly tarball no local data for cross-spawn@https://registry.npmjs.org/cross-spawn/-/cross-spawn-7.0.6.tgz. Extracting by manifest.
3683 silly tarball no local data for ajv@https://registry.npmjs.org/ajv/-/ajv-6.15.0.tgz. Extracting by manifest.
3684 silly tarball no local data for esquery@https://registry.npmjs.org/esquery/-/esquery-1.7.0.tgz. Extracting by manifest.
3685 silly tarball no local data for espree@https://registry.npmjs.org/espree/-/espree-9.6.1.tgz. Extracting by manifest.
3686 silly tarball no local data for eslint-scope@https://registry.npmjs.org/eslint-scope/-/eslint-scope-7.2.2.tgz. Extracting by manifest.
3687 silly tarball no local data for @humanwhocodes/config-array@https://registry.npmjs.org/@humanwhocodes/config-array/-/config-array-0.13.0.tgz. Extracting by manifest.
3688 silly tarball no local data for escape-string-regexp@https://registry.npmjs.org/escape-string-regexp/-/escape-string-regexp-4.0.0.tgz. Extracting by manifest.
3689 silly tarball no local data for @eslint-community/regexpp@https://registry.npmjs.org/@eslint-community/regexpp/-/regexpp-4.12.2.tgz. Extracting by manifest.
3690 silly tarball no local data for @eslint/js@https://registry.npmjs.org/@eslint/js/-/js-8.57.1.tgz. Extracting by manifest.
3691 silly tarball no local data for @humanwhocodes/module-importer@https://registry.npmjs.org/@humanwhocodes/module-importer/-/module-importer-1.0.1.tgz. Extracting by manifest.
3692 silly tarball no local data for @ungap/structured-clone@https://registry.npmjs.org/@ungap/structured-clone/-/structured-clone-1.3.1.tgz. Extracting by manifest.
3693 silly tarball no local data for @eslint-community/eslint-utils@https://registry.npmjs.org/@eslint-community/eslint-utils/-/eslint-utils-4.9.1.tgz. Extracting by manifest.
3694 silly tarball no local data for node-releases@https://registry.npmjs.org/node-releases/-/node-releases-2.0.38.tgz. Extracting by manifest.
3695 silly tarball no local data for @nodelib/fs.walk@https://registry.npmjs.org/@nodelib/fs.walk/-/fs.walk-1.2.8.tgz. Extracting by manifest.
3696 silly tarball no local data for chalk@https://registry.npmjs.org/chalk/-/chalk-4.1.2.tgz. Extracting by manifest.
3697 silly tarball no local data for @eslint/eslintrc@https://registry.npmjs.org/@eslint/eslintrc/-/eslintrc-2.1.4.tgz. Extracting by manifest.
3698 silly tarball no local data for update-browserslist-db@https://registry.npmjs.org/update-browserslist-db/-/update-browserslist-db-1.2.3.tgz. Extracting by manifest.
3699 silly tarball no local data for caniuse-lite@https://registry.npmjs.org/caniuse-lite/-/caniuse-lite-1.0.30001792.tgz. Extracting by manifest.
3700 silly tarball no local data for electron-to-chromium@https://registry.npmjs.org/electron-to-chromium/-/electron-to-chromium-1.5.353.tgz. Extracting by manifest.
3701 silly tarball no local data for picocolors@https://registry.npmjs.org/picocolors/-/picocolors-1.1.1.tgz. Extracting by manifest.
3702 silly tarball no local data for fraction.js@https://registry.npmjs.org/fraction.js/-/fraction.js-5.3.4.tgz. Extracting by manifest.
3703 silly tarball no local data for csstype@https://registry.npmjs.org/csstype/-/csstype-3.2.3.tgz. Extracting by manifest.
3704 silly tarball no local data for baseline-browser-mapping@https://registry.npmjs.org/baseline-browser-mapping/-/baseline-browser-mapping-2.10.29.tgz. Extracting by manifest.
3705 silly tarball no local data for browserslist@https://registry.npmjs.org/browserslist/-/browserslist-4.28.2.tgz. Extracting by manifest.
3706 silly tarball no local data for postcss-value-parser@https://registry.npmjs.org/postcss-value-parser/-/postcss-value-parser-4.2.0.tgz. Extracting by manifest.
3707 silly tarball no local data for @types/mdx@https://registry.npmjs.org/@types/mdx/-/mdx-2.0.13.tgz. Extracting by manifest.
3708 silly tarball no local data for source-map@https://registry.npmjs.org/source-map/-/source-map-0.7.6.tgz. Extracting by manifest.
3709 silly tarball no local data for @types/prop-types@https://registry.npmjs.org/@types/prop-types/-/prop-types-15.7.15.tgz. Extracting by manifest.
3710 silly tarball no local data for undici-types@https://registry.npmjs.org/undici-types/-/undici-types-6.21.0.tgz. Extracting by manifest.
3711 silly tarball no local data for typescript@https://registry.npmjs.org/typescript/-/typescript-5.9.3.tgz. Extracting by manifest.
3712 silly tarball no local data for remark-math@https://registry.npmjs.org/remark-math/-/remark-math-6.0.0.tgz. Extracting by manifest.
3713 silly tarball no local data for tailwindcss@https://registry.npmjs.org/tailwindcss/-/tailwindcss-3.4.19.tgz. Extracting by manifest.
3714 silly tarball no local data for rehype-katex@https://registry.npmjs.org/rehype-katex/-/rehype-katex-7.0.1.tgz. Extracting by manifest.
3715 silly tarball no local data for rehype-highlight@https://registry.npmjs.org/rehype-highlight/-/rehype-highlight-7.0.2.tgz. Extracting by manifest.
3716 silly tarball no local data for katex@https://registry.npmjs.org/katex/-/katex-0.16.45.tgz. Extracting by manifest.
3717 silly tarball no local data for next@https://registry.npmjs.org/next/-/next-14.2.35.tgz. Extracting by manifest.
3718 silly tarball no local data for react-dom@https://registry.npmjs.org/react-dom/-/react-dom-18.3.1.tgz. Extracting by manifest.
3719 silly tarball no local data for highlight.js@https://registry.npmjs.org/highlight.js/-/highlight.js-11.11.1.tgz. Extracting by manifest.
3720 silly tarball no local data for react@https://registry.npmjs.org/react/-/react-18.3.1.tgz. Extracting by manifest.
3721 silly tarball no local data for @types/react-dom@https://registry.npmjs.org/@types/react-dom/-/react-dom-18.3.7.tgz. Extracting by manifest.
3722 silly tarball no local data for @types/node@https://registry.npmjs.org/@types/node/-/node-20.19.40.tgz. Extracting by manifest.
3723 silly tarball no local data for eslint-config-next@https://registry.npmjs.org/eslint-config-next/-/eslint-config-next-14.2.35.tgz. Extracting by manifest.
3724 silly tarball no local data for autoprefixer@https://registry.npmjs.org/autoprefixer/-/autoprefixer-10.5.0.tgz. Extracting by manifest.
3725 silly tarball no local data for eslint@https://registry.npmjs.org/eslint/-/eslint-8.57.1.tgz. Extracting by manifest.
3726 silly tarball no local data for postcss@https://registry.npmjs.org/postcss/-/postcss-8.5.14.tgz. Extracting by manifest.
3727 silly tarball no local data for @next/mdx@https://registry.npmjs.org/@next/mdx/-/mdx-14.2.35.tgz. Extracting by manifest.
3728 silly tarball no local data for resolve@https://registry.npmjs.org/resolve/-/resolve-1.22.12.tgz. Extracting by manifest.
3729 silly tarball no local data for @mdx-js/react@https://registry.npmjs.org/@mdx-js/react/-/react-3.1.1.tgz. Extracting by manifest.
3730 silly tarball no local data for glob-parent@https://registry.npmjs.org/glob-parent/-/glob-parent-5.1.2.tgz. Extracting by manifest.
3731 silly tarball no local data for commander@https://registry.npmjs.org/commander/-/commander-4.1.1.tgz. Extracting by manifest.
3732 silly tarball no local data for @types/react@https://registry.npmjs.org/@types/react/-/react-18.3.28.tgz. Extracting by manifest.
3733 silly tarball no local data for strip-ansi@https://registry.npmjs.org/strip-ansi/-/strip-ansi-7.2.0.tgz. Extracting by manifest.
3734 silly tarball no local data for glob-parent@https://registry.npmjs.org/glob-parent/-/glob-parent-5.1.2.tgz. Extracting by manifest.
3735 silly tarball no local data for semver@https://registry.npmjs.org/semver/-/semver-6.3.1.tgz. Extracting by manifest.
3736 silly tarball no local data for ansi-styles@https://registry.npmjs.org/ansi-styles/-/ansi-styles-6.2.3.tgz. Extracting by manifest.
3737 silly tarball no local data for ansi-regex@https://registry.npmjs.org/ansi-regex/-/ansi-regex-6.2.2.tgz. Extracting by manifest.
3738 silly tarball no local data for strip-ansi@https://registry.npmjs.org/strip-ansi/-/strip-ansi-7.2.0.tgz. Extracting by manifest.
3739 silly tarball no local data for ansi-regex@https://registry.npmjs.org/ansi-regex/-/ansi-regex-6.2.2.tgz. Extracting by manifest.
3740 silly tarball no local data for string-width@https://registry.npmjs.org/string-width/-/string-width-4.2.3.tgz. Extracting by manifest.
3741 silly tarball no local data for emoji-regex@https://registry.npmjs.org/emoji-regex/-/emoji-regex-8.0.0.tgz. Extracting by manifest.
3742 silly tarball no local data for ansi-regex@https://registry.npmjs.org/ansi-regex/-/ansi-regex-6.2.2.tgz. Extracting by manifest.
3743 silly tarball no local data for strip-ansi@https://registry.npmjs.org/strip-ansi/-/strip-ansi-7.2.0.tgz. Extracting by manifest.
3744 silly tarball no local data for emoji-regex@https://registry.npmjs.org/emoji-regex/-/emoji-regex-8.0.0.tgz. Extracting by manifest.
3745 silly tarball no local data for debug@https://registry.npmjs.org/debug/-/debug-3.2.7.tgz. Extracting by manifest.
3746 silly tarball no local data for glob@https://registry.npmjs.org/glob/-/glob-7.2.3.tgz. Extracting by manifest.
3747 silly tarball no local data for picomatch@https://registry.npmjs.org/picomatch/-/picomatch-4.0.4.tgz. Extracting by manifest.
3748 silly tarball no local data for brace-expansion@https://registry.npmjs.org/brace-expansion/-/brace-expansion-5.0.6.tgz. Extracting by manifest.
3749 silly tarball no local data for fdir@https://registry.npmjs.org/fdir/-/fdir-6.5.0.tgz. Extracting by manifest.
3750 silly tarball no local data for minimatch@https://registry.npmjs.org/minimatch/-/minimatch-9.0.9.tgz. Extracting by manifest.
3751 silly tarball no local data for brace-expansion@https://registry.npmjs.org/brace-expansion/-/brace-expansion-2.1.0.tgz. Extracting by manifest.
3752 silly tarball no local data for doctrine@https://registry.npmjs.org/doctrine/-/doctrine-2.1.0.tgz. Extracting by manifest.
3753 silly tarball no local data for semver@https://registry.npmjs.org/semver/-/semver-6.3.1.tgz. Extracting by manifest.
3754 silly tarball no local data for balanced-match@https://registry.npmjs.org/balanced-match/-/balanced-match-4.0.4.tgz. Extracting by manifest.
3755 silly tarball no local data for minimatch@https://registry.npmjs.org/minimatch/-/minimatch-10.2.5.tgz. Extracting by manifest.
3756 silly tarball no local data for debug@https://registry.npmjs.org/debug/-/debug-3.2.7.tgz. Extracting by manifest.
3757 silly tarball no local data for eslint-visitor-keys@https://registry.npmjs.org/eslint-visitor-keys/-/eslint-visitor-keys-5.0.1.tgz. Extracting by manifest.
3758 silly tarball no local data for debug@https://registry.npmjs.org/debug/-/debug-3.2.7.tgz. Extracting by manifest.
3759 silly tarball no local data for doctrine@https://registry.npmjs.org/doctrine/-/doctrine-2.1.0.tgz. Extracting by manifest.
3760 silly tarball no local data for postcss@https://registry.npmjs.org/postcss/-/postcss-8.4.31.tgz. Extracting by manifest.
3761 silly tarball no local data for ignore@https://registry.npmjs.org/ignore/-/ignore-7.0.5.tgz. Extracting by manifest.
3762 silly tarball no local data for resolve@https://registry.npmjs.org/resolve/-/resolve-1.22.12.tgz. Extracting by manifest.
3763 silly tarball no local data for semver@https://registry.npmjs.org/semver/-/semver-6.3.1.tgz. Extracting by manifest.
3764 http fetch POST 200 https://registry.npmjs.org/-/npm/v1/security/advisories/bulk 129ms
3765 silly audit report {
3765 silly audit report   postcss: [
3765 silly audit report     {
3765 silly audit report       id: 1117015,
3765 silly audit report       url: 'https://github.com/advisories/GHSA-qx2v-qp2m-jg93',
3765 silly audit report       title: 'PostCSS has XSS via Unescaped </style> in its CSS Stringify Output',
3765 silly audit report       severity: 'moderate',
3765 silly audit report       vulnerable_versions: '<8.5.10',
3765 silly audit report       cwe: [Array],
3765 silly audit report       cvss: [Object]
3765 silly audit report     }
3765 silly audit report   ],
3765 silly audit report   next: [
3765 silly audit report     {
3765 silly audit report       id: 1112593,
3765 silly audit report       url: 'https://github.com/advisories/GHSA-9g9p-9gw9-jx7f',
3765 silly audit report       title: 'Next.js self-hosted applications vulnerable to DoS via Image Optimizer remotePatterns configuration',
3765 silly audit report       severity: 'moderate',
3765 silly audit report       vulnerable_versions: '>=10.0.0 <15.5.10',
3765 silly audit report       cwe: [Array],
3765 silly audit report       cvss: [Object]
3765 silly audit report     },
3765 silly audit report     {
3765 silly audit report       id: 1112653,
3765 silly audit report       url: 'https://github.com/advisories/GHSA-h25m-26qc-wcjf',
3765 silly audit report       title: 'Next.js HTTP request deserialization can lead to DoS when using insecure React Server Components',
3765 silly audit report       severity: 'high',
3765 silly audit report       vulnerable_versions: '>=13.0.0 <15.0.8',
3765 silly audit report       cwe: [Array],
3765 silly audit report       cvss: [Object]
3765 silly audit report     },
3765 silly audit report     {
3765 silly audit report       id: 1114897,
3765 silly audit report       url: 'https://github.com/advisories/GHSA-ggv3-7p47-pfv8',
3765 silly audit report       title: 'Next.js: HTTP request smuggling in rewrites',
3765 silly audit report       severity: 'moderate',
3765 silly audit report       vulnerable_versions: '>=9.5.0 <15.5.13',
3765 silly audit report       cwe: [Array],
3765 silly audit report       cvss: [Object]
3765 silly audit report     },
3765 silly audit report     {
3765 silly audit report       id: 1114940,
3765 silly audit report       url: 'https://github.com/advisories/GHSA-3x4c-7xq6-9pq8',
3765 silly audit report       title: 'Next.js: Unbounded next/image disk cache growth can exhaust storage',
3765 silly audit report       severity: 'moderate',
3765 silly audit report       vulnerable_versions: '>=10.0.0 <15.5.14',
3765 silly audit report       cwe: [Array],
3765 silly audit report       cvss: [Object]
3765 silly audit report     },
3765 silly audit report     {
3765 silly audit report       id: 1116376,
3765 silly audit report       url: 'https://github.com/advisories/GHSA-q4gf-8mx6-v5v3',
3765 silly audit report       title: 'Next.js has a Denial of Service with Server Components',
3765 silly audit report       severity: 'high',
3765 silly audit report       vulnerable_versions: '>=13.0.0 <15.5.15',
3765 silly audit report       cwe: [Array],
3765 silly audit report       cvss: [Object]
3765 silly audit report     }
3765 silly audit report   ],
3765 silly audit report   glob: [
3765 silly audit report     {
3765 silly audit report       id: 1109842,
3765 silly audit report       url: 'https://github.com/advisories/GHSA-5j98-mcp5-4vw2',
3765 silly audit report       title: 'glob CLI: Command injection via -c/--cmd executes matches with shell:true',
3765 silly audit report       severity: 'high',
3765 silly audit report       vulnerable_versions: '>=10.2.0 <10.5.0',
3765 silly audit report       cwe: [Array],
3765 silly audit report       cvss: [Object]
3765 silly audit report     }
3765 silly audit report   ]
3765 silly audit report }
3766 silly packumentCache corgi:https://registry.npmjs.org/postcss cache-miss
3767 silly packumentCache corgi:https://registry.npmjs.org/next cache-miss
3768 silly packumentCache corgi:https://registry.npmjs.org/glob cache-miss
3769 http fetch GET 200 https://registry.npmjs.org/inflight/-/inflight-1.0.6.tgz 101ms (cache miss)
3770 warn deprecated inflight@1.0.6: This module is not supported, and leaks memory. Do not use it. Check out lru-cache if you want a good and tested way to coalesce async requests by a key value, which is much more comprehensive and powerful.
3771 http fetch GET 200 https://registry.npmjs.org/is-async-function/-/is-async-function-2.1.1.tgz 101ms (cache miss)
3772 http fetch GET 200 https://registry.npmjs.org/which-collection/-/which-collection-1.0.2.tgz 101ms (cache miss)
3773 http fetch GET 200 https://registry.npmjs.org/async-function/-/async-function-1.0.0.tgz 101ms (cache miss)
3774 http fetch GET 200 https://registry.npmjs.org/wrappy/-/wrappy-1.0.2.tgz 102ms (cache miss)
3775 http fetch GET 200 https://registry.npmjs.org/once/-/once-1.4.0.tgz 102ms (cache miss)
3776 http fetch GET 200 https://registry.npmjs.org/inherits/-/inherits-2.0.4.tgz 102ms (cache miss)
3777 http fetch GET 200 https://registry.npmjs.org/is-finalizationregistry/-/is-finalizationregistry-1.1.1.tgz 101ms (cache miss)
3778 http fetch GET 200 https://registry.npmjs.org/generator-function/-/generator-function-2.0.1.tgz 101ms (cache miss)
3779 http fetch GET 200 https://registry.npmjs.org/path-is-absolute/-/path-is-absolute-1.0.1.tgz 102ms (cache miss)
3780 http fetch GET 200 https://registry.npmjs.org/fs.realpath/-/fs.realpath-1.0.0.tgz 102ms (cache miss)
3781 http fetch GET 200 https://registry.npmjs.org/is-weakmap/-/is-weakmap-2.0.2.tgz 103ms (cache miss)
3782 http fetch GET 200 https://registry.npmjs.org/is-map/-/is-map-2.0.3.tgz 102ms (cache miss)
3783 http fetch GET 200 https://registry.npmjs.org/is-weakset/-/is-weakset-2.0.4.tgz 104ms (cache miss)
3784 http fetch GET 200 https://registry.npmjs.org/punycode/-/punycode-2.3.1.tgz 109ms (cache miss)
3785 http fetch GET 200 https://registry.npmjs.org/is-bigint/-/is-bigint-1.1.0.tgz 109ms (cache miss)
3786 http fetch GET 200 https://registry.npmjs.org/trough/-/trough-2.2.0.tgz 109ms (cache miss)
3787 http fetch GET 200 https://registry.npmjs.org/is-boolean-object/-/is-boolean-object-1.2.2.tgz 110ms (cache miss)
3788 http fetch GET 200 https://registry.npmjs.org/is-generator-function/-/is-generator-function-1.1.2.tgz 111ms (cache miss)
3789 http fetch GET 200 https://registry.npmjs.org/isexe/-/isexe-2.0.0.tgz 120ms (cache miss)
3790 http fetch GET 200 https://registry.npmjs.org/is-number-object/-/is-number-object-1.1.1.tgz 119ms (cache miss)
3791 http fetch GET 200 https://registry.npmjs.org/escalade/-/escalade-3.2.0.tgz 119ms (cache miss)
3792 http fetch GET 200 https://registry.npmjs.org/extend/-/extend-3.0.2.tgz 119ms (cache miss)
3793 http fetch GET 200 https://registry.npmjs.org/which-boxed-primitive/-/which-boxed-primitive-1.1.1.tgz 118ms (cache miss)
3794 http fetch GET 200 https://registry.npmjs.org/reflect.getprototypeof/-/reflect.getprototypeof-1.0.10.tgz 120ms (cache miss)
3795 http fetch GET 200 https://registry.npmjs.org/has-bigints/-/has-bigints-1.1.0.tgz 122ms (cache miss)
3796 http fetch GET 200 https://registry.npmjs.org/napi-postinstall/-/napi-postinstall-0.3.4.tgz 125ms (cache miss)
3797 http fetch GET 200 https://registry.npmjs.org/bail/-/bail-2.0.2.tgz 125ms (cache miss)
3798 http fetch GET 200 https://registry.npmjs.org/json5/-/json5-1.0.2.tgz 125ms (cache miss)
3799 http fetch GET 200 https://registry.npmjs.org/which-builtin-type/-/which-builtin-type-1.2.1.tgz 132ms (cache miss)
3800 http fetch GET 200 https://registry.npmjs.org/for-each/-/for-each-0.3.5.tgz 132ms (cache miss)
3801 http fetch GET 200 https://registry.npmjs.org/is-plain-obj/-/is-plain-obj-4.1.0.tgz 132ms (cache miss)
3802 http fetch GET 200 https://registry.npmjs.org/thenify/-/thenify-3.3.1.tgz 142ms (cache miss)
3803 http fetch GET 200 https://registry.npmjs.org/thenify-all/-/thenify-all-1.6.0.tgz 141ms (cache miss)
3804 http fetch GET 200 https://registry.npmjs.org/is-number/-/is-number-7.0.0.tgz 142ms (cache miss)
3805 http fetch GET 200 https://registry.npmjs.org/@types/json5/-/json5-0.0.29.tgz 143ms (cache miss)
3806 http fetch GET 200 https://registry.npmjs.org/strip-bom/-/strip-bom-3.0.0.tgz 143ms (cache miss)
3807 http fetch GET 200 https://registry.npmjs.org/any-promise/-/any-promise-1.3.0.tgz 142ms (cache miss)
3808 http fetch GET 200 https://registry.npmjs.org/minimist/-/minimist-1.2.8.tgz 145ms (cache miss)
3809 http fetch GET 200 https://registry.npmjs.org/ts-interface-checker/-/ts-interface-checker-0.1.13.tgz 149ms (cache miss)
3810 http fetch GET 200 https://registry.npmjs.org/pirates/-/pirates-4.0.7.tgz 150ms (cache miss)
3811 http fetch GET 200 https://registry.npmjs.org/mz/-/mz-2.7.0.tgz 150ms (cache miss)
3812 http fetch GET 200 https://registry.npmjs.org/@jridgewell/resolve-uri/-/resolve-uri-3.1.2.tgz 156ms (cache miss)
3813 http fetch GET 200 https://registry.npmjs.org/@jridgewell/sourcemap-codec/-/sourcemap-codec-1.5.5.tgz 159ms (cache miss)
3814 http fetch GET 200 https://registry.npmjs.org/camelcase-css/-/camelcase-css-2.0.1.tgz 167ms (cache miss)
3815 http fetch GET 200 https://registry.npmjs.org/read-cache/-/read-cache-1.0.0.tgz 168ms (cache miss)
3816 http fetch GET 200 https://registry.npmjs.org/cssesc/-/cssesc-3.0.0.tgz 168ms (cache miss)
3817 http fetch GET 200 https://registry.npmjs.org/util-deprecate/-/util-deprecate-1.0.2.tgz 169ms (cache miss)
3818 http fetch GET 200 https://registry.npmjs.org/lines-and-columns/-/lines-and-columns-1.2.4.tgz 169ms (cache miss)
3819 http fetch GET 200 https://registry.npmjs.org/binary-extensions/-/binary-extensions-2.3.0.tgz 168ms (cache miss)
3820 http fetch GET 200 https://registry.npmjs.org/pify/-/pify-2.3.0.tgz 168ms (cache miss)
3821 http fetch GET 200 https://registry.npmjs.org/@jridgewell/gen-mapping/-/gen-mapping-0.3.13.tgz 172ms (cache miss)
3822 http fetch GET 200 https://registry.npmjs.org/fill-range/-/fill-range-7.1.1.tgz 178ms (cache miss)
3823 http fetch GET 200 https://registry.npmjs.org/to-regex-range/-/to-regex-range-5.0.1.tgz 178ms (cache miss)
3824 http fetch GET 200 https://registry.npmjs.org/anymatch/-/anymatch-3.1.3.tgz 178ms (cache miss)
3825 http fetch GET 200 https://registry.npmjs.org/is-binary-path/-/is-binary-path-2.1.0.tgz 178ms (cache miss)
3826 http fetch GET 200 https://registry.npmjs.org/@jridgewell/trace-mapping/-/trace-mapping-0.3.31.tgz 183ms (cache miss)
3827 http fetch GET 200 https://registry.npmjs.org/readdirp/-/readdirp-3.6.0.tgz 189ms (cache miss)
3828 http fetch GET 200 https://registry.npmjs.org/fsevents/-/fsevents-2.3.3.tgz 189ms (cache miss)
3829 http fetch GET 200 https://registry.npmjs.org/merge2/-/merge2-1.4.1.tgz 188ms (cache miss)
3830 http fetch GET 200 https://registry.npmjs.org/postcss-import/-/postcss-import-15.1.0.tgz 189ms (cache miss)
3831 http fetch GET 200 https://registry.npmjs.org/postcss-selector-parser/-/postcss-selector-parser-6.1.2.tgz 193ms (cache miss)
3832 http fetch GET 200 https://registry.npmjs.org/postcss-load-config/-/postcss-load-config-6.0.1.tgz 199ms (cache miss)
3833 http fetch GET 200 https://registry.npmjs.org/postcss-nested/-/postcss-nested-6.2.0.tgz 199ms (cache miss)
3834 http fetch GET 200 https://registry.npmjs.org/lilconfig/-/lilconfig-3.1.3.tgz 199ms (cache miss)
3835 http fetch GET 200 https://registry.npmjs.org/micromatch/-/micromatch-4.0.8.tgz 199ms (cache miss)
3836 http fetch GET 200 https://registry.npmjs.org/object-hash/-/object-hash-3.0.0.tgz 199ms (cache miss)
3837 http fetch GET 200 https://registry.npmjs.org/picomatch/-/picomatch-2.3.2.tgz 201ms (cache miss)
3838 http fetch GET 200 https://registry.npmjs.org/postcss-js/-/postcss-js-4.1.0.tgz 205ms (cache miss)
3839 http fetch GET 200 https://registry.npmjs.org/dlv/-/dlv-1.1.3.tgz 206ms (cache miss)
3840 http fetch GET 200 https://registry.npmjs.org/didyoumean/-/didyoumean-1.2.2.tgz 214ms (cache miss)
3841 http fetch GET 200 https://registry.npmjs.org/arg/-/arg-5.0.2.tgz 215ms (cache miss)
3842 http fetch GET 200 https://registry.npmjs.org/braces/-/braces-3.0.3.tgz 217ms (cache miss)
3843 http fetch GET 200 https://registry.npmjs.org/normalize-path/-/normalize-path-3.0.0.tgz 225ms (cache miss)
3844 http fetch GET 200 https://registry.npmjs.org/has-flag/-/has-flag-4.0.0.tgz 226ms (cache miss)
3845 http fetch GET 200 https://registry.npmjs.org/is-fullwidth-code-point/-/is-fullwidth-code-point-3.0.0.tgz 230ms (cache miss)
3846 http fetch GET 200 https://registry.npmjs.org/client-only/-/client-only-0.0.1.tgz 230ms (cache miss)
3847 http fetch GET 200 https://registry.npmjs.org/side-channel-map/-/side-channel-map-1.0.1.tgz 231ms (cache miss)
3848 http fetch GET 200 https://registry.npmjs.org/@alloc/quick-lru/-/quick-lru-5.2.0.tgz 234ms (cache miss)
3849 http fetch GET 200 https://registry.npmjs.org/ansi-regex/-/ansi-regex-5.0.1.tgz 233ms (cache miss)
3850 http fetch GET 200 https://registry.npmjs.org/eastasianwidth/-/eastasianwidth-0.2.0.tgz 234ms (cache miss)
3851 http fetch GET 200 https://registry.npmjs.org/side-channel-list/-/side-channel-list-1.0.1.tgz 235ms (cache miss)
3852 http fetch GET 200 https://registry.npmjs.org/isarray/-/isarray-2.0.5.tgz 235ms (cache miss)
3853 http fetch GET 200 https://registry.npmjs.org/jiti/-/jiti-1.21.7.tgz 239ms (cache miss)
3854 http fetch GET 200 https://registry.npmjs.org/micromark-factory-label/-/micromark-factory-label-2.0.1.tgz 248ms (cache miss)
3855 http fetch GET 200 https://registry.npmjs.org/path-parse/-/path-parse-1.0.7.tgz 248ms (cache miss)
3856 http fetch GET 200 https://registry.npmjs.org/shebang-regex/-/shebang-regex-3.0.0.tgz 248ms (cache miss)
3857 http fetch GET 200 https://registry.npmjs.org/queue-microtask/-/queue-microtask-1.2.3.tgz 250ms (cache miss)
3858 http fetch GET 200 https://registry.npmjs.org/side-channel-weakmap/-/side-channel-weakmap-1.0.2.tgz 250ms (cache miss)
3859 http fetch GET 200 https://registry.npmjs.org/micromark-factory-whitespace/-/micromark-factory-whitespace-2.0.1.tgz 250ms (cache miss)
3860 http fetch GET 200 https://registry.npmjs.org/supports-preserve-symlinks-flag/-/supports-preserve-symlinks-flag-1.0.0.tgz 250ms (cache miss)
3861 http fetch GET 200 https://registry.npmjs.org/@unrs/resolver-binding-darwin-arm64/-/resolver-binding-darwin-arm64-1.11.1.tgz 257ms (cache miss)
3862 http fetch GET 200 https://registry.npmjs.org/chokidar/-/chokidar-3.6.0.tgz 251ms (cache miss)
3863 http fetch GET 200 https://registry.npmjs.org/node-exports-info/-/node-exports-info-1.6.0.tgz 257ms (cache miss)
3864 http fetch GET 200 https://registry.npmjs.org/micromark-factory-destination/-/micromark-factory-destination-2.0.1.tgz 257ms (cache miss)
3865 http fetch GET 200 https://registry.npmjs.org/micromark-util-subtokenize/-/micromark-util-subtokenize-2.1.0.tgz 257ms (cache miss)
3866 http fetch GET 200 https://registry.npmjs.org/micromark-util-html-tag-name/-/micromark-util-html-tag-name-2.0.1.tgz 257ms (cache miss)
3867 http fetch GET 200 https://registry.npmjs.org/micromark-util-sanitize-uri/-/micromark-util-sanitize-uri-2.0.1.tgz 257ms (cache miss)
3868 http fetch GET 200 https://registry.npmjs.org/fast-glob/-/fast-glob-3.3.3.tgz 263ms (cache miss)
3869 http fetch GET 200 https://registry.npmjs.org/micromark-util-combine-extensions/-/micromark-util-combine-extensions-2.0.1.tgz 270ms (cache miss)
3870 http fetch GET 200 https://registry.npmjs.org/micromark-util-resolve-all/-/micromark-util-resolve-all-2.0.1.tgz 271ms (cache miss)
3871 http fetch GET 200 https://registry.npmjs.org/micromark-util-chunked/-/micromark-util-chunked-2.0.1.tgz 272ms (cache miss)
3872 http fetch GET 200 https://registry.npmjs.org/unist-util-is/-/unist-util-is-6.0.1.tgz 271ms (cache miss)
3873 http fetch GET 200 https://registry.npmjs.org/zwitch/-/zwitch-2.0.4.tgz 271ms (cache miss)
3874 http fetch GET 200 https://registry.npmjs.org/micromark-util-encode/-/micromark-util-encode-2.0.1.tgz 272ms (cache miss)
3875 http fetch GET 200 https://registry.npmjs.org/micromark-factory-space/-/micromark-factory-space-2.0.1.tgz 272ms (cache miss)
3876 http fetch GET 200 https://registry.npmjs.org/sucrase/-/sucrase-3.35.1.tgz 281ms (cache miss)
3877 http fetch GET 200 https://registry.npmjs.org/@types/ms/-/ms-2.1.0.tgz 283ms (cache miss)
3878 http fetch GET 200 https://registry.npmjs.org/micromark-factory-title/-/micromark-factory-title-2.0.1.tgz 283ms (cache miss)
3879 http fetch GET 200 https://registry.npmjs.org/micromark-util-character/-/micromark-util-character-2.1.1.tgz 283ms (cache miss)
3880 http fetch GET 200 https://registry.npmjs.org/micromark-util-decode-string/-/micromark-util-decode-string-2.0.1.tgz 283ms (cache miss)
3881 http fetch GET 200 https://registry.npmjs.org/micromark-util-types/-/micromark-util-types-2.0.2.tgz 283ms (cache miss)
3882 http fetch GET 200 https://registry.npmjs.org/micromark-util-classify-character/-/micromark-util-classify-character-2.0.1.tgz 283ms (cache miss)
3883 http fetch GET 200 https://registry.npmjs.org/micromark-core-commonmark/-/micromark-core-commonmark-2.0.3.tgz 290ms (cache miss)
3884 http fetch GET 200 https://registry.npmjs.org/micromark-util-normalize-identifier/-/micromark-util-normalize-identifier-2.0.1.tgz 299ms (cache miss)
3885 http fetch GET 200 https://registry.npmjs.org/mdast-util-phrasing/-/mdast-util-phrasing-4.1.0.tgz 299ms (cache miss)
3886 http fetch GET 200 https://registry.npmjs.org/micromark-util-decode-numeric-character-reference/-/micromark-util-decode-numeric-character-reference-2.0.2.tgz 298ms (cache miss)
3887 http fetch GET 200 https://registry.npmjs.org/mdast-util-to-string/-/mdast-util-to-string-4.0.0.tgz 298ms (cache miss)
3888 http fetch GET 200 https://registry.npmjs.org/unist-util-stringify-position/-/unist-util-stringify-position-4.0.0.tgz 299ms (cache miss)
3889 http fetch GET 200 https://registry.npmjs.org/character-entities/-/character-entities-2.0.2.tgz 298ms (cache miss)
3890 http fetch GET 200 https://registry.npmjs.org/@types/debug/-/debug-4.1.13.tgz 300ms (cache miss)
3891 http fetch GET 200 https://registry.npmjs.org/mdast-util-math/-/mdast-util-math-3.0.0.tgz 309ms (cache miss)
3892 http fetch GET 200 https://registry.npmjs.org/decode-named-character-reference/-/decode-named-character-reference-1.3.0.tgz 309ms (cache miss)
3893 http fetch GET 200 https://registry.npmjs.org/longest-streak/-/longest-streak-3.1.0.tgz 309ms (cache miss)
3894 http fetch GET 200 https://registry.npmjs.org/micromark-util-symbol/-/micromark-util-symbol-2.0.1.tgz 309ms (cache miss)
3895 http fetch GET 200 https://registry.npmjs.org/mdast-util-from-markdown/-/mdast-util-from-markdown-2.0.3.tgz 314ms (cache miss)
3896 http fetch GET 200 https://registry.npmjs.org/vfile-message/-/vfile-message-4.0.3.tgz 317ms (cache miss)
3897 http fetch GET 200 https://registry.npmjs.org/hast-util-parse-selector/-/hast-util-parse-selector-4.0.0.tgz 317ms (cache miss)
3898 http fetch GET 200 https://registry.npmjs.org/unified/-/unified-11.0.5.tgz 318ms (cache miss)
3899 http fetch GET 200 https://registry.npmjs.org/micromark-extension-math/-/micromark-extension-math-3.1.0.tgz 320ms (cache miss)
3900 http fetch GET 200 https://registry.npmjs.org/space-separated-tokens/-/space-separated-tokens-2.0.2.tgz 324ms (cache miss)
3901 http fetch GET 200 https://registry.npmjs.org/vfile-location/-/vfile-location-5.0.3.tgz 324ms (cache miss)
3902 http fetch GET 200 https://registry.npmjs.org/micromark/-/micromark-4.0.2.tgz 326ms (cache miss)
3903 http fetch GET 200 https://registry.npmjs.org/web-namespaces/-/web-namespaces-2.0.1.tgz 326ms (cache miss)
3904 http fetch GET 200 https://registry.npmjs.org/property-information/-/property-information-7.1.0.tgz 333ms (cache miss)
3905 http fetch GET 200 https://registry.npmjs.org/hast-util-from-dom/-/hast-util-from-dom-5.0.1.tgz 339ms (cache miss)
3906 http fetch GET 200 https://registry.npmjs.org/devlop/-/devlop-1.1.0.tgz 340ms (cache miss)
3907 http fetch GET 200 https://registry.npmjs.org/hast-util-from-parse5/-/hast-util-from-parse5-8.0.3.tgz 341ms (cache miss)
3908 http fetch GET 200 https://registry.npmjs.org/comma-separated-tokens/-/comma-separated-tokens-2.0.3.tgz 341ms (cache miss)
3909 http fetch GET 200 https://registry.npmjs.org/unist-util-remove-position/-/unist-util-remove-position-5.0.0.tgz 340ms (cache miss)
3910 http fetch GET 200 https://registry.npmjs.org/hast-util-from-html/-/hast-util-from-html-2.0.3.tgz 341ms (cache miss)
3911 http fetch GET 200 https://registry.npmjs.org/dequal/-/dequal-2.0.3.tgz 358ms (cache miss)
3912 http fetch GET 200 https://registry.npmjs.org/hast-util-is-element/-/hast-util-is-element-3.0.0.tgz 357ms (cache miss)
3913 http fetch GET 200 https://registry.npmjs.org/hast-util-from-html-isomorphic/-/hast-util-from-html-isomorphic-2.0.0.tgz 358ms (cache miss)
3914 http fetch GET 200 https://registry.npmjs.org/unist-util-visit-parents/-/unist-util-visit-parents-6.0.2.tgz 364ms (cache miss)
3915 http fetch GET 200 https://registry.npmjs.org/react-is/-/react-is-16.13.1.tgz 364ms (cache miss)
3916 http fetch GET 200 https://registry.npmjs.org/js-tokens/-/js-tokens-4.0.0.tgz 364ms (cache miss)
3917 http fetch GET 200 https://registry.npmjs.org/hastscript/-/hastscript-9.0.1.tgz 365ms (cache miss)
3918 http fetch GET 200 https://registry.npmjs.org/loose-envify/-/loose-envify-1.4.0.tgz 364ms (cache miss)
3919 http fetch GET 200 https://registry.npmjs.org/hast-util-to-text/-/hast-util-to-text-4.0.2.tgz 365ms (cache miss)
3920 http fetch GET 200 https://registry.npmjs.org/vfile/-/vfile-6.0.3.tgz 367ms (cache miss)
3921 http fetch GET 200 https://registry.npmjs.org/lowlight/-/lowlight-3.3.0.tgz 367ms (cache miss)
3922 http fetch GET 200 https://registry.npmjs.org/@types/hast/-/hast-3.0.4.tgz 371ms (cache miss)
3923 http fetch GET 200 https://registry.npmjs.org/unist-util-find-after/-/unist-util-find-after-5.0.0.tgz 371ms (cache miss)
3924 http fetch GET 200 https://registry.npmjs.org/object-assign/-/object-assign-4.1.1.tgz 380ms (cache miss)
3925 http fetch GET 200 https://registry.npmjs.org/scheduler/-/scheduler-0.23.2.tgz 380ms (cache miss)
3926 http fetch GET 200 https://registry.npmjs.org/p-limit/-/p-limit-3.1.0.tgz 380ms (cache miss)
3927 http fetch GET 200 https://registry.npmjs.org/unist-util-visit/-/unist-util-visit-5.1.0.tgz 382ms (cache miss)
3928 http fetch GET 200 https://registry.npmjs.org/entities/-/entities-6.0.1.tgz 385ms (cache miss)
3929 http fetch GET 200 https://registry.npmjs.org/nanoid/-/nanoid-3.3.12.tgz 392ms (cache miss)
3930 http fetch GET 200 https://registry.npmjs.org/streamsearch/-/streamsearch-1.1.0.tgz 392ms (cache miss)
3931 http fetch GET 200 https://registry.npmjs.org/word-wrap/-/word-wrap-1.2.5.tgz 392ms (cache miss)
3932 http fetch GET 200 https://registry.npmjs.org/fast-levenshtein/-/fast-levenshtein-2.0.6.tgz 392ms (cache miss)
3933 http fetch GET 200 https://registry.npmjs.org/yocto-queue/-/yocto-queue-0.1.0.tgz 395ms (cache miss)
3934 http fetch GET 200 https://registry.npmjs.org/callsites/-/callsites-3.1.0.tgz 395ms (cache miss)
3935 http fetch GET 200 https://registry.npmjs.org/source-map-js/-/source-map-js-1.2.1.tgz 397ms (cache miss)
3936 http fetch GET 200 https://registry.npmjs.org/mdast-util-to-markdown/-/mdast-util-to-markdown-2.1.2.tgz 404ms (cache miss)
3937 http fetch GET 200 https://registry.npmjs.org/lru-cache/-/lru-cache-10.4.3.tgz 405ms (cache miss)
3938 http fetch GET 200 https://registry.npmjs.org/deep-is/-/deep-is-0.1.4.tgz 404ms (cache miss)
3939 http fetch GET 200 https://registry.npmjs.org/@swc/counter/-/counter-0.1.3.tgz 405ms (cache miss)
3940 http fetch GET 200 https://registry.npmjs.org/graceful-fs/-/graceful-fs-4.2.11.tgz 404ms (cache miss)
3941 http fetch GET 200 https://registry.npmjs.org/parse5/-/parse5-7.3.0.tgz 408ms (cache miss)
3942 http fetch GET 200 https://registry.npmjs.org/p-locate/-/p-locate-5.0.0.tgz 412ms (cache miss)
3943 http fetch GET 200 https://registry.npmjs.org/styled-jsx/-/styled-jsx-5.1.1.tgz 414ms (cache miss)
3944 http fetch GET 200 https://registry.npmjs.org/brace-expansion/-/brace-expansion-1.1.14.tgz 421ms (cache miss)
3945 http fetch GET 200 https://registry.npmjs.org/balanced-match/-/balanced-match-1.0.2.tgz 421ms (cache miss)
3946 http fetch GET 200 https://registry.npmjs.org/tslib/-/tslib-2.8.1.tgz 421ms (cache miss)
3947 http fetch GET 200 https://registry.npmjs.org/concat-map/-/concat-map-0.0.1.tgz 427ms (cache miss)
3948 http fetch GET 200 https://registry.npmjs.org/@types/mdast/-/mdast-4.0.4.tgz 431ms (cache miss)
3949 http fetch GET 200 https://registry.npmjs.org/commander/-/commander-8.3.0.tgz 428ms (cache miss)
3950 http fetch GET 200 https://registry.npmjs.org/busboy/-/busboy-1.6.0.tgz 429ms (cache miss)
3951 http fetch GET 200 https://registry.npmjs.org/type-check/-/type-check-0.4.0.tgz 433ms (cache miss)
3952 http fetch GET 200 https://registry.npmjs.org/prelude-ls/-/prelude-ls-1.2.1.tgz 433ms (cache miss)
3953 http fetch GET 200 https://registry.npmjs.org/@types/unist/-/unist-3.0.3.tgz 439ms (cache miss)
3954 http fetch GET 200 https://registry.npmjs.org/json-buffer/-/json-buffer-3.0.1.tgz 445ms (cache miss)
3955 http fetch GET 200 https://registry.npmjs.org/wrap-ansi/-/wrap-ansi-7.0.0.tgz 447ms (cache miss)
3956 http fetch GET 200 https://registry.npmjs.org/language-subtag-registry/-/language-subtag-registry-0.3.23.tgz 448ms (cache miss)
3957 http fetch GET 200 https://registry.npmjs.org/strip-ansi/-/strip-ansi-6.0.1.tgz 457ms (cache miss)
3958 http fetch GET 200 https://registry.npmjs.org/string-width/-/string-width-5.1.2.tgz 457ms (cache miss)
3959 http fetch GET 200 https://registry.npmjs.org/@types/katex/-/katex-0.16.8.tgz 461ms (cache miss)
3960 http fetch GET 200 https://registry.npmjs.org/wrap-ansi/-/wrap-ansi-8.1.0.tgz 458ms (cache miss)
3961 http fetch GET 200 https://registry.npmjs.org/set-function-name/-/set-function-name-2.0.2.tgz 458ms (cache miss)
3962 http fetch GET 200 https://registry.npmjs.org/string-width/-/string-width-4.2.3.tgz 458ms (cache miss)
3963 http fetch GET 200 https://registry.npmjs.org/argparse/-/argparse-2.0.1.tgz 458ms (cache miss)
3964 http fetch GET 200 https://registry.npmjs.org/is-extglob/-/is-extglob-2.1.1.tgz 461ms (cache miss)
3965 http fetch GET 200 https://registry.npmjs.org/signal-exit/-/signal-exit-4.1.0.tgz 462ms (cache miss)
3966 http fetch GET 200 https://registry.npmjs.org/side-channel/-/side-channel-1.1.0.tgz 469ms (cache miss)
3967 http fetch GET 200 https://registry.npmjs.org/path-scurry/-/path-scurry-1.11.1.tgz 473ms (cache miss)
3968 http fetch GET 200 https://registry.npmjs.org/resolve-from/-/resolve-from-4.0.0.tgz 484ms (cache miss)
3969 http fetch GET 200 https://registry.npmjs.org/functions-have-names/-/functions-have-names-1.2.3.tgz 485ms (cache miss)
3970 http fetch GET 200 https://registry.npmjs.org/parent-module/-/parent-module-1.0.1.tgz 484ms (cache miss)
3971 http fetch GET 200 https://registry.npmjs.org/@isaacs/cliui/-/cliui-8.0.2.tgz 485ms (cache miss)
3972 http fetch GET 200 https://registry.npmjs.org/dunder-proto/-/dunder-proto-1.0.1.tgz 487ms (cache miss)
3973 http fetch GET 200 https://registry.npmjs.org/path-exists/-/path-exists-4.0.0.tgz 488ms (cache miss)
3974 http fetch GET 200 https://registry.npmjs.org/rimraf/-/rimraf-3.0.2.tgz 488ms (cache miss)
3975 warn deprecated rimraf@3.0.2: Rimraf versions prior to v4 are no longer supported
3976 http fetch GET 200 https://registry.npmjs.org/@pkgjs/parseargs/-/parseargs-0.11.0.tgz 490ms (cache miss)
3977 http fetch GET 200 https://registry.npmjs.org/minipass/-/minipass-7.1.3.tgz 495ms (cache miss)
3978 http fetch GET 200 https://registry.npmjs.org/keyv/-/keyv-4.5.4.tgz 498ms (cache miss)
3979 http fetch GET 200 https://registry.npmjs.org/resolve-pkg-maps/-/resolve-pkg-maps-1.0.0.tgz 498ms (cache miss)
3980 http fetch GET 200 https://registry.npmjs.org/acorn-jsx/-/acorn-jsx-5.3.2.tgz 517ms (cache miss)
3981 http fetch GET 200 https://registry.npmjs.org/locate-path/-/locate-path-6.0.0.tgz 517ms (cache miss)
3982 http fetch GET 200 https://registry.npmjs.org/flat-cache/-/flat-cache-3.2.0.tgz 520ms (cache miss)
3983 http fetch GET 200 https://registry.npmjs.org/estraverse/-/estraverse-5.3.0.tgz 522ms (cache miss)
3984 http fetch GET 200 https://registry.npmjs.org/reusify/-/reusify-1.1.0.tgz 522ms (cache miss)
3985 http fetch GET 200 https://registry.npmjs.org/esrecurse/-/esrecurse-4.3.0.tgz 522ms (cache miss)
3986 http fetch GET 200 https://registry.npmjs.org/flatted/-/flatted-3.4.2.tgz 524ms (cache miss)
3987 http fetch GET 200 https://registry.npmjs.org/foreground-child/-/foreground-child-3.3.1.tgz 526ms (cache miss)
3988 http fetch GET 200 https://registry.npmjs.org/@next/env/-/env-14.2.35.tgz 536ms (cache miss)
3989 http fetch GET 200 https://registry.npmjs.org/string.prototype.matchall/-/string.prototype.matchall-4.0.12.tgz 532ms (cache miss)
3990 http fetch GET 200 https://registry.npmjs.org/object.entries/-/object.entries-1.1.9.tgz 532ms (cache miss)
3991 http fetch GET 200 https://registry.npmjs.org/prop-types/-/prop-types-15.8.1.tgz 533ms (cache miss)
3992 http fetch GET 200 https://registry.npmjs.org/array.prototype.tosorted/-/array.prototype.tosorted-1.1.4.tgz 533ms (cache miss)
3993 http fetch GET 200 https://registry.npmjs.org/@swc/helpers/-/helpers-0.5.5.tgz 540ms (cache miss)
3994 http fetch GET 200 https://registry.npmjs.org/acorn/-/acorn-8.16.0.tgz 538ms (cache miss)
3995 http fetch GET 200 https://registry.npmjs.org/type-fest/-/type-fest-0.20.2.tgz 541ms (cache miss)
3996 http fetch GET 200 https://registry.npmjs.org/string.prototype.repeat/-/string.prototype.repeat-1.0.0.tgz 546ms (cache miss)
3997 http fetch GET 200 https://registry.npmjs.org/array.prototype.findlast/-/array.prototype.findlast-1.2.5.tgz 548ms (cache miss)
3998 http fetch GET 200 https://registry.npmjs.org/iterator.prototype/-/iterator.prototype-1.1.5.tgz 552ms (cache miss)
3999 http fetch GET 200 https://registry.npmjs.org/damerau-levenshtein/-/damerau-levenshtein-1.0.8.tgz 562ms (cache miss)
4000 http fetch GET 200 https://registry.npmjs.org/string.prototype.includes/-/string.prototype.includes-2.0.1.tgz 563ms (cache miss)
4001 http fetch GET 200 https://registry.npmjs.org/possible-typed-array-names/-/possible-typed-array-names-1.1.0.tgz 563ms (cache miss)
4002 http fetch GET 200 https://registry.npmjs.org/language-tags/-/language-tags-1.0.9.tgz 567ms (cache miss)
4003 http fetch GET 200 https://registry.npmjs.org/is-symbol/-/is-symbol-1.1.1.tgz 574ms (cache miss)
4004 http fetch GET 200 https://registry.npmjs.org/ast-types-flow/-/ast-types-flow-0.0.8.tgz 573ms (cache miss)
4005 http fetch GET 200 https://registry.npmjs.org/has-tostringtag/-/has-tostringtag-1.0.2.tgz 579ms (cache miss)
4006 http fetch GET 200 https://registry.npmjs.org/emoji-regex/-/emoji-regex-9.2.2.tgz 580ms (cache miss)
4007 http fetch GET 200 https://registry.npmjs.org/which-typed-array/-/which-typed-array-1.1.20.tgz 580ms (cache miss)
4008 http fetch GET 200 https://registry.npmjs.org/unbox-primitive/-/unbox-primitive-1.1.0.tgz 581ms (cache miss)
4009 http fetch GET 200 https://registry.npmjs.org/typed-array-byte-offset/-/typed-array-byte-offset-1.0.4.tgz 590ms (cache miss)
4010 http fetch GET 200 https://registry.npmjs.org/typed-array-length/-/typed-array-length-1.0.7.tgz 591ms (cache miss)
4011 http fetch GET 200 https://registry.npmjs.org/typed-array-byte-length/-/typed-array-byte-length-1.0.3.tgz 591ms (cache miss)
4012 http fetch GET 200 https://registry.npmjs.org/typed-array-buffer/-/typed-array-buffer-1.0.3.tgz 601ms (cache miss)
4013 http fetch GET 200 https://registry.npmjs.org/is-date-object/-/is-date-object-1.1.0.tgz 601ms (cache miss)
4014 http fetch GET 200 https://registry.npmjs.org/axe-core/-/axe-core-4.11.4.tgz 604ms (cache miss)
4015 http fetch GET 200 https://registry.npmjs.org/es-iterator-helpers/-/es-iterator-helpers-1.3.2.tgz 607ms (cache miss)
4016 http fetch GET 200 https://registry.npmjs.org/safe-regex-test/-/safe-regex-test-1.1.0.tgz 607ms (cache miss)
4017 http fetch GET 200 https://registry.npmjs.org/string.prototype.trimstart/-/string.prototype.trimstart-1.0.8.tgz 609ms (cache miss)
4018 http fetch GET 200 https://registry.npmjs.org/safe-push-apply/-/safe-push-apply-1.0.0.tgz 608ms (cache miss)
4019 http fetch GET 200 https://registry.npmjs.org/own-keys/-/own-keys-1.0.1.tgz 608ms (cache miss)
4020 http fetch GET 200 https://registry.npmjs.org/stop-iteration-iterator/-/stop-iteration-iterator-1.1.0.tgz 613ms (cache miss)
4021 http fetch GET 200 https://registry.npmjs.org/object.assign/-/object.assign-4.1.7.tgz 615ms (cache miss)
4022 http fetch GET 200 https://registry.npmjs.org/is-weakref/-/is-weakref-1.1.1.tgz 618ms (cache miss)
4023 http fetch GET 200 https://registry.npmjs.org/safe-array-concat/-/safe-array-concat-1.1.4.tgz 618ms (cache miss)
4024 http fetch GET 200 https://registry.npmjs.org/regexp.prototype.flags/-/regexp.prototype.flags-1.5.4.tgz 619ms (cache miss)
4025 http fetch GET 200 https://registry.npmjs.org/jsx-ast-utils/-/jsx-ast-utils-3.3.5.tgz 626ms (cache miss)
4026 http fetch GET 200 https://registry.npmjs.org/string.prototype.trim/-/string.prototype.trim-1.2.10.tgz 627ms (cache miss)
4027 http fetch GET 200 https://registry.npmjs.org/object-inspect/-/object-inspect-1.13.4.tgz 629ms (cache miss)
4028 http fetch GET 200 https://registry.npmjs.org/is-set/-/is-set-2.0.3.tgz 644ms (cache miss)
4029 http fetch GET 200 https://registry.npmjs.org/set-proto/-/set-proto-1.0.0.tgz 644ms (cache miss)
4030 http fetch GET 200 https://registry.npmjs.org/is-regex/-/is-regex-1.2.1.tgz 645ms (cache miss)
4031 http fetch GET 200 https://registry.npmjs.org/is-typed-array/-/is-typed-array-1.1.15.tgz 647ms (cache miss)
4032 http fetch GET 200 https://registry.npmjs.org/has-proto/-/has-proto-1.2.0.tgz 647ms (cache miss)
4033 http fetch GET 200 https://registry.npmjs.org/is-data-view/-/is-data-view-1.0.2.tgz 647ms (cache miss)
4034 http fetch GET 200 https://registry.npmjs.org/has-symbols/-/has-symbols-1.1.0.tgz 647ms (cache miss)
4035 http fetch GET 200 https://registry.npmjs.org/is-array-buffer/-/is-array-buffer-3.0.5.tgz 647ms (cache miss)
4036 http fetch GET 200 https://registry.npmjs.org/is-shared-array-buffer/-/is-shared-array-buffer-1.0.4.tgz 648ms (cache miss)
4037 http fetch GET 200 https://registry.npmjs.org/is-negative-zero/-/is-negative-zero-2.0.3.tgz 648ms (cache miss)
4038 http fetch GET 200 https://registry.npmjs.org/internal-slot/-/internal-slot-1.1.0.tgz 649ms (cache miss)
4039 http fetch GET 200 https://registry.npmjs.org/globalthis/-/globalthis-1.0.4.tgz 656ms (cache miss)
4040 http fetch GET 200 https://registry.npmjs.org/axobject-query/-/axobject-query-4.1.0.tgz 660ms (cache miss)
4041 http fetch GET 200 https://registry.npmjs.org/is-callable/-/is-callable-1.2.7.tgz 673ms (cache miss)
4042 http fetch GET 200 https://registry.npmjs.org/es-set-tostringtag/-/es-set-tostringtag-2.1.0.tgz 680ms (cache miss)
4043 http fetch GET 200 https://registry.npmjs.org/get-proto/-/get-proto-1.0.1.tgz 681ms (cache miss)
4044 http fetch GET 200 https://registry.npmjs.org/es-to-primitive/-/es-to-primitive-1.3.0.tgz 682ms (cache miss)
4045 http fetch GET 200 https://registry.npmjs.org/data-view-byte-length/-/data-view-byte-length-1.0.2.tgz 682ms (cache miss)
4046 http fetch GET 200 https://registry.npmjs.org/object-keys/-/object-keys-1.1.1.tgz 682ms (cache miss)
4047 http fetch GET 200 https://registry.npmjs.org/data-view-byte-offset/-/data-view-byte-offset-1.0.1.tgz 683ms (cache miss)
4048 http fetch GET 200 https://registry.npmjs.org/available-typed-arrays/-/available-typed-arrays-1.0.7.tgz 683ms (cache miss)
4049 http fetch GET 200 https://registry.npmjs.org/get-symbol-description/-/get-symbol-description-1.1.0.tgz 683ms (cache miss)
4050 http fetch GET 200 https://registry.npmjs.org/arraybuffer.prototype.slice/-/arraybuffer.prototype.slice-1.0.4.tgz 683ms (cache miss)
4051 http fetch GET 200 https://registry.npmjs.org/function.prototype.name/-/function.prototype.name-1.1.8.tgz 684ms (cache miss)
4052 http fetch GET 200 https://registry.npmjs.org/data-view-buffer/-/data-view-buffer-1.0.2.tgz 692ms (cache miss)
4053 http fetch GET 200 https://registry.npmjs.org/aria-query/-/aria-query-5.3.2.tgz 698ms (cache miss)
4054 http fetch GET 200 https://registry.npmjs.org/gopd/-/gopd-1.2.0.tgz 697ms (cache miss)
4055 http fetch GET 200 https://registry.npmjs.org/set-function-length/-/set-function-length-1.2.2.tgz 708ms (cache miss)
4056 http fetch GET 200 https://registry.npmjs.org/es-define-property/-/es-define-property-1.0.1.tgz 708ms (cache miss)
4057 http fetch GET 200 https://registry.npmjs.org/es-errors/-/es-errors-1.3.0.tgz 708ms (cache miss)
4058 http fetch GET 200 https://registry.npmjs.org/has-property-descriptors/-/has-property-descriptors-1.0.2.tgz 708ms (cache miss)
4059 http fetch GET 200 https://registry.npmjs.org/es-shim-unscopables/-/es-shim-unscopables-1.1.0.tgz 709ms (cache miss)
4060 http fetch GET 200 https://registry.npmjs.org/define-data-property/-/define-data-property-1.1.4.tgz 710ms (cache miss)
4061 http fetch GET 200 https://registry.npmjs.org/math-intrinsics/-/math-intrinsics-1.1.0.tgz 717ms (cache miss)
4062 http fetch GET 200 https://registry.npmjs.org/is-string/-/is-string-1.1.1.tgz 718ms (cache miss)
4063 http fetch GET 200 https://registry.npmjs.org/call-bind-apply-helpers/-/call-bind-apply-helpers-1.0.2.tgz 718ms (cache miss)
4064 http fetch GET 200 https://registry.npmjs.org/function-bind/-/function-bind-1.1.2.tgz 728ms (cache miss)
4065 http fetch GET 200 https://registry.npmjs.org/es-object-atoms/-/es-object-atoms-1.1.1.tgz 732ms (cache miss)
4066 http fetch GET 200 https://registry.npmjs.org/call-bound/-/call-bound-1.0.4.tgz 733ms (cache miss)
4067 http fetch GET 200 https://registry.npmjs.org/define-properties/-/define-properties-1.2.1.tgz 734ms (cache miss)
4068 http fetch GET 200 https://registry.npmjs.org/array.prototype.flatmap/-/array.prototype.flatmap-1.3.3.tgz 735ms (cache miss)
4069 http fetch GET 200 https://registry.npmjs.org/string.prototype.trimend/-/string.prototype.trimend-1.0.9.tgz 735ms (cache miss)
4070 http fetch GET 200 https://registry.npmjs.org/get-intrinsic/-/get-intrinsic-1.3.0.tgz 743ms (cache miss)
4071 http fetch GET 200 https://registry.npmjs.org/call-bind/-/call-bind-1.0.9.tgz 743ms (cache miss)
4072 http fetch GET 200 https://registry.npmjs.org/array-buffer-byte-length/-/array-buffer-byte-length-1.0.2.tgz 746ms (cache miss)
4073 http fetch GET 200 https://registry.npmjs.org/jackspeak/-/jackspeak-2.3.6.tgz 757ms (cache miss)
4074 http fetch GET 200 https://registry.npmjs.org/eslint-module-utils/-/eslint-module-utils-2.12.1.tgz 756ms (cache miss)
4075 http fetch GET 200 https://registry.npmjs.org/object.fromentries/-/object.fromentries-2.0.8.tgz 761ms (cache miss)
4076 http fetch GET 200 https://registry.npmjs.org/array-includes/-/array-includes-3.1.9.tgz 767ms (cache miss)
4077 http fetch GET 200 https://registry.npmjs.org/array.prototype.findlastindex/-/array.prototype.findlastindex-1.2.6.tgz 768ms (cache miss)
4078 http fetch GET 200 https://registry.npmjs.org/hasown/-/hasown-2.0.3.tgz 770ms (cache miss)
4079 http fetch GET 200 https://registry.npmjs.org/object.values/-/object.values-1.2.1.tgz 769ms (cache miss)
4080 http fetch GET 200 https://registry.npmjs.org/stable-hash/-/stable-hash-0.0.5.tgz 770ms (cache miss)
4081 http fetch GET 200 https://registry.npmjs.org/is-core-module/-/is-core-module-2.16.2.tgz 771ms (cache miss)
4082 http fetch GET 200 https://registry.npmjs.org/array.prototype.flat/-/array.prototype.flat-1.3.3.tgz 772ms (cache miss)
4083 http fetch GET 200 https://registry.npmjs.org/@nolyfill/is-core-module/-/is-core-module-1.0.39.tgz 784ms (cache miss)
4084 http fetch GET 200 https://registry.npmjs.org/@rtsao/scc/-/scc-1.1.0.tgz 793ms (cache miss)
4085 http fetch GET 200 https://registry.npmjs.org/is-bun-module/-/is-bun-module-2.0.0.tgz 796ms (cache miss)
4086 http fetch GET 200 https://registry.npmjs.org/get-tsconfig/-/get-tsconfig-4.14.0.tgz 797ms (cache miss)
4087 http fetch GET 200 https://registry.npmjs.org/ts-api-utils/-/ts-api-utils-2.5.0.tgz 797ms (cache miss)
4088 http fetch GET 200 https://registry.npmjs.org/tsconfig-paths/-/tsconfig-paths-3.15.0.tgz 802ms (cache miss)
4089 http fetch GET 200 https://registry.npmjs.org/unrs-resolver/-/unrs-resolver-1.11.1.tgz 805ms (cache miss)
4090 http fetch GET 200 https://registry.npmjs.org/@typescript-eslint/project-service/-/project-service-8.59.2.tgz 812ms (cache miss)
4091 http fetch GET 200 https://registry.npmjs.org/tinyglobby/-/tinyglobby-0.2.16.tgz 814ms (cache miss)
4092 http fetch GET 200 https://registry.npmjs.org/semver/-/semver-7.8.0.tgz 826ms (cache miss)
4093 http fetch GET 200 https://registry.npmjs.org/@typescript-eslint/type-utils/-/type-utils-8.59.2.tgz 832ms (cache miss)
4094 http fetch GET 200 https://registry.npmjs.org/resolve/-/resolve-2.0.0-next.6.tgz 833ms (cache miss)
4095 http fetch GET 200 https://registry.npmjs.org/eslint-plugin-react-hooks/-/eslint-plugin-react-hooks-5.0.0-canary-7118f5dd7-20230705.tgz 864ms (cache miss)
4096 http fetch GET 200 https://registry.npmjs.org/eslint-import-resolver-typescript/-/eslint-import-resolver-typescript-3.10.1.tgz 868ms (cache miss)
4097 http fetch GET 200 https://registry.npmjs.org/eslint-import-resolver-node/-/eslint-import-resolver-node-0.3.10.tgz 877ms (cache miss)
4098 http fetch GET 200 https://registry.npmjs.org/ms/-/ms-2.1.3.tgz 876ms (cache miss)
4099 http fetch GET 200 https://registry.npmjs.org/glob/-/glob-10.3.10.tgz 884ms (cache miss)
4100 warn deprecated glob@10.3.10: Old versions of glob are not supported, and contain widely publicized security vulnerabilities, which have been fixed in the current version. Please update. Support for old versions may be purchased (at exorbitant rates) by contacting i@izs.me
4101 http fetch GET 200 https://registry.npmjs.org/@next/eslint-plugin-next/-/eslint-plugin-next-14.2.35.tgz 887ms (cache miss)
4102 http fetch GET 200 https://registry.npmjs.org/object.groupby/-/object.groupby-1.0.3.tgz 897ms (cache miss)
4103 http fetch GET 200 https://registry.npmjs.org/@typescript-eslint/utils/-/utils-8.59.2.tgz 896ms (cache miss)
4104 http fetch GET 200 https://registry.npmjs.org/@typescript-eslint/parser/-/parser-8.59.2.tgz 919ms (cache miss)
4105 http fetch GET 200 https://registry.npmjs.org/path-key/-/path-key-3.1.1.tgz 919ms (cache miss)
4106 http fetch GET 200 https://registry.npmjs.org/which/-/which-2.0.2.tgz 920ms (cache miss)
4107 http fetch GET 200 https://registry.npmjs.org/@typescript-eslint/types/-/types-8.59.2.tgz 923ms (cache miss)
4108 http fetch GET 200 https://registry.npmjs.org/color-convert/-/color-convert-2.0.1.tgz 928ms (cache miss)
4109 http fetch GET 200 https://registry.npmjs.org/shebang-command/-/shebang-command-2.0.0.tgz 930ms (cache miss)
4110 http fetch GET 200 https://registry.npmjs.org/@typescript-eslint/visitor-keys/-/visitor-keys-8.59.2.tgz 942ms (cache miss)
4111 http fetch GET 200 https://registry.npmjs.org/color-name/-/color-name-1.1.4.tgz 964ms (cache miss)
4112 http fetch GET 200 https://registry.npmjs.org/@typescript-eslint/typescript-estree/-/typescript-estree-8.59.2.tgz 967ms (cache miss)
4113 http fetch GET 200 https://registry.npmjs.org/supports-color/-/supports-color-7.2.0.tgz 971ms (cache miss)
4114 http fetch GET 200 https://registry.npmjs.org/run-parallel/-/run-parallel-1.2.0.tgz 972ms (cache miss)
4115 http fetch GET 200 https://registry.npmjs.org/@nodelib/fs.stat/-/fs.stat-2.0.5.tgz 997ms (cache miss)
4116 http fetch GET 200 https://registry.npmjs.org/fast-json-stable-stringify/-/fast-json-stable-stringify-2.1.0.tgz 997ms (cache miss)
4117 http fetch GET 200 https://registry.npmjs.org/json-schema-traverse/-/json-schema-traverse-0.4.1.tgz 998ms (cache miss)
4118 http fetch GET 200 https://registry.npmjs.org/strip-json-comments/-/strip-json-comments-3.1.1.tgz 997ms (cache miss)
4119 http fetch GET 200 https://registry.npmjs.org/uri-js/-/uri-js-4.4.1.tgz 1001ms (cache miss)
4120 http fetch GET 200 https://registry.npmjs.org/@humanwhocodes/object-schema/-/object-schema-2.0.3.tgz 1002ms (cache miss)
4121 warn deprecated @humanwhocodes/object-schema@2.0.3: Use @eslint/object-schema instead
4122 http fetch GET 200 https://registry.npmjs.org/ansi-styles/-/ansi-styles-4.3.0.tgz 1033ms (cache miss)
4123 http fetch GET 200 https://registry.npmjs.org/fastq/-/fastq-1.20.1.tgz 1036ms (cache miss)
4124 http fetch GET 200 https://registry.npmjs.org/optionator/-/optionator-0.9.4.tgz 1036ms (cache miss)
4125 http fetch GET 200 https://registry.npmjs.org/strip-ansi/-/strip-ansi-6.0.1.tgz 1037ms (cache miss)
4126 http fetch GET 200 https://registry.npmjs.org/import-fresh/-/import-fresh-3.3.1.tgz 1040ms (cache miss)
4127 http fetch GET 200 https://registry.npmjs.org/@rushstack/eslint-patch/-/eslint-patch-1.16.1.tgz 1044ms (cache miss)
4128 http fetch GET 200 https://registry.npmjs.org/levn/-/levn-0.4.1.tgz 1041ms (cache miss)
4129 http fetch GET 200 https://registry.npmjs.org/text-table/-/text-table-0.2.0.tgz 1041ms (cache miss)
4130 http fetch GET 200 https://registry.npmjs.org/@nodelib/fs.scandir/-/fs.scandir-2.1.5.tgz 1043ms (cache miss)
4131 http fetch GET 200 https://registry.npmjs.org/natural-compare/-/natural-compare-1.4.0.tgz 1043ms (cache miss)
4132 http fetch GET 200 https://registry.npmjs.org/minimatch/-/minimatch-3.1.5.tgz 1042ms (cache miss)
4133 http fetch GET 200 https://registry.npmjs.org/eslint-plugin-jsx-a11y/-/eslint-plugin-jsx-a11y-6.10.2.tgz 1050ms (cache miss)
4134 http fetch GET 200 https://registry.npmjs.org/js-yaml/-/js-yaml-4.1.1.tgz 1054ms (cache miss)
4135 http fetch GET 200 https://registry.npmjs.org/glob-parent/-/glob-parent-6.0.2.tgz 1059ms (cache miss)
4136 http fetch GET 200 https://registry.npmjs.org/is-path-inside/-/is-path-inside-3.0.3.tgz 1060ms (cache miss)
4137 http fetch GET 200 https://registry.npmjs.org/is-glob/-/is-glob-4.0.3.tgz 1061ms (cache miss)
4138 http fetch GET 200 https://registry.npmjs.org/find-up/-/find-up-5.0.0.tgz 1069ms (cache miss)
4139 http fetch GET 200 https://registry.npmjs.org/eslint-visitor-keys/-/eslint-visitor-keys-3.4.3.tgz 1069ms (cache miss)
4140 http fetch GET 200 https://registry.npmjs.org/file-entry-cache/-/file-entry-cache-6.0.1.tgz 1069ms (cache miss)
4141 http fetch GET 200 https://registry.npmjs.org/lodash.merge/-/lodash.merge-4.6.2.tgz 1069ms (cache miss)
4142 http fetch GET 200 https://registry.npmjs.org/imurmurhash/-/imurmurhash-0.1.4.tgz 1070ms (cache miss)
4143 http fetch GET 200 https://registry.npmjs.org/fast-deep-equal/-/fast-deep-equal-3.1.3.tgz 1070ms (cache miss)
4144 http fetch GET 200 https://registry.npmjs.org/globals/-/globals-13.24.0.tgz 1071ms (cache miss)
4145 http fetch GET 200 https://registry.npmjs.org/ignore/-/ignore-5.3.2.tgz 1072ms (cache miss)
4146 http fetch GET 200 https://registry.npmjs.org/graphemer/-/graphemer-1.4.0.tgz 1075ms (cache miss)
4147 http fetch GET 200 https://registry.npmjs.org/json-stable-stringify-without-jsonify/-/json-stable-stringify-without-jsonify-1.0.1.tgz 1077ms (cache miss)
4148 http fetch GET 200 https://registry.npmjs.org/esutils/-/esutils-2.0.3.tgz 1092ms (cache miss)
4149 http fetch GET 200 https://registry.npmjs.org/debug/-/debug-4.4.3.tgz 1095ms (cache miss)
4150 http fetch GET 200 https://registry.npmjs.org/cross-spawn/-/cross-spawn-7.0.6.tgz 1096ms (cache miss)
4151 http fetch GET 200 https://registry.npmjs.org/doctrine/-/doctrine-3.0.0.tgz 1096ms (cache miss)
4152 http fetch GET 200 https://registry.npmjs.org/escape-string-regexp/-/escape-string-regexp-4.0.0.tgz 1099ms (cache miss)
4153 http fetch GET 200 https://registry.npmjs.org/eslint-plugin-react/-/eslint-plugin-react-7.37.5.tgz 1113ms (cache miss)
4154 http fetch GET 200 https://registry.npmjs.org/@eslint/js/-/js-8.57.1.tgz 1107ms (cache miss)
4155 http fetch GET 200 https://registry.npmjs.org/espree/-/espree-9.6.1.tgz 1108ms (cache miss)
4156 http fetch GET 200 https://registry.npmjs.org/@typescript-eslint/tsconfig-utils/-/tsconfig-utils-8.59.2.tgz 1115ms (cache miss)
4157 http fetch GET 200 https://registry.npmjs.org/eslint-scope/-/eslint-scope-7.2.2.tgz 1109ms (cache miss)
4158 http fetch GET 200 https://registry.npmjs.org/esquery/-/esquery-1.7.0.tgz 1110ms (cache miss)
4159 http fetch GET 200 https://registry.npmjs.org/node-releases/-/node-releases-2.0.38.tgz 1123ms (cache miss)
4160 http fetch GET 200 https://registry.npmjs.org/@ungap/structured-clone/-/structured-clone-1.3.1.tgz 1124ms (cache miss)
4161 http fetch GET 200 https://registry.npmjs.org/@humanwhocodes/module-importer/-/module-importer-1.0.1.tgz 1124ms (cache miss)
4162 http fetch GET 200 https://registry.npmjs.org/chalk/-/chalk-4.1.2.tgz 1124ms (cache miss)
4163 http fetch GET 200 https://registry.npmjs.org/@nodelib/fs.walk/-/fs.walk-1.2.8.tgz 1130ms (cache miss)
4164 http fetch GET 200 https://registry.npmjs.org/picocolors/-/picocolors-1.1.1.tgz 1130ms (cache miss)
4165 http fetch GET 200 https://registry.npmjs.org/update-browserslist-db/-/update-browserslist-db-1.2.3.tgz 1130ms (cache miss)
4166 http fetch GET 200 https://registry.npmjs.org/electron-to-chromium/-/electron-to-chromium-1.5.353.tgz 1136ms (cache miss)
4167 http fetch GET 200 https://registry.npmjs.org/@eslint-community/eslint-utils/-/eslint-utils-4.9.1.tgz 1138ms (cache miss)
4168 http fetch GET 200 https://registry.npmjs.org/fraction.js/-/fraction.js-5.3.4.tgz 1138ms (cache miss)
4169 http fetch GET 200 https://registry.npmjs.org/baseline-browser-mapping/-/baseline-browser-mapping-2.10.29.tgz 1147ms (cache miss)
4170 http fetch GET 200 https://registry.npmjs.org/postcss-value-parser/-/postcss-value-parser-4.2.0.tgz 1153ms (cache miss)
4171 http fetch GET 200 https://registry.npmjs.org/browserslist/-/browserslist-4.28.2.tgz 1153ms (cache miss)
4172 http fetch GET 200 https://registry.npmjs.org/csstype/-/csstype-3.2.3.tgz 1156ms (cache miss)
4173 http fetch GET 200 https://registry.npmjs.org/ajv/-/ajv-6.15.0.tgz 1161ms (cache miss)
4174 http fetch GET 200 https://registry.npmjs.org/@types/prop-types/-/prop-types-15.7.15.tgz 1159ms (cache miss)
4175 http fetch GET 200 https://registry.npmjs.org/@eslint-community/regexpp/-/regexpp-4.12.2.tgz 1162ms (cache miss)
4176 http fetch GET 200 https://registry.npmjs.org/remark-math/-/remark-math-6.0.0.tgz 1160ms (cache miss)
4177 http fetch GET 200 https://registry.npmjs.org/source-map/-/source-map-0.7.6.tgz 1161ms (cache miss)
4178 http fetch GET 200 https://registry.npmjs.org/undici-types/-/undici-types-6.21.0.tgz 1170ms (cache miss)
4179 http fetch GET 200 https://registry.npmjs.org/rehype-katex/-/rehype-katex-7.0.1.tgz 1170ms (cache miss)
4180 http fetch GET 200 https://registry.npmjs.org/rehype-highlight/-/rehype-highlight-7.0.2.tgz 1173ms (cache miss)
4181 http fetch GET 200 https://registry.npmjs.org/@types/mdx/-/mdx-2.0.13.tgz 1177ms (cache miss)
4182 http fetch GET 200 https://registry.npmjs.org/@typescript-eslint/scope-manager/-/scope-manager-8.59.2.tgz 1199ms (cache miss)
4183 http fetch GET 200 https://registry.npmjs.org/react/-/react-18.3.1.tgz 1192ms (cache miss)
4184 http fetch GET 200 https://registry.npmjs.org/eslint-config-next/-/eslint-config-next-14.2.35.tgz 1207ms (cache miss)
4185 http fetch GET 200 https://registry.npmjs.org/@humanwhocodes/config-array/-/config-array-0.13.0.tgz 1253ms (cache miss)
4186 warn deprecated @humanwhocodes/config-array@0.13.0: Use @eslint/config-array instead
4187 http fetch GET 200 https://registry.npmjs.org/@eslint/eslintrc/-/eslintrc-2.1.4.tgz 1253ms (cache miss)
4188 http fetch GET 200 https://registry.npmjs.org/glob-parent/-/glob-parent-5.1.2.tgz 1252ms (cache miss)
4189 http fetch GET 200 https://registry.npmjs.org/postcss/-/postcss-8.5.14.tgz 1255ms (cache miss)
4190 http fetch GET 200 https://registry.npmjs.org/@types/react-dom/-/react-dom-18.3.7.tgz 1263ms (cache miss)
4191 http fetch GET 200 https://registry.npmjs.org/@mdx-js/react/-/react-3.1.1.tgz 1273ms (cache miss)
4192 http fetch GET 200 https://registry.npmjs.org/commander/-/commander-4.1.1.tgz 1284ms (cache miss)
4193 http fetch GET 200 https://registry.npmjs.org/strip-ansi/-/strip-ansi-7.2.0.tgz 1298ms (cache miss)
4194 http fetch GET 200 https://registry.npmjs.org/semver/-/semver-6.3.1.tgz 1301ms (cache miss)
4195 http fetch GET 200 https://registry.npmjs.org/strip-ansi/-/strip-ansi-7.2.0.tgz 1308ms (cache miss)
4196 http fetch GET 200 https://registry.npmjs.org/ansi-regex/-/ansi-regex-6.2.2.tgz 1308ms (cache miss)
4197 http fetch GET 200 https://registry.npmjs.org/ansi-styles/-/ansi-styles-6.2.3.tgz 1309ms (cache miss)
4198 http fetch GET 200 https://registry.npmjs.org/@types/react/-/react-18.3.28.tgz 1310ms (cache miss)
4199 http fetch GET 200 https://registry.npmjs.org/ansi-regex/-/ansi-regex-6.2.2.tgz 1311ms (cache miss)
4200 http fetch GET 200 https://registry.npmjs.org/string-width/-/string-width-4.2.3.tgz 1317ms (cache miss)
4201 http fetch GET 200 https://registry.npmjs.org/ansi-regex/-/ansi-regex-6.2.2.tgz 1321ms (cache miss)
4202 http fetch GET 200 https://registry.npmjs.org/emoji-regex/-/emoji-regex-8.0.0.tgz 1325ms (cache miss)
4203 http fetch GET 200 https://registry.npmjs.org/strip-ansi/-/strip-ansi-7.2.0.tgz 1326ms (cache miss)
4204 http fetch GET 200 https://registry.npmjs.org/react-dom/-/react-dom-18.3.1.tgz 1329ms (cache miss)
4205 http fetch GET 200 https://registry.npmjs.org/emoji-regex/-/emoji-regex-8.0.0.tgz 1330ms (cache miss)
4206 http fetch GET 200 https://registry.npmjs.org/debug/-/debug-3.2.7.tgz 1331ms (cache miss)
4207 http fetch GET 200 https://registry.npmjs.org/@types/node/-/node-20.19.40.tgz 1333ms (cache miss)
4208 http fetch GET 200 https://registry.npmjs.org/picomatch/-/picomatch-4.0.4.tgz 1352ms (cache miss)
4209 http fetch GET 200 https://registry.npmjs.org/glob/-/glob-7.2.3.tgz 1352ms (cache miss)
4210 warn deprecated glob@7.2.3: Old versions of glob are not supported, and contain widely publicized security vulnerabilities, which have been fixed in the current version. Please update. Support for old versions may be purchased (at exorbitant rates) by contacting i@izs.me
4211 http fetch GET 200 https://registry.npmjs.org/brace-expansion/-/brace-expansion-5.0.6.tgz 1352ms (cache miss)
4212 http fetch GET 200 https://registry.npmjs.org/glob-parent/-/glob-parent-5.1.2.tgz 1354ms (cache miss)
4213 http fetch GET 200 https://registry.npmjs.org/brace-expansion/-/brace-expansion-2.1.0.tgz 1353ms (cache miss)
4214 http fetch GET 200 https://registry.npmjs.org/semver/-/semver-6.3.1.tgz 1353ms (cache miss)
4215 http fetch GET 200 https://registry.npmjs.org/fdir/-/fdir-6.5.0.tgz 1353ms (cache miss)
4216 http fetch GET 200 https://registry.npmjs.org/autoprefixer/-/autoprefixer-10.5.0.tgz 1356ms (cache miss)
4217 http fetch GET 200 https://registry.npmjs.org/doctrine/-/doctrine-2.1.0.tgz 1357ms (cache miss)
4218 http fetch GET 200 https://registry.npmjs.org/@typescript-eslint/eslint-plugin/-/eslint-plugin-8.59.2.tgz 1369ms (cache miss)
4219 http fetch GET 200 https://registry.npmjs.org/balanced-match/-/balanced-match-4.0.4.tgz 1363ms (cache miss)
4220 http fetch GET 200 https://registry.npmjs.org/debug/-/debug-3.2.7.tgz 1364ms (cache miss)
4221 http fetch GET 200 https://registry.npmjs.org/resolve/-/resolve-1.22.12.tgz 1371ms (cache miss)
4222 http fetch GET 200 https://registry.npmjs.org/debug/-/debug-3.2.7.tgz 1370ms (cache miss)
4223 http fetch GET 200 https://registry.npmjs.org/ignore/-/ignore-7.0.5.tgz 1370ms (cache miss)
4224 http fetch GET 200 https://registry.npmjs.org/eslint-visitor-keys/-/eslint-visitor-keys-5.0.1.tgz 1371ms (cache miss)
4225 http fetch GET 200 https://registry.npmjs.org/semver/-/semver-6.3.1.tgz 1376ms (cache miss)
4226 http fetch GET 200 https://registry.npmjs.org/glob 1329ms (cache miss)
4227 silly packumentCache corgi:https://registry.npmjs.org/glob set size:undefined disposed:false
4228 http fetch GET 200 https://registry.npmjs.org/postcss/-/postcss-8.4.31.tgz 1397ms (cache miss)
4229 http fetch GET 200 https://registry.npmjs.org/postcss 1356ms (cache miss)
4230 silly packumentCache corgi:https://registry.npmjs.org/postcss set size:undefined disposed:false
4231 http fetch GET 200 https://registry.npmjs.org/@next/mdx/-/mdx-14.2.35.tgz 1412ms (cache miss)
4232 http fetch GET 200 https://registry.npmjs.org/minimatch/-/minimatch-10.2.5.tgz 1418ms (cache miss)
4233 http fetch GET 200 https://registry.npmjs.org/katex/-/katex-0.16.45.tgz 1427ms (cache miss)
4234 http fetch GET 200 https://registry.npmjs.org/tailwindcss/-/tailwindcss-3.4.19.tgz 1451ms (cache miss)
4235 http fetch GET 200 https://registry.npmjs.org/resolve/-/resolve-1.22.12.tgz 1457ms (cache miss)
4236 http fetch GET 200 https://registry.npmjs.org/doctrine/-/doctrine-2.1.0.tgz 1483ms (cache miss)
4237 http fetch GET 200 https://registry.npmjs.org/typescript/-/typescript-5.9.3.tgz 1494ms (cache miss)
4238 http fetch GET 200 https://registry.npmjs.org/@next/swc-darwin-arm64/-/swc-darwin-arm64-14.2.33.tgz 1519ms (cache miss)
4239 http fetch GET 200 https://registry.npmjs.org/eslint-plugin-import/-/eslint-plugin-import-2.32.0.tgz 1510ms (cache miss)
4240 http fetch GET 200 https://registry.npmjs.org/minimatch/-/minimatch-9.0.9.tgz 1543ms (cache miss)
4241 http fetch GET 200 https://registry.npmjs.org/eslint/-/eslint-8.57.1.tgz 1553ms (cache miss)
4242 warn deprecated eslint@8.57.1: This version is no longer supported. Please see https://eslint.org/version-support for other options.
4243 http fetch GET 200 https://registry.npmjs.org/caniuse-lite/-/caniuse-lite-1.0.30001792.tgz 1623ms (cache miss)
4244 http fetch GET 200 https://registry.npmjs.org/es-abstract/-/es-abstract-1.24.2.tgz 1651ms (cache miss)
4245 http fetch GET 200 https://registry.npmjs.org/highlight.js/-/highlight.js-11.11.1.tgz 1756ms (cache miss)
4246 http fetch GET 200 https://registry.npmjs.org/next 1753ms (cache miss)
4247 silly packumentCache corgi:https://registry.npmjs.org/next set size:undefined disposed:false
4248 silly packumentCache corgi:https://registry.npmjs.org/@next%2feslint-plugin-next cache-miss
4249 http fetch GET 200 https://registry.npmjs.org/@next%2feslint-plugin-next 269ms (cache miss)
4250 silly packumentCache corgi:https://registry.npmjs.org/@next%2feslint-plugin-next set size:undefined disposed:false
4251 silly packumentCache corgi:https://registry.npmjs.org/eslint-config-next cache-miss
4252 http fetch GET 200 https://registry.npmjs.org/eslint-config-next 224ms (cache miss)
4253 silly packumentCache corgi:https://registry.npmjs.org/eslint-config-next set size:undefined disposed:false
4254 http fetch GET 200 https://registry.npmjs.org/next/-/next-14.2.35.tgz 6490ms (cache miss)
4255 info run fsevents@2.3.3 install node_modules/fsevents node-gyp rebuild
4256 info run fsevents@2.3.3 install { code: 1, signal: null }
4257 verbose reify failed optional dependency /Users/miguelfribeiro/Documents/SecLayer/node_modules/fsevents
4258 silly reify mark deleted [ '/Users/miguelfribeiro/Documents/SecLayer/node_modules/fsevents' ]
4259 info run unrs-resolver@1.11.1 postinstall node_modules/unrs-resolver napi-postinstall unrs-resolver 1.11.1 check
4260 info run unrs-resolver@1.11.1 postinstall { code: 0, signal: null }
4261 silly ADD node_modules/wrappy
4262 silly ADD node_modules/path-is-absolute
4263 silly ADD node_modules/once
4264 silly ADD node_modules/inherits
4265 silly ADD node_modules/inflight
4266 silly ADD node_modules/fs.realpath
4267 silly ADD node_modules/is-weakset
4268 silly ADD node_modules/is-weakmap
4269 silly ADD node_modules/is-map
4270 silly ADD node_modules/generator-function
4271 silly ADD node_modules/async-function
4272 silly ADD node_modules/which-collection
4273 silly ADD node_modules/is-generator-function
4274 silly ADD node_modules/is-finalizationregistry
4275 silly ADD node_modules/is-async-function
4276 silly ADD node_modules/is-number-object
4277 silly ADD node_modules/is-boolean-object
4278 silly ADD node_modules/is-bigint
4279 silly ADD node_modules/isexe
4280 silly ADD node_modules/punycode
4281 silly ADD node_modules/escalade
4282 silly ADD node_modules/napi-postinstall
4283 silly ADD node_modules/@unrs/resolver-binding-darwin-arm64
4284 silly ADD node_modules/trough
4285 silly ADD node_modules/is-plain-obj
4286 silly ADD node_modules/extend
4287 silly ADD node_modules/bail
4288 silly ADD node_modules/which-boxed-primitive
4289 silly ADD node_modules/has-bigints
4290 silly ADD node_modules/which-builtin-type
4291 silly ADD node_modules/reflect.getprototypeof
4292 silly ADD node_modules/for-each
4293 silly ADD node_modules/strip-bom
4294 silly ADD node_modules/minimist
4295 silly ADD node_modules/json5
4296 silly ADD node_modules/@types/json5
4297 silly ADD node_modules/is-number
4298 silly ADD node_modules/thenify
4299 silly ADD node_modules/thenify-all
4300 silly ADD node_modules/any-promise
4301 silly ADD node_modules/@jridgewell/resolve-uri
4302 silly ADD node_modules/@jridgewell/trace-mapping
4303 silly ADD node_modules/@jridgewell/sourcemap-codec
4304 silly ADD node_modules/ts-interface-checker
4305 silly ADD node_modules/pirates
4306 silly ADD node_modules/mz
4307 silly ADD node_modules/lines-and-columns
4308 silly ADD node_modules/@jridgewell/gen-mapping
4309 silly ADD node_modules/pify
4310 silly ADD node_modules/util-deprecate
4311 silly ADD node_modules/cssesc
4312 silly ADD node_modules/camelcase-css
4313 silly ADD node_modules/read-cache
4314 silly ADD node_modules/binary-extensions
4315 silly ADD node_modules/to-regex-range
4316 silly ADD node_modules/merge2
4317 silly ADD node_modules/fill-range
4318 silly ADD node_modules/picomatch
4319 silly ADD node_modules/readdirp
4320 silly ADD node_modules/is-binary-path
4321 silly ADD
4322 silly ADD node_modules/braces
4323 silly ADD node_modules/anymatch
4324 silly ADD node_modules/sucrase
4325 silly ADD node_modules/sucrase/node_modules/commander
4326 silly ADD node_modules/postcss-selector-parser
4327 silly ADD node_modules/postcss-nested
4328 silly ADD node_modules/postcss-load-config
4329 silly ADD node_modules/postcss-js
4330 silly ADD node_modules/postcss-import
4331 silly ADD node_modules/postcss-import/node_modules/resolve
4332 silly ADD node_modules/object-hash
4333 silly ADD node_modules/normalize-path
4334 silly ADD node_modules/micromatch
4335 silly ADD node_modules/lilconfig
4336 silly ADD node_modules/jiti
4337 silly ADD node_modules/fast-glob
4338 silly ADD node_modules/fast-glob/node_modules/glob-parent
4339 silly ADD node_modules/dlv
4340 silly ADD node_modules/didyoumean
4341 silly ADD node_modules/chokidar
4342 silly ADD node_modules/chokidar/node_modules/glob-parent
4343 silly ADD node_modules/arg
4344 silly ADD node_modules/@alloc/quick-lru
4345 silly ADD node_modules/has-flag
4346 silly ADD node_modules/client-only
4347 silly ADD node_modules/ansi-regex
4348 silly ADD node_modules/is-fullwidth-code-point
4349 silly ADD node_modules/eastasianwidth
4350 silly ADD node_modules/side-channel-weakmap
4351 silly ADD node_modules/side-channel-map
4352 silly ADD node_modules/side-channel-list
4353 silly ADD node_modules/shebang-regex
4354 silly ADD node_modules/isarray
4355 silly ADD node_modules/queue-microtask
4356 silly ADD node_modules/supports-preserve-symlinks-flag
4357 silly ADD node_modules/path-parse
4358 silly ADD node_modules/node-exports-info
4359 silly ADD node_modules/node-exports-info/node_modules/semver
4360 silly ADD node_modules/micromark-util-html-tag-name
4361 silly ADD node_modules/micromark-factory-whitespace
4362 silly ADD node_modules/micromark-factory-title
4363 silly ADD node_modules/micromark-factory-label
4364 silly ADD node_modules/micromark-factory-destination
4365 silly ADD node_modules/@types/ms
4366 silly ADD node_modules/micromark-util-subtokenize
4367 silly ADD node_modules/micromark-util-sanitize-uri
4368 silly ADD node_modules/micromark-util-resolve-all
4369 silly ADD node_modules/micromark-util-encode
4370 silly ADD node_modules/micromark-util-combine-extensions
4371 silly ADD node_modules/micromark-util-chunked
4372 silly ADD node_modules/micromark-util-character
4373 silly ADD node_modules/micromark-factory-space
4374 silly ADD node_modules/micromark-core-commonmark
4375 silly ADD node_modules/@types/debug
4376 silly ADD node_modules/unist-util-is
4377 silly ADD node_modules/zwitch
4378 silly ADD node_modules/micromark-util-classify-character
4379 silly ADD node_modules/mdast-util-phrasing
4380 silly ADD node_modules/character-entities
4381 silly ADD node_modules/unist-util-stringify-position
4382 silly ADD node_modules/micromark-util-types
4383 silly ADD node_modules/micromark-util-symbol
4384 silly ADD node_modules/micromark-util-normalize-identifier
4385 silly ADD node_modules/micromark-util-decode-string
4386 silly ADD node_modules/micromark-util-decode-numeric-character-reference
4387 silly ADD node_modules/micromark
4388 silly ADD node_modules/mdast-util-to-string
4389 silly ADD node_modules/decode-named-character-reference
4390 silly ADD node_modules/mdast-util-to-markdown
4391 silly ADD node_modules/mdast-util-from-markdown
4392 silly ADD node_modules/longest-streak
4393 silly ADD node_modules/unified
4394 silly ADD node_modules/micromark-extension-math
4395 silly ADD node_modules/mdast-util-math
4396 silly ADD node_modules/@types/mdast
4397 silly ADD node_modules/entities
4398 silly ADD node_modules/space-separated-tokens
4399 silly ADD node_modules/hast-util-parse-selector
4400 silly ADD node_modules/comma-separated-tokens
4401 silly ADD node_modules/vfile-location
4402 silly ADD node_modules/property-information
4403 silly ADD node_modules/vfile-message
4404 silly ADD node_modules/parse5
4405 silly ADD node_modules/hast-util-from-parse5
4406 silly ADD node_modules/web-namespaces
4407 silly ADD node_modules/hastscript
4408 silly ADD node_modules/unist-util-remove-position
4409 silly ADD node_modules/hast-util-from-html
4410 silly ADD node_modules/hast-util-from-dom
4411 silly ADD node_modules/unist-util-visit-parents
4412 silly ADD node_modules/hast-util-from-html-isomorphic
4413 silly ADD node_modules/@types/katex
4414 silly ADD node_modules/dequal
4415 silly ADD node_modules/devlop
4416 silly ADD node_modules/unist-util-find-after
4417 silly ADD node_modules/hast-util-is-element
4418 silly ADD node_modules/@types/unist
4419 silly ADD node_modules/vfile
4420 silly ADD node_modules/unist-util-visit
4421 silly ADD node_modules/lowlight
4422 silly ADD node_modules/hast-util-to-text
4423 silly ADD node_modules/@types/hast
4424 silly ADD node_modules/scheduler
4425 silly ADD node_modules/js-tokens
4426 silly ADD node_modules/react-is
4427 silly ADD node_modules/object-assign
4428 silly ADD node_modules/loose-envify
4429 silly ADD node_modules/source-map-js
4430 silly ADD node_modules/nanoid
4431 silly ADD node_modules/lru-cache
4432 silly ADD node_modules/callsites
4433 silly ADD node_modules/yocto-queue
4434 silly ADD node_modules/p-limit
4435 silly ADD node_modules/word-wrap
4436 silly ADD node_modules/fast-levenshtein
4437 silly ADD node_modules/deep-is
4438 silly ADD node_modules/streamsearch
4439 silly ADD node_modules/tslib
4440 silly ADD node_modules/@swc/counter
4441 silly ADD node_modules/styled-jsx
4442 silly ADD node_modules/graceful-fs
4443 silly ADD node_modules/busboy
4444 silly ADD node_modules/@swc/helpers
4445 silly ADD node_modules/@next/swc-darwin-arm64
4446 silly ADD node_modules/@next/env
4447 silly ADD node_modules/concat-map
4448 silly ADD node_modules/balanced-match
4449 silly ADD node_modules/brace-expansion
4450 silly ADD node_modules/p-locate
4451 silly ADD node_modules/type-check
4452 silly ADD node_modules/prelude-ls
4453 silly ADD node_modules/language-subtag-registry
4454 silly ADD node_modules/json-buffer
4455 silly ADD node_modules/commander
4456 silly ADD node_modules/argparse
4457 silly ADD node_modules/wrap-ansi-cjs
4458 silly ADD node_modules/wrap-ansi-cjs/node_modules/emoji-regex
4459 silly ADD node_modules/wrap-ansi-cjs/node_modules/string-width
4460 silly ADD node_modules/wrap-ansi
4461 silly ADD node_modules/wrap-ansi/node_modules/ansi-regex
4462 silly ADD node_modules/wrap-ansi/node_modules/strip-ansi
4463 silly ADD node_modules/wrap-ansi/node_modules/ansi-styles
4464 silly ADD node_modules/strip-ansi-cjs
4465 silly ADD node_modules/string-width-cjs
4466 silly ADD node_modules/string-width-cjs/node_modules/emoji-regex
4467 silly ADD node_modules/string-width
4468 silly ADD node_modules/string-width/node_modules/ansi-regex
4469 silly ADD node_modules/string-width/node_modules/strip-ansi
4470 silly ADD node_modules/@pkgjs/parseargs
4471 silly ADD node_modules/@isaacs/cliui
4472 silly ADD node_modules/@isaacs/cliui/node_modules/ansi-regex
4473 silly ADD node_modules/@isaacs/cliui/node_modules/strip-ansi
4474 silly ADD node_modules/set-function-name
4475 silly ADD node_modules/is-extglob
4476 silly ADD node_modules/side-channel
4477 silly ADD node_modules/resolve-from
4478 silly ADD node_modules/parent-module
4479 silly ADD node_modules/type-fest
4480 silly ADD node_modules/signal-exit
4481 silly ADD node_modules/path-scurry
4482 silly ADD node_modules/minipass
4483 silly ADD node_modules/jackspeak
4484 silly ADD node_modules/foreground-child
4485 silly ADD node_modules/resolve-pkg-maps
4486 silly ADD node_modules/dunder-proto
4487 silly ADD node_modules/functions-have-names
4488 silly ADD node_modules/rimraf
4489 silly ADD node_modules/rimraf/node_modules/glob
4490 silly ADD node_modules/keyv
4491 silly ADD node_modules/flatted
4492 silly ADD node_modules/path-exists
4493 silly ADD node_modules/locate-path
4494 silly ADD node_modules/flat-cache
4495 silly ADD node_modules/reusify
4496 silly ADD node_modules/acorn-jsx
4497 silly ADD node_modules/acorn
4498 silly ADD node_modules/esrecurse
4499 silly ADD node_modules/iterator.prototype
4500 silly ADD node_modules/string.prototype.repeat
4501 silly ADD node_modules/string.prototype.matchall
4502 silly ADD node_modules/prop-types
4503 silly ADD node_modules/object.entries
4504 silly ADD node_modules/estraverse
4505 silly ADD node_modules/es-iterator-helpers
4506 silly ADD node_modules/array.prototype.tosorted
4507 silly ADD node_modules/array.prototype.findlast
4508 silly ADD node_modules/string.prototype.includes
4509 silly ADD node_modules/language-tags
4510 silly ADD node_modules/jsx-ast-utils
4511 silly ADD node_modules/emoji-regex
4512 silly ADD node_modules/damerau-levenshtein
4513 silly ADD node_modules/axobject-query
4514 silly ADD node_modules/axe-core
4515 silly ADD node_modules/ast-types-flow
4516 silly ADD node_modules/aria-query
4517 silly ADD node_modules/is-symbol
4518 silly ADD node_modules/is-date-object
4519 silly ADD node_modules/has-tostringtag
4520 silly ADD node_modules/possible-typed-array-names
4521 silly ADD node_modules/which-typed-array
4522 silly ADD node_modules/unbox-primitive
4523 silly ADD node_modules/typed-array-length
4524 silly ADD node_modules/typed-array-byte-offset
4525 silly ADD node_modules/typed-array-byte-length
4526 silly ADD node_modules/typed-array-buffer
4527 silly ADD node_modules/string.prototype.trimstart
4528 silly ADD node_modules/string.prototype.trim
4529 silly ADD node_modules/stop-iteration-iterator
4530 silly ADD node_modules/set-proto
4531 silly ADD node_modules/safe-regex-test
4532 silly ADD node_modules/safe-push-apply
4533 silly ADD node_modules/safe-array-concat
4534 silly ADD node_modules/regexp.prototype.flags
4535 silly ADD node_modules/own-keys
4536 silly ADD node_modules/object.assign
4537 silly ADD node_modules/object-inspect
4538 silly ADD node_modules/is-weakref
4539 silly ADD node_modules/is-typed-array
4540 silly ADD node_modules/is-shared-array-buffer
4541 silly ADD node_modules/is-set
4542 silly ADD node_modules/is-regex
4543 silly ADD node_modules/is-negative-zero
4544 silly ADD node_modules/is-data-view
4545 silly ADD node_modules/is-callable
4546 silly ADD node_modules/is-array-buffer
4547 silly ADD node_modules/internal-slot
4548 silly ADD node_modules/has-symbols
4549 silly ADD node_modules/has-proto
4550 silly ADD node_modules/globalthis
4551 silly ADD node_modules/get-symbol-description
4552 silly ADD node_modules/get-proto
4553 silly ADD node_modules/function.prototype.name
4554 silly ADD node_modules/es-to-primitive
4555 silly ADD node_modules/es-set-tostringtag
4556 silly ADD node_modules/data-view-byte-offset
4557 silly ADD node_modules/data-view-byte-length
4558 silly ADD node_modules/data-view-buffer
4559 silly ADD node_modules/available-typed-arrays
4560 silly ADD node_modules/arraybuffer.prototype.slice
4561 silly ADD node_modules/array-buffer-byte-length
4562 silly ADD node_modules/gopd
4563 silly ADD node_modules/object-keys
4564 silly ADD node_modules/has-property-descriptors
4565 silly ADD node_modules/define-data-property
4566 silly ADD node_modules/function-bind
4567 silly ADD node_modules/set-function-length
4568 silly ADD node_modules/es-define-property
4569 silly ADD node_modules/call-bind-apply-helpers
4570 silly ADD node_modules/es-shim-unscopables
4571 silly ADD node_modules/es-errors
4572 silly ADD node_modules/math-intrinsics
4573 silly ADD node_modules/is-string
4574 silly ADD node_modules/get-intrinsic
4575 silly ADD node_modules/es-object-atoms
4576 silly ADD node_modules/es-abstract
4577 silly ADD node_modules/define-properties
4578 silly ADD node_modules/call-bound
4579 silly ADD node_modules/call-bind
4580 silly ADD node_modules/tsconfig-paths
4581 silly ADD node_modules/string.prototype.trimend
4582 silly ADD node_modules/object.values
4583 silly ADD node_modules/object.groupby
4584 silly ADD node_modules/object.fromentries
4585 silly ADD node_modules/hasown
4586 silly ADD node_modules/eslint-module-utils
4587 silly ADD node_modules/eslint-module-utils/node_modules/debug
4588 silly ADD node_modules/array.prototype.flatmap
4589 silly ADD node_modules/array.prototype.flat
4590 silly ADD node_modules/array.prototype.findlastindex
4591 silly ADD node_modules/array-includes
4592 silly ADD node_modules/@rtsao/scc
4593 silly ADD node_modules/unrs-resolver
4594 silly ADD node_modules/stable-hash
4595 silly ADD node_modules/is-bun-module
4596 silly ADD node_modules/get-tsconfig
4597 silly ADD node_modules/@nolyfill/is-core-module
4598 silly ADD node_modules/resolve
4599 silly ADD node_modules/is-core-module
4600 silly ADD node_modules/tinyglobby
4601 silly ADD node_modules/tinyglobby/node_modules/picomatch
4602 silly ADD node_modules/tinyglobby/node_modules/fdir
4603 silly ADD node_modules/semver
4604 silly ADD node_modules/@typescript-eslint/tsconfig-utils
4605 silly ADD node_modules/@typescript-eslint/project-service
4606 silly ADD node_modules/@typescript-eslint/typescript-estree
4607 silly ADD node_modules/@typescript-eslint/typescript-estree/node_modules/balanced-match
4608 silly ADD node_modules/@typescript-eslint/typescript-estree/node_modules/brace-expansion
4609 silly ADD node_modules/@typescript-eslint/typescript-estree/node_modules/minimatch
4610 silly ADD node_modules/@typescript-eslint/types
4611 silly ADD node_modules/ts-api-utils
4612 silly ADD node_modules/@typescript-eslint/visitor-keys
4613 silly ADD node_modules/@typescript-eslint/visitor-keys/node_modules/eslint-visitor-keys
4614 silly ADD node_modules/@typescript-eslint/utils
4615 silly ADD node_modules/@typescript-eslint/type-utils
4616 silly ADD node_modules/@typescript-eslint/scope-manager
4617 silly ADD node_modules/glob
4618 silly ADD node_modules/glob/node_modules/brace-expansion
4619 silly ADD node_modules/glob/node_modules/minimatch
4620 silly ADD node_modules/eslint-plugin-react-hooks
4621 silly ADD node_modules/eslint-plugin-react
4622 silly ADD node_modules/eslint-plugin-react/node_modules/semver
4623 silly ADD node_modules/eslint-plugin-react/node_modules/doctrine
4624 silly ADD node_modules/eslint-plugin-jsx-a11y
4625 silly ADD node_modules/eslint-plugin-import
4626 silly ADD node_modules/eslint-plugin-import/node_modules/semver
4627 silly ADD node_modules/eslint-plugin-import/node_modules/doctrine
4628 silly ADD node_modules/eslint-plugin-import/node_modules/debug
4629 silly ADD node_modules/eslint-import-resolver-typescript
4630 silly ADD node_modules/eslint-import-resolver-node
4631 silly ADD node_modules/eslint-import-resolver-node/node_modules/debug
4632 silly ADD node_modules/@typescript-eslint/parser
4633 silly ADD node_modules/@typescript-eslint/eslint-plugin
4634 silly ADD node_modules/@typescript-eslint/eslint-plugin/node_modules/ignore
4635 silly ADD node_modules/@rushstack/eslint-patch
4636 silly ADD node_modules/@next/eslint-plugin-next
4637 silly ADD node_modules/ms
4638 silly ADD node_modules/which
4639 silly ADD node_modules/shebang-command
4640 silly ADD node_modules/path-key
4641 silly ADD node_modules/color-name
4642 silly ADD node_modules/color-convert
4643 silly ADD node_modules/supports-color
4644 silly ADD node_modules/ansi-styles
4645 silly ADD node_modules/uri-js
4646 silly ADD node_modules/json-schema-traverse
4647 silly ADD node_modules/fast-json-stable-stringify
4648 silly ADD node_modules/run-parallel
4649 silly ADD node_modules/@nodelib/fs.stat
4650 silly ADD node_modules/fastq
4651 silly ADD node_modules/@nodelib/fs.scandir
4652 silly ADD node_modules/@humanwhocodes/object-schema
4653 silly ADD node_modules/strip-json-comments
4654 silly ADD node_modules/import-fresh
4655 silly ADD node_modules/text-table
4656 silly ADD node_modules/strip-ansi
4657 silly ADD node_modules/optionator
4658 silly ADD node_modules/natural-compare
4659 silly ADD node_modules/minimatch
4660 silly ADD node_modules/lodash.merge
4661 silly ADD node_modules/levn
4662 silly ADD node_modules/json-stable-stringify-without-jsonify
4663 silly ADD node_modules/js-yaml
4664 silly ADD node_modules/is-path-inside
4665 silly ADD node_modules/is-glob
4666 silly ADD node_modules/imurmurhash
4667 silly ADD node_modules/ignore
4668 silly ADD node_modules/graphemer
4669 silly ADD node_modules/globals
4670 silly ADD node_modules/glob-parent
4671 silly ADD node_modules/find-up
4672 silly ADD node_modules/file-entry-cache
4673 silly ADD node_modules/fast-deep-equal
4674 silly ADD node_modules/esutils
4675 silly ADD node_modules/esquery
4676 silly ADD node_modules/espree
4677 silly ADD node_modules/eslint-visitor-keys
4678 silly ADD node_modules/eslint-scope
4679 silly ADD node_modules/escape-string-regexp
4680 silly ADD node_modules/doctrine
4681 silly ADD node_modules/debug
4682 silly ADD node_modules/cross-spawn
4683 silly ADD node_modules/chalk
4684 silly ADD node_modules/ajv
4685 silly ADD node_modules/@ungap/structured-clone
4686 silly ADD node_modules/@nodelib/fs.walk
4687 silly ADD node_modules/@humanwhocodes/module-importer
4688 silly ADD node_modules/@humanwhocodes/config-array
4689 silly ADD node_modules/@eslint/js
4690 silly ADD node_modules/@eslint/eslintrc
4691 silly ADD node_modules/@eslint-community/regexpp
4692 silly ADD node_modules/@eslint-community/eslint-utils
4693 silly ADD node_modules/update-browserslist-db
4694 silly ADD node_modules/node-releases
4695 silly ADD node_modules/electron-to-chromium
4696 silly ADD node_modules/baseline-browser-mapping
4697 silly ADD node_modules/postcss-value-parser
4698 silly ADD node_modules/picocolors
4699 silly ADD node_modules/fraction.js
4700 silly ADD node_modules/caniuse-lite
4701 silly ADD node_modules/browserslist
4702 silly ADD node_modules/csstype
4703 silly ADD node_modules/@types/prop-types
4704 silly ADD node_modules/undici-types
4705 silly ADD node_modules/source-map
4706 silly ADD node_modules/@types/mdx
4707 silly ADD node_modules/typescript
4708 silly ADD node_modules/tailwindcss
4709 silly ADD node_modules/tailwindcss/node_modules/resolve
4710 silly ADD node_modules/remark-math
4711 silly ADD node_modules/rehype-katex
4712 silly ADD node_modules/rehype-highlight
4713 silly ADD node_modules/react-dom
4714 silly ADD node_modules/next
4715 silly ADD node_modules/next/node_modules/postcss
4716 silly ADD node_modules/katex
4717 silly ADD node_modules/highlight.js
4718 silly ADD node_modules/eslint-config-next
4719 silly ADD node_modules/eslint
4720 silly ADD node_modules/postcss
4721 silly ADD node_modules/autoprefixer
4722 silly ADD node_modules/@types/react-dom
4723 silly ADD node_modules/@types/node
4724 silly ADD node_modules/@next/mdx
4725 silly ADD node_modules/react
4726 silly ADD node_modules/@types/react
4727 silly ADD node_modules/@mdx-js/react
4728 verbose cwd /Users/miguelfribeiro/Documents/SecLayer
4729 verbose os Darwin 25.4.0
4730 verbose node v22.17.0
4731 verbose npm  v11.8.0
4732 notice
4732 notice New minor version of npm available! 11.8.0 -> 11.14.1
4732 notice Changelog: https://github.com/npm/cli/releases/tag/v11.14.1
4732 notice To update run: npm install -g npm@11.14.1
4732 notice  { force: true, [Symbol(proc-log.meta)]: true }
4733 verbose exit 0
4734 info ok
